surfaces,degree,parity,index,omega2_s_minus2,relative_residual,mass_orthogonality
8,1,1,1,   2.3163967530049248E+00,   1.7614628489870170E-16,   1.5543122344752192E-15
8,1,1,2,   2.3203810566636043E+00,   7.8039429563488508E-16,   1.5543122344752192E-15
8,1,1,3,   2.3244420298157533E+00,   9.7959192835878894E-16,   1.5543122344752192E-15
8,1,1,4,   2.3285245213199151E+00,   1.3586830987843824E-15,   1.5543122344752192E-15
8,1,1,5,   2.3326281851937058E+00,   1.3746028584459270E-15,   1.5543122344752192E-15
8,1,1,6,   2.3367541476385938E+00,   1.1955447940422576E-15,   1.5543122344752192E-15
8,1,1,7,   2.3409024525558588E+00,   2.0317842517525102E-15,   1.5543122344752192E-15
8,1,1,8,   2.3450728220704029E+00,   3.2875960510261632E-15,   1.5543122344752192E-15
8,1,1,9,   1.1079535759819577E+04,   3.7455901653779423E-17,   1.5543122344752192E-15
8,1,1,10,   1.1098315144095512E+04,   1.0870514326879664E-16,   1.5543122344752192E-15
8,1,1,11,   1.1117655752548628E+04,   1.2075954743736252E-16,   1.5543122344752192E-15
8,1,1,12,   1.1137296066742569E+04,   1.6976131200019033E-16,   1.5543122344752192E-15
8,1,1,13,   1.1157248678771724E+04,   2.4047078092893405E-16,   1.5543122344752192E-15
8,1,1,14,   1.1177578815027673E+04,   2.4157735677648247E-16,   1.5543122344752192E-15
8,1,1,15,   1.1198503921805313E+04,   2.8306789748114654E-16,   1.5543122344752192E-15
8,1,1,16,   2.8062003747743048E+07,   2.8418682461243916E-16,   1.5543122344752192E-15
8,1,1,17,   1.0191425922317754E+08,   7.1148860871710088E-17,   1.5543122344752192E-15
8,1,1,18,   1.9408301890318522E+08,   2.3168128341878512E-17,   1.5543122344752192E-15
8,1,1,19,   3.0720237470212042E+08,   1.7120087053958783E-17,   1.5543122344752192E-15
8,1,1,20,   5.3014022775386947E+08,   1.2593399588538385E-17,   1.5543122344752192E-15
8,1,1,21,   9.2151263991692424E+08,   6.6325852621492587E-18,   1.5543122344752192E-15
8,1,1,22,   1.5714087394652867E+09,   2.8372892094221766E-18,   1.5543122344752192E-15
8,1,1,23,   2.7115813536563468E+09,   3.3743883329367660E-18,   1.5543122344752192E-15
8,1,2,1,   2.3163967485708774E+00,   4.1322114660343575E-16,   1.5543122344752192E-15
8,1,2,2,   2.3203810760416377E+00,   4.3286574729762118E-16,   1.5543122344752192E-15
8,1,2,3,   2.3244420070017284E+00,   3.2192323774717726E-16,   1.5543122344752192E-15
8,1,2,4,   2.3285245255604710E+00,   1.4002626958133646E-15,   1.5543122344752192E-15
8,1,2,5,   2.3326282913793897E+00,   7.8545395952792793E-16,   1.5543122344752192E-15
8,1,2,6,   2.3367543877835790E+00,   1.3815404881443353E-15,   1.5543122344752192E-15
8,1,2,7,   2.3409025812887481E+00,   2.7431813786282000E-15,   1.5543122344752192E-15
8,1,2,8,   2.3450729031567108E+00,   3.7650691250169120E-15,   1.5543122344752192E-15
8,1,2,9,   1.1079535759747569E+04,   5.0503973977512453E-17,   1.5543122344752192E-15
8,1,2,10,   1.1098315144087364E+04,   6.9496561905585454E-17,   1.5543122344752192E-15
8,1,2,11,   1.1117655752634741E+04,   1.4919402487483026E-16,   1.5543122344752192E-15
8,1,2,12,   1.1137296066807045E+04,   1.9729051105206058E-16,   1.5543122344752192E-15
8,1,2,13,   1.1157248678799329E+04,   1.3257448095603578E-16,   1.5543122344752192E-15
8,1,2,14,   1.1177578815063578E+04,   2.2989653105315986E-16,   1.5543122344752192E-15
8,1,2,15,   1.1198503921842424E+04,   3.6274462440751444E-16,   1.5543122344752192E-15
8,1,2,16,   2.8062003747743018E+07,   2.4218562020557360E-16,   1.5543122344752192E-15
8,1,2,17,   1.0191425922317781E+08,   3.7207493032618878E-17,   1.5543122344752192E-15
8,1,2,18,   1.9408301890318549E+08,   3.1221377721432162E-17,   1.5543122344752192E-15
8,1,2,19,   3.0720237470212078E+08,   1.7430007331926798E-17,   1.5543122344752192E-15
8,1,2,20,   5.3014022775386977E+08,   1.3018051673715527E-17,   1.5543122344752192E-15
8,1,2,21,   9.2151263991692448E+08,   6.5682260118689283E-18,   1.5543122344752192E-15
8,1,2,22,   1.5714087394652879E+09,   5.3494142279007110E-18,   1.5543122344752192E-15
8,1,2,23,   2.7115813536563482E+09,   4.1566002630211363E-18,   1.5543122344752192E-15
8,2,1,1,   2.3152660592293461E+00,   2.4286874548410374E-16,   1.9984014443252818E-15
8,2,1,2,   2.3175159198477648E+00,   2.1171178663895750E-16,   1.9984014443252818E-15
8,2,1,3,   2.3192131169157086E+00,   5.2301938583949816E-16,   1.9984014443252818E-15
8,2,1,4,   2.3215511503380717E+00,   1.3380845543497621E-15,   1.9984014443252818E-15
8,2,1,5,   2.3232677673514401E+00,   9.3566003339005805E-16,   1.9984014443252818E-15
8,2,1,6,   2.3256185238227673E+00,   1.4939885709848498E-15,   1.9984014443252818E-15
8,2,1,7,   2.3273439060891001E+00,   1.1863095767659087E-15,   1.9984014443252818E-15
8,2,1,8,   2.3297066261775572E+00,   2.0330240502330557E-15,   1.9984014443252818E-15
8,2,1,9,   2.3314416100828015E+00,   1.9486800188109085E-15,   1.9984014443252818E-15
8,2,1,10,   2.3338162757544829E+00,   4.3322930138437842E-15,   1.9984014443252818E-15
8,2,1,11,   2.3355610180216377E+00,   3.5852401160126748E-15,   1.9984014443252818E-15
8,2,1,12,   2.3379489710225787E+00,   3.0291656378690909E-15,   1.9984014443252818E-15
8,2,1,13,   2.3397045655454205E+00,   5.4775583708937464E-15,   1.9984014443252818E-15
8,2,1,14,   2.3421022081135954E+00,   4.7909929695602428E-15,   1.9984014443252818E-15
8,2,1,15,   2.3438684655325672E+00,   5.4955009630253361E-15,   1.9984014443252818E-15
8,2,1,16,   2.3462832772238071E+00,   7.0478738173962005E-15,   1.9984014443252818E-15
8,2,1,17,   1.1070213577396946E+04,   4.3098668571494089E-17,   1.9984014443252818E-15
8,2,1,18,   1.1077458959752590E+04,   9.5997563166860610E-17,   1.9984014443252818E-15
8,2,1,19,   1.1087982748879194E+04,   8.9751073533222140E-17,   1.9984014443252818E-15
8,2,1,20,   1.1096557852243017E+04,   1.6755285474211098E-16,   1.9984014443252818E-15
8,2,1,21,   1.1107086814040675E+04,   2.4787798141644385E-16,   1.9984014443252818E-15
8,2,1,22,   1.1115961823660868E+04,   3.2811371578245333E-16,   1.9984014443252818E-15
8,2,1,23,   1.1126518204193419E+04,   4.6989051733029959E-16,   1.9984014443252818E-15
8,2,1,24,   1.1135552819048080E+04,   6.1118916505770018E-16,   1.9984014443252818E-15
8,2,1,25,   1.1146202851252123E+04,   4.4871100412624086E-16,   1.9984014443252818E-15
8,2,1,26,   1.1155327089984952E+04,   3.4921656005878395E-16,   1.9984014443252818E-15
8,2,1,27,   1.1166141925755705E+04,   4.4127754384234213E-16,   1.9984014443252818E-15
8,2,1,28,   1.1175308423018561E+04,   5.5609468708487740E-16,   1.9984014443252818E-15
8,2,1,29,   1.1186391925814551E+04,   7.2128751829153335E-16,   1.9984014443252818E-15
8,2,1,30,   1.1195580222276827E+04,   8.8070388422058865E-16,   1.9984014443252818E-15
8,2,1,31,   1.1207248393752157E+04,   9.2626242596112717E-16,   1.9984014443252818E-15
8,2,1,32,   2.8107905992960222E+07,   3.0284941244777518E-16,   1.9984014443252818E-15
8,2,1,33,   1.0228561632918055E+08,   1.1136116994393956E-16,   1.9984014443252818E-15
8,2,1,34,   2.0488509381473225E+08,   4.6918867103328758E-17,   1.9984014443252818E-15
8,2,1,35,   3.3298441526732683E+08,   3.0876185012690059E-17,   1.9984014443252818E-15
8,2,1,36,   4.4739706158880240E+08,   1.5683071059844045E-17,   1.9984014443252818E-15
8,2,1,37,   6.1133784958686376E+08,   1.4629934105856115E-17,   1.9984014443252818E-15
8,2,1,38,   9.0414222283844268E+08,   9.8637817656857402E-18,   1.9984014443252818E-15
8,2,1,39,   1.3049769292945914E+09,   1.0725980114099775E-17,   1.9984014443252818E-15
8,2,1,40,   1.6988375921015792E+09,   5.8165836003526550E-18,   1.9984014443252818E-15
8,2,1,41,   2.4786193270058990E+09,   5.4595318239965461E-18,   1.9984014443252818E-15
8,2,1,42,   3.1180094756467423E+09,   4.4083894423748819E-18,   1.9984014443252818E-15
8,2,1,43,   4.2988281614055233E+09,   2.2372827767621794E-18,   1.9984014443252818E-15
8,2,1,44,   5.8622002672004042E+09,   2.0790265816387633E-18,   1.9984014443252818E-15
8,2,1,45,   7.9692955482994242E+09,   1.3335964597973891E-18,   1.9984014443252818E-15
8,2,1,46,   1.1009228116159761E+10,   1.3528654056192355E-18,   1.9984014443252818E-15
8,2,1,47,   1.5843962860135052E+10,   1.1431421571268570E-18,   1.9984014443252818E-15
8,2,2,1,   2.3152660658992508E+00,   3.4173569013368041E-16,   1.9984014443252818E-15
8,2,2,2,   2.3175159061374346E+00,   2.9961425631560865E-16,   1.9984014443252818E-15
8,2,2,3,   2.3192131522205335E+00,   5.2694528428232884E-16,   1.9984014443252818E-15
8,2,2,4,   2.3215513030203079E+00,   1.3378432472394671E-15,   1.9984014443252818E-15
8,2,2,5,   2.3232679694248040E+00,   6.9556754984441496E-16,   1.9984014443252818E-15
8,2,2,6,   2.3256186414659501E+00,   6.0212445155847262E-16,   1.9984014443252818E-15
8,2,2,7,   2.3273443827307241E+00,   1.3592578770446990E-15,   1.9984014443252818E-15
8,2,2,8,   2.3297070181623587E+00,   1.6291989353798469E-15,   1.9984014443252818E-15
8,2,2,9,   2.3314418175532432E+00,   2.3310560469069324E-15,   1.9984014443252818E-15
8,2,2,10,   2.3338173593494900E+00,   2.0835537454130967E-15,   1.9984014443252818E-15
8,2,2,11,   2.3355619936540917E+00,   4.4137154997808476E-15,   1.9984014443252818E-15
8,2,2,12,   2.3379492554836574E+00,   2.1325378852431132E-15,   1.9984014443252818E-15
8,2,2,13,   2.3397037249698438E+00,   3.7080431940210737E-15,   1.9984014443252818E-15
8,2,2,14,   2.3421049985353743E+00,   4.2761840978406022E-15,   1.9984014443252818E-15
8,2,2,15,   2.3438649292653033E+00,   4.6046397109793794E-15,   1.9984014443252818E-15
8,2,2,16,   2.3462795001223746E+00,   2.5273387083744555E-15,   1.9984014443252818E-15
8,2,2,17,   1.1070213577258366E+04,   3.7557631921575650E-17,   1.9984014443252818E-15
8,2,2,18,   1.1077458959807627E+04,   4.4829445637050671E-17,   1.9984014443252818E-15
8,2,2,19,   1.1087982748801091E+04,   9.0298840271085278E-17,   1.9984014443252818E-15
8,2,2,20,   1.1096557852193338E+04,   2.1965206289071827E-16,   1.9984014443252818E-15
8,2,2,21,   1.1107086813822556E+04,   2.6183843928846390E-16,   1.9984014443252818E-15
8,2,2,22,   1.1115961823651522E+04,   2.7636076994973652E-16,   1.9984014443252818E-15
8,2,2,23,   1.1126518204175116E+04,   2.5854915109726646E-16,   1.9984014443252818E-15
8,2,2,24,   1.1135552819032982E+04,   3.9833437311123019E-16,   1.9984014443252818E-15
8,2,2,25,   1.1146202851228236E+04,   4.1218031684149887E-16,   1.9984014443252818E-15
8,2,2,26,   1.1155327089988672E+04,   7.0691305455415753E-16,   1.9984014443252818E-15
8,2,2,27,   1.1166141925818953E+04,   5.4327318285416607E-16,   1.9984014443252818E-15
8,2,2,28,   1.1175308423009690E+04,   9.2411279753654677E-16,   1.9984014443252818E-15
8,2,2,29,   1.1186391925821494E+04,   5.5877951351432728E-16,   1.9984014443252818E-15
8,2,2,30,   1.1195580222228411E+04,   7.5993780819123166E-16,   1.9984014443252818E-15
8,2,2,31,   1.1207248393945494E+04,   5.2323900470377324E-16,   1.9984014443252818E-15
8,2,2,32,   2.8107905992960356E+07,   5.5862266991688966E-16,   1.9984014443252818E-15
8,2,2,33,   1.0228561632918113E+08,   2.1324507150911316E-16,   1.9984014443252818E-15
8,2,2,34,   2.0488509381473264E+08,   7.9503303204570533E-17,   1.9984014443252818E-15
8,2,2,35,   3.3298441526732713E+08,   3.0799087387642702E-17,   1.9984014443252818E-15
8,2,2,36,   4.4739706158880270E+08,   1.7622811233712395E-17,   1.9984014443252818E-15
8,2,2,37,   6.1133784958686399E+08,   1.6236645712746089E-17,   1.9984014443252818E-15
8,2,2,38,   9.0414222283844209E+08,   1.1954604892464740E-17,   1.9984014443252818E-15
8,2,2,39,   1.3049769292945905E+09,   8.9742200446520254E-18,   1.9984014443252818E-15
8,2,2,40,   1.6988375921015792E+09,   5.9857902326423028E-18,   1.9984014443252818E-15
8,2,2,41,   2.4786193270058990E+09,   4.7589348094627478E-18,   1.9984014443252818E-15
8,2,2,42,   3.1180094756467381E+09,   3.6801428831383982E-18,   1.9984014443252818E-15
8,2,2,43,   4.2988281614055233E+09,   2.4614990530840104E-18,   1.9984014443252818E-15
8,2,2,44,   5.8622002672004099E+09,   2.2646343926825982E-18,   1.9984014443252818E-15
8,2,2,45,   7.9692955482994280E+09,   1.2229200601805839E-18,   1.9984014443252818E-15
8,2,2,46,   1.1009228116159769E+10,   1.4567155383480985E-18,   1.9984014443252818E-15
8,2,2,47,   1.5843962860135069E+10,   1.0565819338445253E-18,   1.9984014443252818E-15
8,3,1,1,   2.3148811744355164E+00,   1.4467439928919606E-16,   2.4424906541753444E-15
8,3,1,2,   2.3163645230261678E+00,   1.5211202222734009E-16,   2.4424906541753444E-15
8,3,1,3,   2.3179073097520009E+00,   3.0533462588276452E-16,   2.4424906541753444E-15
8,3,1,4,   2.3188146008369048E+00,   4.0409931496511798E-16,   2.4424906541753444E-15
8,3,1,5,   2.3203815889349486E+00,   3.2649233427392836E-16,   2.4424906541753444E-15
8,3,1,6,   2.3219519882477462E+00,   4.2089888602884940E-16,   2.4424906541753444E-15
8,3,1,7,   2.3228679825094840E+00,   1.1471062887999512E-15,   2.4424906541753444E-15
8,3,1,8,   2.3244426560187805E+00,   3.8111340562526286E-16,   2.4424906541753444E-15
8,3,1,9,   2.3260211605103325E+00,   4.7787861090616999E-16,   2.4424906541753444E-15
8,3,1,10,   2.3269421871176230E+00,   1.2611364794765208E-15,   2.4424906541753444E-15
8,3,1,11,   2.3285261510495761E+00,   1.9225345859581730E-15,   2.4424906541753444E-15
8,3,1,12,   2.3301126460335477E+00,   2.0132636244714084E-15,   2.4424906541753444E-15
8,3,1,13,   2.3310350239845250E+00,   2.8260380971760594E-15,   2.4424906541753444E-15
8,3,1,14,   2.3326316424504929E+00,   3.6846888722544932E-15,   2.4424906541753444E-15
8,3,1,15,   2.3342240395168403E+00,   2.1937740179444807E-15,   2.4424906541753444E-15
8,3,1,16,   2.3351591482142551E+00,   7.9614717102503309E-15,   2.4424906541753444E-15
8,3,1,17,   2.3367566720107904E+00,   3.6990554762802485E-15,   2.4424906541753444E-15
8,3,1,18,   2.3383600372453071E+00,   4.0122507906499570E-15,   2.4424906541753444E-15
8,3,1,19,   2.3392919025773904E+00,   7.1232315906120859E-15,   2.4424906541753444E-15
8,3,1,20,   2.3409034651690788E+00,   3.6905536731659522E-15,   2.4424906541753444E-15
8,3,1,21,   2.3425171998864944E+00,   6.0620221360609629E-15,   2.4424906541753444E-15
8,3,1,22,   2.3434440004714352E+00,   1.4961748849435197E-14,   2.4424906541753444E-15
8,3,1,23,   2.3450741129524486E+00,   2.5036444395316779E-15,   2.4424906541753444E-15
8,3,1,24,   2.3466933878810332E+00,   1.8443491361680926E-15,   2.4424906541753444E-15
8,3,1,25,   1.1065899810181645E+04,   1.1036313268922022E-17,   2.4424906541753444E-15
8,3,1,26,   1.1072817463609394E+04,   2.8194793094337360E-17,   2.4424906541753444E-15
8,3,1,27,   1.1076837547611382E+04,   6.6288655381890667E-17,   2.4424906541753444E-15
8,3,1,28,   1.1083251073044359E+04,   8.0351285654908186E-17,   2.4424906541753444E-15
8,3,1,29,   1.1091290899896796E+04,   1.2087144230838600E-16,   2.4424906541753444E-15
8,3,1,30,   1.1096076398110150E+04,   1.9191228285828539E-16,   2.4424906541753444E-15
8,3,1,31,   1.1102342200181110E+04,   1.4394758556835729E-16,   2.4424906541753444E-15
8,3,1,32,   1.1110568386793084E+04,   1.6008323777081429E-16,   2.4424906541753444E-15
8,3,1,33,   1.1115511165714446E+04,   2.5384312318855249E-16,   2.4424906541753444E-15
8,3,1,34,   1.1121743581014256E+04,   1.4472638702346106E-16,   2.4424906541753444E-15
8,3,1,35,   1.1130071644006079E+04,   2.8187369065862037E-16,   2.4424906541753444E-15
8,3,1,36,   1.1135087400138056E+04,   5.1377024592364343E-16,   2.4424906541753444E-15
8,3,1,37,   1.1141359407083610E+04,   3.9301165917197831E-16,   2.4424906541753444E-15
8,3,1,38,   1.1149766117650604E+04,   5.0968589933866837E-16,   2.4424906541753444E-15
8,3,1,39,   1.1154805752755230E+04,   7.6268132554279286E-16,   2.4424906541753444E-15
8,3,1,40,   1.1161180606159454E+04,   7.1128576239422001E-16,   2.4424906541753444E-15
8,3,1,41,   1.1169656882876579E+04,   8.4411643563997302E-16,   2.4424906541753444E-15
8,3,1,42,   1.1174679611059351E+04,   9.4126377887335629E-16,   2.4424906541753444E-15
8,3,1,43,   1.1181237335115473E+04,   6.3709849702615700E-16,   2.4424906541753444E-15
8,3,1,44,   1.1189784218499044E+04,   8.2384293943847940E-16,   2.4424906541753444E-15
8,3,1,45,   1.1194750833166207E+04,   1.2110200278742671E-15,   2.4424906541753444E-15
8,3,1,46,   1.1201665323580708E+04,   5.5948522474005418E-16,   2.4424906541753444E-15
8,3,1,47,   1.1210408799849576E+04,   7.0792172928652023E-16,   2.4424906541753444E-15
8,3,1,48,   2.8107862228484754E+07,   1.1083363832410877E-15,   2.4424906541753444E-15
8,3,1,49,   1.0228013416289531E+08,   4.5080311570878746E-16,   2.4424906541753444E-15
8,3,1,50,   2.0493872735385066E+08,   2.1426389063978722E-16,   2.4424906541753444E-15
8,3,1,51,   3.3873060938255936E+08,   9.3319411896173200E-17,   2.4424906541753444E-15
8,3,1,52,   5.0282813920050055E+08,   3.7645916599691890E-17,   2.4424906541753444E-15
8,3,1,53,   6.6967251309129035E+08,   1.1407097112125287E-17,   2.4424906541753444E-15
8,3,1,54,   8.0582213534310579E+08,   1.1398656912568418E-17,   2.4424906541753444E-15
8,3,1,55,   1.0558144038575161E+09,   1.5137202348127336E-17,   2.4424906541753444E-15
8,3,1,56,   1.3932994889794338E+09,   1.2534952511265619E-17,   2.4424906541753444E-15
8,3,1,57,   1.8246614049281240E+09,   1.2697290458340811E-17,   2.4424906541753444E-15
8,3,1,58,   2.3528850692647386E+09,   1.1243682785193672E-17,   2.4424906541753444E-15
8,3,1,59,   3.0275602073910151E+09,   9.8560926391708156E-18,   2.4424906541753444E-15
8,3,1,60,   3.8510432330814424E+09,   8.2393464005416298E-18,   2.4424906541753444E-15
8,3,1,61,   4.8039480406045475E+09,   4.4936897402965573E-18,   2.4424906541753444E-15
8,3,1,62,   5.5492078189127340E+09,   2.8212377796057045E-18,   2.4424906541753444E-15
8,3,1,63,   6.7245703270575991E+09,   3.6618469952479160E-18,   2.4424906541753444E-15
8,3,1,64,   8.8296533306175117E+09,   2.3199990607710489E-18,   2.4424906541753444E-15
8,3,1,65,   1.0477493935037352E+10,   8.4176163159585032E-19,   2.4424906541753444E-15
8,3,1,66,   1.3328177138172297E+10,   1.7477824675153490E-18,   2.4424906541753444E-15
8,3,1,67,   1.5651172019415218E+10,   1.2325405118954361E-18,   2.4424906541753444E-15
8,3,1,68,   2.0738934359036716E+10,   1.2312316413945295E-18,   2.4424906541753444E-15
8,3,1,69,   2.6768788835375980E+10,   1.0439297979637923E-18,   2.4424906541753444E-15
8,3,1,70,   3.4923394775242401E+10,   9.7137007290374680E-19,   2.4424906541753444E-15
8,3,1,71,   4.7499180930321541E+10,   6.5854130785532966E-19,   2.4424906541753444E-15
8,3,2,1,   2.3148812926918705E+00,   3.0064782674732771E-16,   3.5527136788005009E-15
8,3,2,2,   2.3163647077797789E+00,   2.0264280799958937E-16,   3.5527136788005009E-15
8,3,2,3,   2.3179074097182060E+00,   2.3507474684778861E-16,   3.5527136788005009E-15
8,3,2,4,   2.3188146100111982E+00,   2.8316425576332023E-16,   3.5527136788005009E-15
8,3,2,5,   2.3203812483818762E+00,   3.7627833633774443E-16,   3.5527136788005009E-15
8,3,2,6,   2.3219519219383051E+00,   5.3911109565068718E-16,   3.5527136788005009E-15
8,3,2,7,   2.3228671401419043E+00,   4.5907893719474243E-16,   3.5527136788005009E-15
8,3,2,8,   2.3244417656282117E+00,   7.1773402924091307E-16,   3.5527136788005009E-15
8,3,2,9,   2.3260209894355923E+00,   6.8336049220464598E-16,   3.5527136788005009E-15
8,3,2,10,   2.3269421652291875E+00,   1.4018878881532934E-15,   3.5527136788005009E-15
8,3,2,11,   2.3285254811877860E+00,   1.1898948500533335E-15,   3.5527136788005009E-15
8,3,2,12,   2.3301126707871878E+00,   1.7268042369548305E-15,   3.5527136788005009E-15
8,3,2,13,   2.3310359480591183E+00,   4.1069868781303735E-15,   3.5527136788005009E-15
8,3,2,14,   2.3326309774142784E+00,   5.1177859279213663E-15,   3.5527136788005009E-15
8,3,2,15,   2.3342228273783969E+00,   3.2981031416769356E-15,   3.5527136788005009E-15
8,3,2,16,   2.3351562022356833E+00,   4.6459475662896481E-15,   3.5527136788005009E-15
8,3,2,17,   2.3367569157278472E+00,   3.1187773548653957E-15,   3.5527136788005009E-15
8,3,2,18,   2.3383588168466742E+00,   4.0011059430497710E-15,   3.5527136788005009E-15
8,3,2,19,   2.3392936409655309E+00,   1.8581480062848706E-15,   3.5527136788005009E-15
8,3,2,20,   2.3409040141686694E+00,   3.1082078787710262E-15,   3.5527136788005009E-15
8,3,2,21,   2.3425198792638238E+00,   6.1098529108654119E-15,   3.5527136788005009E-15
8,3,2,22,   2.3434511939108633E+00,   5.3682202022965376E-15,   3.5527136788005009E-15
8,3,2,23,   2.3450738079033617E+00,   4.1763210707031581E-15,   3.5527136788005009E-15
8,3,2,24,   2.3467071845883996E+00,   1.3631425752827227E-14,   3.5527136788005009E-15
8,3,2,25,   1.1065899809915440E+04,   1.1107048607517288E-17,   3.5527136788005009E-15
8,3,2,26,   1.1072817463550628E+04,   3.2417316519804704E-17,   3.5527136788005009E-15
8,3,2,27,   1.1076837547749095E+04,   6.3299594947260272E-17,   3.5527136788005009E-15
8,3,2,28,   1.1083251072971338E+04,   1.0373003514601821E-16,   3.5527136788005009E-15
8,3,2,29,   1.1091290900026301E+04,   1.4630679199388836E-16,   3.5527136788005009E-15
8,3,2,30,   1.1096076398155752E+04,   2.4779743066334118E-16,   3.5527136788005009E-15
8,3,2,31,   1.1102342200137362E+04,   2.6079587284972785E-16,   3.5527136788005009E-15
8,3,2,32,   1.1110568386843437E+04,   2.5232347442866156E-16,   3.5527136788005009E-15
8,3,2,33,   1.1115511165730810E+04,   3.1284823122538470E-16,   3.5527136788005009E-15
8,3,2,34,   1.1121743580945355E+04,   5.0449064315650703E-16,   3.5527136788005009E-15
8,3,2,35,   1.1130071643913796E+04,   5.3087279726659605E-16,   3.5527136788005009E-15
8,3,2,36,   1.1135087400121667E+04,   4.8174724418751221E-16,   3.5527136788005009E-15
8,3,2,37,   1.1141359407113494E+04,   4.2282491709575566E-16,   3.5527136788005009E-15
8,3,2,38,   1.1149766117648251E+04,   7.4763073746306499E-16,   3.5527136788005009E-15
8,3,2,39,   1.1154805752730206E+04,   4.9698160861118143E-16,   3.5527136788005009E-15
8,3,2,40,   1.1161180606127506E+04,   4.0510432556222045E-16,   3.5527136788005009E-15
8,3,2,41,   1.1169656882833791E+04,   5.2052786687896263E-16,   3.5527136788005009E-15
8,3,2,42,   1.1174679611043675E+04,   5.6177659587378844E-16,   3.5527136788005009E-15
8,3,2,43,   1.1181237335088408E+04,   5.8541182231127020E-16,   3.5527136788005009E-15
8,3,2,44,   1.1189784218509118E+04,   3.7224171967139796E-16,   3.5527136788005009E-15
8,3,2,45,   1.1194750833177044E+04,   7.0510816366800892E-16,   3.5527136788005009E-15
8,3,2,46,   1.1201665323585037E+04,   6.1182190628610686E-16,   3.5527136788005009E-15
8,3,2,47,   1.1210408799827366E+04,   3.5215616238551034E-16,   3.5527136788005009E-15
8,3,2,48,   2.8107862228484627E+07,   6.3821427249397290E-16,   3.5527136788005009E-15
8,3,2,49,   1.0228013416289394E+08,   2.2320109769839710E-16,   3.5527136788005009E-15
8,3,2,50,   2.0493872735384983E+08,   1.3026823917147319E-16,   3.5527136788005009E-15
8,3,2,51,   3.3873060938255894E+08,   5.7267572322848672E-17,   3.5527136788005009E-15
8,3,2,52,   5.0282813920050061E+08,   2.0057476628510781E-17,   3.5527136788005009E-15
8,3,2,53,   6.6967251309129107E+08,   7.9937559585711342E-18,   3.5527136788005009E-15
8,3,2,54,   8.0582213534310675E+08,   9.9756795533308984E-18,   3.5527136788005009E-15
8,3,2,55,   1.0558144038575174E+09,   1.3428975068407552E-17,   3.5527136788005009E-15
8,3,2,56,   1.3932994889794338E+09,   1.3294016480968821E-17,   3.5527136788005009E-15
8,3,2,57,   1.8246614049281247E+09,   1.2696514598463660E-17,   3.5527136788005009E-15
8,3,2,58,   2.3528850692647352E+09,   1.0759259137875364E-17,   3.5527136788005009E-15
8,3,2,59,   3.0275602073910155E+09,   8.2924684613999700E-18,   3.5527136788005009E-15
8,3,2,60,   3.8510432330814390E+09,   6.8769742019218979E-18,   3.5527136788005009E-15
8,3,2,61,   4.8039480406045523E+09,   4.6413514955098280E-18,   3.5527136788005009E-15
8,3,2,62,   5.5492078189127359E+09,   2.6434245252666945E-18,   3.5527136788005009E-15
8,3,2,63,   6.7245703270575962E+09,   2.8786780201318242E-18,   3.5527136788005009E-15
8,3,2,64,   8.8296533306175175E+09,   2.8673876788378562E-18,   3.5527136788005009E-15
8,3,2,65,   1.0477493935037344E+10,   1.1929389384135444E-18,   3.5527136788005009E-15
8,3,2,66,   1.3328177138172306E+10,   2.4404494947641937E-18,   3.5527136788005009E-15
8,3,2,67,   1.5651172019415224E+10,   1.0025285512706828E-18,   3.5527136788005009E-15
8,3,2,68,   2.0738934359036736E+10,   1.0644411310264066E-18,   3.5527136788005009E-15
8,3,2,69,   2.6768788835376003E+10,   1.2026158547338681E-18,   3.5527136788005009E-15
8,3,2,70,   3.4923394775242416E+10,   8.1395133056368285E-19,   3.5527136788005009E-15
8,3,2,71,   4.7499180930321648E+10,   1.0102716562202224E-18,   3.5527136788005009E-15
8,4,1,1,   2.3147119309561086E+00,   2.0567000732809133E-16,   2.6645352591003757E-15
8,4,1,2,   2.3156884167102216E+00,   1.1251638360886335E-16,   2.6645352591003757E-15
8,4,1,3,   2.3170364991699790E+00,   1.0112369196427083E-16,   2.6645352591003757E-15
8,4,1,4,   2.3180804129311396E+00,   1.8969353770937824E-16,   2.6645352591003757E-15
8,4,1,5,   2.3186398465047260E+00,   2.5161348384406562E-16,   2.6645352591003757E-15
8,4,1,6,   2.3196935731541561E+00,   2.2480456426655637E-16,   2.6645352591003757E-15
8,4,1,7,   2.3210700318552822E+00,   2.5024299494107638E-16,   2.6645352591003757E-15
8,4,1,8,   2.3221275461235220E+00,   3.9962892158069004E-16,   2.6645352591003757E-15
8,4,1,9,   2.3226912784038114E+00,   9.5934902997131295E-16,   2.6645352591003757E-15
8,4,1,10,   2.3237507608754737E+00,   7.4963225919350105E-16,   2.6645352591003757E-15
8,4,1,11,   2.3251346290210422E+00,   6.9037329546061570E-16,   2.6645352591003757E-15
8,4,1,12,   2.3261988291679070E+00,   1.0746085959210347E-15,   2.6645352591003757E-15
8,4,1,13,   2.3267643656421249E+00,   6.6078647245992348E-16,   2.6645352591003757E-15
8,4,1,14,   2.3278284486287153E+00,   5.6082975133356397E-16,   2.6645352591003757E-15
8,4,1,15,   2.3292199599190289E+00,   6.0136651497866938E-16,   2.6645352591003757E-15
8,4,1,16,   2.3302893836258258E+00,   9.7826025392299621E-16,   2.6645352591003757E-15
8,4,1,17,   2.3308607823130658E+00,   1.3530270583976671E-15,   2.6645352591003757E-15
8,4,1,18,   2.3319296202567057E+00,   9.9629584961568747E-16,   2.6645352591003757E-15
8,4,1,19,   2.3333277747418268E+00,   1.0123576267775900E-15,   2.6645352591003757E-15
8,4,1,20,   2.3344027617049949E+00,   9.2443288927011432E-16,   2.6645352591003757E-15
8,4,1,21,   2.3349733351901936E+00,   1.6391388841371633E-15,   2.6645352591003757E-15
8,4,1,22,   2.3360512689371755E+00,   1.4554091746316068E-15,   2.6645352591003757E-15
8,4,1,23,   2.3374612785434592E+00,   1.6607366032011124E-15,   2.6645352591003757E-15
8,4,1,24,   2.3385391600476702E+00,   2.3726900130585525E-15,   2.6645352591003757E-15
8,4,1,25,   2.3391107533463420E+00,   5.5473533001413748E-15,   2.6645352591003757E-15
8,4,1,26,   2.3401968679151692E+00,   2.3566686319349933E-15,   2.6645352591003757E-15
8,4,1,27,   2.3416064990432752E+00,   2.8478016843193621E-15,   2.6645352591003757E-15
8,4,1,28,   2.3426938315742203E+00,   6.4243961840116866E-15,   2.6645352591003757E-15
8,4,1,29,   2.3432726960213217E+00,   4.4381968831580224E-15,   2.6645352591003757E-15
8,4,1,30,   2.3443641323556825E+00,   3.3525494592099232E-15,   2.6645352591003757E-15
8,4,1,31,   2.3457900127333571E+00,   5.3811938494923943E-15,   2.6645352591003757E-15
8,4,1,32,   2.3468633380792396E+00,   4.6869510376754730E-15,   2.6645352591003757E-15
8,4,1,33,   1.1063286606190173E+04,   1.0182089578996747E-17,   2.6645352591003757E-15
8,4,1,34,   1.1069205272791389E+04,   1.6056351793140877E-17,   2.6645352591003757E-15
8,4,1,35,   1.1074021929936293E+04,   3.0158006817441899E-17,   2.6645352591003757E-15
8,4,1,36,   1.1076598832765769E+04,   9.8328228517570514E-17,   2.6645352591003757E-15
8,4,1,37,   1.1080726799391952E+04,   1.0371686511840987E-16,   2.6645352591003757E-15
8,4,1,38,   1.1087146177042239E+04,   1.1081855077912966E-16,   2.6645352591003757E-15
8,4,1,39,   1.1092858961190910E+04,   1.3304658653788639E-16,   2.6645352591003757E-15
8,4,1,40,   1.1095891505595164E+04,   2.7476593382580339E-16,   2.6645352591003757E-15
8,4,1,41,   1.1099892038170145E+04,   3.6098691344780498E-16,   2.6645352591003757E-15
8,4,1,42,   1.1106339730839154E+04,   2.5516524501625520E-16,   2.6645352591003757E-15
8,4,1,43,   1.1112215308863071E+04,   2.2487856888606966E-16,   2.6645352591003757E-15
8,4,1,44,   1.1115335002704203E+04,   4.8424223807881037E-16,   2.6645352591003757E-15
8,4,1,45,   1.1119308062457183E+04,   4.1908084247433263E-16,   2.6645352591003757E-15
8,4,1,46,   1.1125788673677316E+04,   5.3816915706728976E-16,   2.6645352591003757E-15
8,4,1,47,   1.1131746550451371E+04,   5.3374894552622312E-16,   2.6645352591003757E-15
8,4,1,48,   1.1134902347048812E+04,   8.1047786531080015E-16,   2.6645352591003757E-15
8,4,1,49,   1.1138900063296671E+04,   7.3271358566199075E-16,   2.6645352591003757E-15
8,4,1,50,   1.1145431011580753E+04,   8.1504182470112426E-16,   2.6645352591003757E-15
8,4,1,51,   1.1151435596661331E+04,   7.3840932020685079E-16,   2.6645352591003757E-15
8,4,1,52,   1.1154595619128108E+04,   1.0605491287826719E-15,   2.6645352591003757E-15
8,4,1,53,   1.1158661179992014E+04,   8.9901134213348925E-16,   2.6645352591003757E-15
8,4,1,54,   1.1165263237220463E+04,   7.4296719347106325E-16,   2.6645352591003757E-15
8,4,1,55,   1.1171288068554699E+04,   8.6545655064575295E-16,   2.6645352591003757E-15
8,4,1,56,   1.1174423677431017E+04,   9.8787491426991546E-16,   2.6645352591003757E-15
8,4,1,57,   1.1178609901867896E+04,   7.6718444629189222E-16,   2.6645352591003757E-15
8,4,1,58,   1.1185314963505522E+04,   6.4436581725996996E-16,   2.6645352591003757E-15
8,4,1,59,   1.1191332691698273E+04,   8.1118960520641359E-16,   2.6645352591003757E-15
8,4,1,60,   1.1194411882834045E+04,   8.5119534405363587E-16,   2.6645352591003757E-15
8,4,1,61,   1.1198821026415833E+04,   8.2871549094679816E-16,   2.6645352591003757E-15
8,4,1,62,   1.1205737600381641E+04,   1.0424336842161586E-15,   2.6645352591003757E-15
8,4,1,63,   1.1211781500382685E+04,   1.0566439334219792E-15,   2.6645352591003757E-15
8,4,1,64,   2.8107862206460908E+07,   1.1475138825073091E-15,   2.6645352591003757E-15
8,4,1,65,   1.0228006748215866E+08,   5.3585779621692789E-16,   2.6645352591003757E-15
8,4,1,66,   2.0493421545139101E+08,   1.7456796470544106E-16,   2.6645352591003757E-15
8,4,1,67,   3.3868119149653560E+08,   1.0421613395960636E-16,   2.6645352591003757E-15
8,4,1,68,   5.0377931651051903E+08,   7.7624710189848887E-17,   2.6645352591003757E-15
8,4,1,69,   7.0026676818191683E+08,   4.1580969628623779E-17,   2.6645352591003757E-15
8,4,1,70,   9.2124562929048634E+08,   1.7430324684718267E-17,   2.6645352591003757E-15
8,4,1,71,   1.0930476566736495E+09,   5.4734636582002046E-18,   2.6645352591003757E-15
8,4,1,72,   1.2908229910882196E+09,   9.8601798874541883E-18,   2.6645352591003757E-15
8,4,1,73,   1.6261892079108076E+09,   1.4249882207664083E-17,   2.6645352591003757E-15
8,4,1,74,   2.0489725158764005E+09,   1.3231018339826218E-17,   2.6645352591003757E-15
8,4,1,75,   2.5546035442992568E+09,   1.0839879329495481E-17,   2.6645352591003757E-15
8,4,1,76,   3.1373817310326571E+09,   7.5448779144727705E-18,   2.6645352591003757E-15
8,4,1,77,   3.7761498241527290E+09,   5.1945472846260511E-18,   2.6645352591003757E-15
8,4,1,78,   4.5064135499444475E+09,   4.3242572160298751E-18,   2.6645352591003757E-15
8,4,1,79,   5.4353874665735865E+09,   4.3432832526428080E-18,   2.6645352591003757E-15
8,4,1,80,   6.5061319795360909E+09,   2.5458275002095570E-18,   2.6645352591003757E-15
8,4,1,81,   7.6098314857283154E+09,   2.6635648592235074E-18,   2.6645352591003757E-15
8,4,1,82,   9.1859558409739666E+09,   2.9293465333981932E-18,   2.6645352591003757E-15
8,4,1,83,   1.0691730379871550E+10,   1.8669079171406625E-18,   2.6645352591003757E-15
8,4,1,84,   1.2644210940811100E+10,   7.0454820606834604E-19,   2.6645352591003757E-15
8,4,1,85,   1.3746597029841434E+10,   6.2817886205179057E-19,   2.6645352591003757E-15
8,4,1,86,   1.6050069453901060E+10,   1.0991497078477512E-18,   2.6645352591003757E-15
8,4,1,87,   1.9495780717730335E+10,   1.0610498408508967E-18,   2.6645352591003757E-15
8,4,1,88,   2.4495655976918839E+10,   8.1376290771043134E-19,   2.6645352591003757E-15
8,4,1,89,   2.6166704181179440E+10,   4.5534751140572750E-19,   2.6645352591003757E-15
8,4,1,90,   3.4623089977476509E+10,   5.3961687127408182E-19,   2.6645352591003757E-15
8,4,1,91,   3.8752444768771599E+10,   2.3086948051772267E-19,   2.6645352591003757E-15
8,4,1,92,   5.1523858484372032E+10,   4.9399312498033309E-19,   2.6645352591003757E-15
8,4,1,93,   6.5392522331209145E+10,   2.7001494578101433E-19,   2.6645352591003757E-15
8,4,1,94,   8.2989734825272842E+10,   1.9914556501836970E-19,   2.6645352591003757E-15
8,4,1,95,   1.0952647361923904E+11,   2.0835764158743679E-19,   2.6645352591003757E-15
8,4,2,1,   2.3147118455393598E+00,   1.3087377512333557E-16,   3.1086244689504383E-15
8,4,2,2,   2.3156883896560458E+00,   1.3042421046626481E-16,   3.1086244689504383E-15
8,4,2,3,   2.3170363684243052E+00,   1.1342014546413751E-16,   3.1086244689504383E-15
8,4,2,4,   2.3180802756673700E+00,   2.5413849198361185E-16,   3.1086244689504383E-15
8,4,2,5,   2.3186398415946803E+00,   2.9174228789108018E-16,   3.1086244689504383E-15
8,4,2,6,   2.3196932917846040E+00,   1.3842742441482479E-16,   3.1086244689504383E-15
8,4,2,7,   2.3210702126170588E+00,   2.1437267214850814E-16,   3.1086244689504383E-15
8,4,2,8,   2.3221278450574783E+00,   4.2987229457980422E-16,   3.1086244689504383E-15
8,4,2,9,   2.3226904983521846E+00,   1.1446084154869076E-15,   3.1086244689504383E-15
8,4,2,10,   2.3237511971831388E+00,   3.8562320311236798E-16,   3.1086244689504383E-15
8,4,2,11,   2.3251353667496595E+00,   4.5020087681073706E-16,   3.1086244689504383E-15
8,4,2,12,   2.3261988870959054E+00,   8.4476076349388763E-16,   3.1086244689504383E-15
8,4,2,13,   2.3267643689899278E+00,   1.1722075638823301E-15,   3.1086244689504383E-15
8,4,2,14,   2.3278293353865074E+00,   7.0678975277043023E-16,   3.1086244689504383E-15
8,4,2,15,   2.3292215893790029E+00,   6.9871703481756397E-16,   3.1086244689504383E-15
8,4,2,16,   2.3302904109350995E+00,   1.6751701029715455E-15,   3.1086244689504383E-15
8,4,2,17,   2.3308571309958110E+00,   1.7863228821030658E-15,   3.1086244689504383E-15
8,4,2,18,   2.3319312503559040E+00,   1.7059045654485157E-15,   3.1086244689504383E-15
8,4,2,19,   2.3333290829873863E+00,   1.5136164631981310E-15,   3.1086244689504383E-15
8,4,2,20,   2.3344037391249053E+00,   2.5936134004428426E-15,   3.1086244689504383E-15
8,4,2,21,   2.3349764655928626E+00,   3.3742964565350995E-15,   3.1086244689504383E-15
8,4,2,22,   2.3360491514179778E+00,   2.1518528071061966E-15,   3.1086244689504383E-15
8,4,2,23,   2.3374628265714796E+00,   1.3146704576361728E-15,   3.1086244689504383E-15
8,4,2,24,   2.3385307296761444E+00,   5.4498462889948609E-15,   3.1086244689504383E-15
8,4,2,25,   2.3391022923791889E+00,   8.9169383868337667E-15,   3.1086244689504383E-15
8,4,2,26,   2.3401944506930352E+00,   2.7713594231215201E-15,   3.1086244689504383E-15
8,4,2,27,   2.3416011388517024E+00,   4.3888505218876276E-15,   3.1086244689504383E-15
8,4,2,28,   2.3426944581707674E+00,   3.8226579484141356E-15,   3.1086244689504383E-15
8,4,2,29,   2.3432698032238544E+00,   6.4092191522021263E-15,   3.1086244689504383E-15
8,4,2,30,   2.3443673849268269E+00,   2.8275751683075571E-15,   3.1086244689504383E-15
8,4,2,31,   2.3457877078395923E+00,   2.3205920994799629E-15,   3.1086244689504383E-15
8,4,2,32,   2.3468771906528967E+00,   1.9950363105740167E-15,   3.1086244689504383E-15
8,4,2,33,   1.1063286605909119E+04,   8.8164141726576162E-18,   3.1086244689504383E-15
8,4,2,34,   1.1069205272845858E+04,   1.2640739591665053E-17,   3.1086244689504383E-15
8,4,2,35,   1.1074021929684615E+04,   5.3068565047189060E-17,   3.1086244689504383E-15
8,4,2,36,   1.1076598832785301E+04,   8.9726540386151789E-17,   3.1086244689504383E-15
8,4,2,37,   1.1080726799152120E+04,   1.6331838370546030E-16,   3.1086244689504383E-15
8,4,2,38,   1.1087146176901935E+04,   1.1871113116758134E-16,   3.1086244689504383E-15
8,4,2,39,   1.1092858961148582E+04,   1.9686361509374877E-16,   3.1086244689504383E-15
8,4,2,40,   1.1095891505575832E+04,   2.3054112545734580E-16,   3.1086244689504383E-15
8,4,2,41,   1.1099892037900619E+04,   1.7949223446320587E-16,   3.1086244689504383E-15
8,4,2,42,   1.1106339730633994E+04,   2.5382081314598493E-16,   3.1086244689504383E-15
8,4,2,43,   1.1112215308831728E+04,   2.6136067777251653E-16,   3.1086244689504383E-15
8,4,2,44,   1.1115335002658463E+04,   4.9729180928520466E-16,   3.1086244689504383E-15
8,4,2,45,   1.1119308062317399E+04,   3.8310254433179925E-16,   3.1086244689504383E-15
8,4,2,46,   1.1125788673827432E+04,   2.6722882265427774E-16,   3.1086244689504383E-15
8,4,2,47,   1.1131746550355449E+04,   5.1292914065899940E-16,   3.1086244689504383E-15
8,4,2,48,   1.1134902347027311E+04,   5.9354239766679541E-16,   3.1086244689504383E-15
8,4,2,49,   1.1138900063294399E+04,   5.2743641734220307E-16,   3.1086244689504383E-15
8,4,2,50,   1.1145431011634077E+04,   5.1674928228652536E-16,   3.1086244689504383E-15
8,4,2,51,   1.1151435596643672E+04,   5.3565050661456205E-16,   3.1086244689504383E-15
8,4,2,52,   1.1154595619135434E+04,   6.6805490236417135E-16,   3.1086244689504383E-15
8,4,2,53,   1.1158661179920717E+04,   5.0344333607795263E-16,   3.1086244689504383E-15
8,4,2,54,   1.1165263237218434E+04,   4.9142962336849104E-16,   3.1086244689504383E-15
8,4,2,55,   1.1171288068526213E+04,   5.0586185838743988E-16,   3.1086244689504383E-15
8,4,2,56,   1.1174423677394625E+04,   5.9450166391678895E-16,   3.1086244689504383E-15
8,4,2,57,   1.1178609901850532E+04,   4.3110057501895277E-16,   3.1086244689504383E-15
8,4,2,58,   1.1185314963517441E+04,   6.6205785908605775E-16,   3.1086244689504383E-15
8,4,2,59,   1.1191332691659713E+04,   7.0162548286096298E-16,   3.1086244689504383E-15
8,4,2,60,   1.1194411882802260E+04,   1.2022104939564946E-15,   3.1086244689504383E-15
8,4,2,61,   1.1198821026337642E+04,   1.0329825786520550E-15,   3.1086244689504383E-15
8,4,2,62,   1.1205737600385199E+04,   1.0392499758757779E-15,   3.1086244689504383E-15
8,4,2,63,   1.1211781500593273E+04,   9.7495293618043475E-16,   3.1086244689504383E-15
8,4,2,64,   2.8107862206460826E+07,   7.3311051449659956E-16,   3.1086244689504383E-15
8,4,2,65,   1.0228006748215885E+08,   3.4944670400971006E-16,   3.1086244689504383E-15
8,4,2,66,   2.0493421545139146E+08,   1.7227510547744199E-16,   3.1086244689504383E-15
8,4,2,67,   3.3868119149653769E+08,   1.0956335268321354E-16,   3.1086244689504383E-15
8,4,2,68,   5.0377931651052183E+08,   7.7307421210323663E-17,   3.1086244689504383E-15
8,4,2,69,   7.0026676818192077E+08,   3.8846169301775932E-17,   3.1086244689504383E-15
8,4,2,70,   9.2124562929048765E+08,   1.0669255384577432E-17,   3.1086244689504383E-15
8,4,2,71,   1.0930476566736505E+09,   3.6404235091264408E-18,   3.1086244689504383E-15
8,4,2,72,   1.2908229910882201E+09,   7.2911428496425416E-18,   3.1086244689504383E-15
8,4,2,73,   1.6261892079108076E+09,   9.4423240334125349E-18,   3.1086244689504383E-15
8,4,2,74,   2.0489725158764000E+09,   9.5749801318347049E-18,   3.1086244689504383E-15
8,4,2,75,   2.5546035442992530E+09,   6.2201775145637910E-18,   3.1086244689504383E-15
8,4,2,76,   3.1373817310326538E+09,   7.0665826758425830E-18,   3.1086244689504383E-15
8,4,2,77,   3.7761498241527309E+09,   5.4332912546349856E-18,   3.1086244689504383E-15
8,4,2,78,   4.5064135499444485E+09,   5.7634352273804873E-18,   3.1086244689504383E-15
8,4,2,79,   5.4353874665735826E+09,   5.8077091669533708E-18,   3.1086244689504383E-15
8,4,2,80,   6.5061319795360889E+09,   4.6381626168064019E-18,   3.1086244689504383E-15
8,4,2,81,   7.6098314857283125E+09,   4.4593000360696008E-18,   3.1086244689504383E-15
8,4,2,82,   9.1859558409739571E+09,   3.9284516394144064E-18,   3.1086244689504383E-15
8,4,2,83,   1.0691730379871521E+10,   2.3306439604298390E-18,   3.1086244689504383E-15
8,4,2,84,   1.2644210940811085E+10,   1.1938145419388192E-18,   3.1086244689504383E-15
8,4,2,85,   1.3746597029841396E+10,   1.0073223813898913E-18,   3.1086244689504383E-15
8,4,2,86,   1.6050069453901005E+10,   1.7311361483693336E-18,   3.1086244689504383E-15
8,4,2,87,   1.9495780717730244E+10,   1.6326445176801633E-18,   3.1086244689504383E-15
8,4,2,88,   2.4495655976918762E+10,   8.3227513463300190E-19,   3.1086244689504383E-15
8,4,2,89,   2.6166704181179287E+10,   5.5913439031890759E-19,   3.1086244689504383E-15
8,4,2,90,   3.4623089977476379E+10,   6.6236604074102119E-19,   3.1086244689504383E-15
8,4,2,91,   3.8752444768771400E+10,   2.5795766106754154E-19,   3.1086244689504383E-15
8,4,2,92,   5.1523858484371689E+10,   3.7464959701466308E-19,   3.1086244689504383E-15
8,4,2,93,   6.5392522331207939E+10,   5.5426342836040435E-19,   3.1086244689504383E-15
8,4,2,94,   8.2989734825271667E+10,   2.0866722595294286E-19,   3.1086244689504383E-15
8,4,2,95,   1.0952647361923721E+11,   1.7910206296118622E-19,   3.1086244689504383E-15
16,1,1,1,   2.3153894690491486E+00,   5.7155465057092431E-16,   2.4424906541753444E-15
16,1,1,2,   2.3173495873584571E+00,   5.0394585946087135E-16,   2.4424906541753444E-15
16,1,1,3,   2.3193695761498323E+00,   5.5596819755722029E-16,   2.4424906541753444E-15
16,1,1,4,   2.3213947899490384E+00,   6.7305145885908151E-16,   2.4424906541753444E-15
16,1,1,5,   2.3234251859772153E+00,   8.2330402242661114E-16,   2.4424906541753444E-15
16,1,1,6,   2.3254607350480208E+00,   1.4110021495442090E-15,   2.4424906541753444E-15
16,1,1,7,   2.3275023635576901E+00,   1.5795155313856846E-15,   2.4424906541753444E-15
16,1,1,8,   2.3295486445546145E+00,   1.0833490216427286E-15,   2.4424906541753444E-15
16,1,1,9,   2.3316006675699383E+00,   1.2558045958254682E-15,   2.4424906541753444E-15
16,1,1,10,   2.3336577543302957E+00,   2.0805736714429188E-15,   2.4424906541753444E-15
16,1,1,11,   2.3357214757733047E+00,   1.6484081425434897E-15,   2.4424906541753444E-15
16,1,1,12,   2.3377890545703970E+00,   3.0348942381941782E-15,   2.4424906541753444E-15
16,1,1,13,   2.3398623815469812E+00,   3.5194777839633955E-15,   2.4424906541753444E-15
16,1,1,14,   2.3419420838438691E+00,   2.5218109181439046E-15,   2.4424906541753444E-15
16,1,1,15,   2.3440284103447904E+00,   1.5499017047076979E-15,   2.4424906541753444E-15
16,1,1,16,   2.3461180395703622E+00,   1.0498675551307390E-15,   2.4424906541753444E-15
16,1,1,17,   1.1068148107130752E+04,   3.5738484850877134E-17,   2.4424906541753444E-15
16,1,1,18,   1.1077495713263030E+04,   8.3913367244902649E-17,   2.4424906541753444E-15
16,1,1,19,   1.1087099511974495E+04,   1.0256879507299266E-16,   2.4424906541753444E-15
16,1,1,20,   1.1096747966441018E+04,   1.3215344022534740E-16,   2.4424906541753444E-15
16,1,1,21,   1.1106443164385422E+04,   2.3435748814036009E-16,   2.4424906541753444E-15
16,1,1,22,   1.1116184361917234E+04,   2.5768355537966680E-16,   2.4424906541753444E-15
16,1,1,23,   1.1125971491960458E+04,   1.8451534047315119E-16,   2.4424906541753444E-15
16,1,1,24,   1.1135805508912363E+04,   2.3982358774320075E-16,   2.4424906541753444E-15
16,1,1,25,   1.1145688349707349E+04,   2.7721959452439869E-16,   2.4424906541753444E-15
16,1,1,26,   1.1155623084784100E+04,   2.9885357607478395E-16,   2.4424906541753444E-15
16,1,1,27,   1.1165614449543007E+04,   3.2233258658468438E-16,   2.4424906541753444E-15
16,1,1,28,   1.1175670126088089E+04,   3.2240108027025761E-16,   2.4424906541753444E-15
16,1,1,29,   1.1185803932851584E+04,   3.9458406974580673E-16,   2.4424906541753444E-15
16,1,1,30,   1.1196045506471764E+04,   5.0143608112565978E-16,   2.4424906541753444E-15
16,1,1,31,   1.1206484997849018E+04,   6.0256113830170471E-16,   2.4424906541753444E-15
16,1,1,32,   2.8096444021645952E+07,   3.0184519823354848E-16,   2.4424906541753444E-15
16,1,1,33,   1.0229887833324628E+08,   8.1747788213543512E-17,   2.4424906541753444E-15
16,1,1,34,   2.0522049706577957E+08,   3.7990668563533212E-17,   2.4424906541753444E-15
16,1,1,35,   3.3403445450546849E+08,   2.1459150988837364E-17,   2.4424906541753444E-15
16,1,1,36,   4.7570195947276479E+08,   1.4136431959111676E-17,   2.4424906541753444E-15
16,1,1,37,   6.6828527887597311E+08,   1.4141332617147580E-17,   2.4424906541753444E-15
16,1,1,38,   9.5484930862488484E+08,   9.3743948194940442E-18,   2.4424906541753444E-15
16,1,1,39,   1.3456059804333222E+09,   5.1275368210348561E-18,   2.4424906541753444E-15
16,1,1,40,   1.8565740741481535E+09,   4.5216022245066147E-18,   2.4424906541753444E-15
16,1,1,41,   2.5133844406757951E+09,   3.5683884325561363E-18,   2.4424906541753444E-15
16,1,1,42,   3.3524406899934587E+09,   3.9690022585858445E-18,   2.4424906541753444E-15
16,1,1,43,   4.4252528617974386E+09,   3.3387156571545888E-18,   2.4424906541753444E-15
16,1,1,44,   5.8070119489043560E+09,   3.3886873405010015E-18,   2.4424906541753444E-15
16,1,1,45,   7.6156406814402876E+09,   2.4533220317275403E-18,   2.4424906541753444E-15
16,1,1,46,   1.0064023643132729E+10,   1.7726542825023861E-18,   2.4424906541753444E-15
16,1,1,47,   1.3667614459462326E+10,   2.5538142937375361E-18,   2.4424906541753444E-15
16,1,2,1,   2.3153894872057110E+00,   3.5752708653807459E-16,   2.8865798640254070E-15
16,1,2,2,   2.3173497131804921E+00,   4.6537505119606606E-16,   2.8865798640254070E-15
16,1,2,3,   2.3193697126288417E+00,   7.5742464903577960E-16,   2.8865798640254070E-15
16,1,2,4,   2.3213946087475805E+00,   9.6768615045651268E-16,   2.8865798640254070E-15
16,1,2,5,   2.3234254184258050E+00,   1.3086094466754570E-15,   2.8865798640254070E-15
16,1,2,6,   2.3254601034152955E+00,   2.9107633067734100E-15,   2.8865798640254070E-15
16,1,2,7,   2.3275019979672527E+00,   2.5121267745750014E-15,   2.8865798640254070E-15
16,1,2,8,   2.3295490406118247E+00,   2.9551702620111928E-15,   2.8865798640254070E-15
16,1,2,9,   2.3316001630021463E+00,   2.5554186258752182E-15,   2.8865798640254070E-15
16,1,2,10,   2.3336584752958478E+00,   1.8304717637206128E-15,   2.8865798640254070E-15
16,1,2,11,   2.3357205507120025E+00,   4.1426759726289109E-15,   2.8865798640254070E-15
16,1,2,12,   2.3377883057056432E+00,   4.6693544579022319E-15,   2.8865798640254070E-15
16,1,2,13,   2.3398650032182364E+00,   4.8856325471200763E-15,   2.8865798640254070E-15
16,1,2,14,   2.3419421214516793E+00,   2.9592279160216807E-15,   2.8865798640254070E-15
16,1,2,15,   2.3440272130680295E+00,   2.3907363583085502E-15,   2.8865798640254070E-15
16,1,2,16,   2.3461194554167912E+00,   2.6259769679745376E-15,   2.8865798640254070E-15
16,1,2,17,   1.1068148107057241E+04,   4.6003648881294180E-17,   2.8865798640254070E-15
16,1,2,18,   1.1077495713244169E+04,   5.8820836518084700E-17,   2.8865798640254070E-15
16,1,2,19,   1.1087099511866531E+04,   1.0563588062856361E-16,   2.8865798640254070E-15
16,1,2,20,   1.1096747966371460E+04,   1.8976559018018762E-16,   2.8865798640254070E-15
16,1,2,21,   1.1106443164405246E+04,   1.4021142005934944E-16,   2.8865798640254070E-15
16,1,2,22,   1.1116184361841948E+04,   2.1342485680339925E-16,   2.8865798640254070E-15
16,1,2,23,   1.1125971492006625E+04,   2.1679750849242762E-16,   2.8865798640254070E-15
16,1,2,24,   1.1135805508852680E+04,   2.6238007471466026E-16,   2.8865798640254070E-15
16,1,2,25,   1.1145688349637598E+04,   3.2687798508469907E-16,   2.8865798640254070E-15
16,1,2,26,   1.1155623084742974E+04,   4.1108812232328710E-16,   2.8865798640254070E-15
16,1,2,27,   1.1165614449525281E+04,   5.3237344043011880E-16,   2.8865798640254070E-15
16,1,2,28,   1.1175670126108947E+04,   5.7659377514244794E-16,   2.8865798640254070E-15
16,1,2,29,   1.1185803932819241E+04,   7.9859777531068203E-16,   2.8865798640254070E-15
16,1,2,30,   1.1196045506437220E+04,   7.7097865475550410E-16,   2.8865798640254070E-15
16,1,2,31,   1.1206484997805606E+04,   7.7342261267143020E-16,   2.8865798640254070E-15
16,1,2,32,   2.8096444021645661E+07,   3.7838160294731757E-16,   2.8865798640254070E-15
16,1,2,33,   1.0229887833324605E+08,   1.4640683089925819E-16,   2.8865798640254070E-15
16,1,2,34,   2.0522049706577969E+08,   6.7674007858829188E-17,   2.8865798640254070E-15
16,1,2,35,   3.3403445450546890E+08,   3.2005225501123408E-17,   2.8865798640254070E-15
16,1,2,36,   4.7570195947276509E+08,   2.0652795767035493E-17,   2.8865798640254070E-15
16,1,2,37,   6.6828527887597334E+08,   1.8898939635153076E-17,   2.8865798640254070E-15
16,1,2,38,   9.5484930862488484E+08,   1.0480463238992716E-17,   2.8865798640254070E-15
16,1,2,39,   1.3456059804333227E+09,   9.3994755443894331E-18,   2.8865798640254070E-15
16,1,2,40,   1.8565740741481535E+09,   5.4208680365804643E-18,   2.8865798640254070E-15
16,1,2,41,   2.5133844406757956E+09,   5.5169555568651302E-18,   2.8865798640254070E-15
16,1,2,42,   3.3524406899934602E+09,   4.3112456793413014E-18,   2.8865798640254070E-15
16,1,2,43,   4.4252528617974415E+09,   3.9472771382330658E-18,   2.8865798640254070E-15
16,1,2,44,   5.8070119489043608E+09,   2.1741742379333850E-18,   2.8865798640254070E-15
16,1,2,45,   7.6156406814402943E+09,   2.3288579581370859E-18,   2.8865798640254070E-15
16,1,2,46,   1.0064023643132732E+10,   1.5995746994495950E-18,   2.8865798640254070E-15
16,1,2,47,   1.3667614459462334E+10,   1.3860075233187191E-18,   2.8865798640254070E-15
16,2,1,1,   2.3148405074496372E+00,   2.4346281621760153E-16,   2.8865798640254070E-15
16,2,1,2,   2.3159263744338316E+00,   2.6844120917002145E-16,   2.8865798640254070E-15
16,2,1,3,   2.3167681011854580E+00,   3.9102455246119067E-16,   2.8865798640254070E-15
16,2,1,4,   2.3179322764354726E+00,   3.6719857970575418E-16,   2.8865798640254070E-15
16,2,1,5,   2.3187861159562666E+00,   4.1010452248104655E-16,   2.8865798640254070E-15
16,2,1,6,   2.3199527275588228E+00,   1.0468643956290278E-15,   2.8865798640254070E-15
16,2,1,7,   2.3208088655922796E+00,   8.1137724752276345E-16,   2.8865798640254070E-15
16,2,1,8,   2.3219786425544293E+00,   1.5877303320074731E-15,   2.8865798640254070E-15
16,2,1,9,   2.3228390138775876E+00,   9.9999157552608425E-16,   2.8865798640254070E-15
16,2,1,10,   2.3240129008955233E+00,   1.2216590683400128E-15,   2.8865798640254070E-15
16,2,1,11,   2.3248707024551165E+00,   2.1921935871028357E-15,   2.8865798640254070E-15
16,2,1,12,   2.3260500013881931E+00,   1.2632243569984080E-15,   2.8865798640254070E-15
16,2,1,13,   2.3269132943104855E+00,   1.8533239695458382E-15,   2.8865798640254070E-15
16,2,1,14,   2.3280945693906756E+00,   2.2052972397280436E-15,   2.8865798640254070E-15
16,2,1,15,   2.3289600766079555E+00,   3.3478667665678156E-15,   2.8865798640254070E-15
16,2,1,16,   2.3301414740131459E+00,   2.0311220898445879E-15,   2.8865798640254070E-15
16,2,1,17,   2.3310107871172607E+00,   2.8387263016122417E-15,   2.8865798640254070E-15
16,2,1,18,   2.3321940437712589E+00,   2.1228268937824449E-15,   2.8865798640254070E-15
16,2,1,19,   2.3330657476607284E+00,   4.2654619990257198E-15,   2.8865798640254070E-15
16,2,1,20,   2.3342524006024723E+00,   4.5273639766845536E-15,   2.8865798640254070E-15
16,2,1,21,   2.3351214335622719E+00,   4.9766045047423442E-15,   2.8865798640254070E-15
16,2,1,22,   2.3363192143194613E+00,   4.8100003447672580E-15,   2.8865798640254070E-15
16,2,1,23,   2.3371944525429438E+00,   4.1674475615611147E-15,   2.8865798640254070E-15
16,2,1,24,   2.3383897442711628E+00,   3.1874883070589845E-15,   2.8865798640254070E-15
16,2,1,25,   2.3392692962602686E+00,   6.4917548576441526E-15,   2.8865798640254070E-15
16,2,1,26,   2.3404563970606587E+00,   5.3276096078877412E-15,   2.8865798640254070E-15
16,2,1,27,   2.3413419651698022E+00,   6.4772767851577461E-15,   2.8865798640254070E-15
16,2,1,28,   2.3425460284016681E+00,   5.2310813251099328E-15,   2.8865798640254070E-15
16,2,1,29,   2.3434176140600833E+00,   1.1272311800099544E-14,   2.8865798640254070E-15
16,2,1,30,   2.3446222904610092E+00,   1.2056159727396235E-14,   2.8865798640254070E-15
16,2,1,31,   2.3455258025333849E+00,   8.6742856460918213E-15,   2.8865798640254070E-15
16,2,1,32,   2.3467476429941851E+00,   1.7632712660920595E-14,   2.8865798640254070E-15
16,2,1,33,   1.1063626472802944E+04,   1.6912825864094511E-17,   2.8865798640254070E-15
16,2,1,34,   1.1067214884279834E+04,   3.1033055272841695E-17,   2.8865798640254070E-15
16,2,1,35,   1.1072405879056609E+04,   6.5179579979450045E-17,   2.8865798640254070E-15
16,2,1,36,   1.1076730767627496E+04,   7.9878242300435631E-17,   2.8865798640254070E-15
16,2,1,37,   1.1081931572444442E+04,   1.2287423197663537E-16,   2.8865798640254070E-15
16,2,1,38,   1.1086356654036768E+04,   2.1043372805942416E-16,   2.8865798640254070E-15
16,2,1,39,   1.1091538366351304E+04,   2.3320340283620374E-16,   2.8865798640254070E-15
16,2,1,40,   1.1096026273107927E+04,   3.0435524515563200E-16,   2.8865798640254070E-15
16,2,1,41,   1.1101202094529004E+04,   3.1438958766185300E-16,   2.8865798640254070E-15
16,2,1,42,   1.1105732287574485E+04,   3.1497919425356077E-16,   2.8865798640254070E-15
16,2,1,43,   1.1110911933173153E+04,   2.9208907164421549E-16,   2.8865798640254070E-15
16,2,1,44,   1.1115472235912801E+04,   4.7351827003857063E-16,   2.8865798640254070E-15
16,2,1,45,   1.1120663532772076E+04,   3.9689441591677827E-16,   2.8865798640254070E-15
16,2,1,46,   1.1125245527711430E+04,   5.3309105337330113E-16,   2.8865798640254070E-15
16,2,1,47,   1.1130455420554243E+04,   5.3611624847004540E-16,   2.8865798640254070E-15
16,2,1,48,   1.1135052430655061E+04,   7.4768165792382573E-16,   2.8865798640254070E-15
16,2,1,49,   1.1140287604212088E+04,   4.9842622558931635E-16,   2.8865798640254070E-15
16,2,1,50,   1.1144893740856676E+04,   5.4861789044979420E-16,   2.8865798640254070E-15
16,2,1,51,   1.1150161073164478E+04,   4.6679397375520225E-16,   2.8865798640254070E-15
16,2,1,52,   1.1154770745527712E+04,   5.1141635192105666E-16,   2.8865798640254070E-15
16,2,1,53,   1.1160077754981608E+04,   5.4438993562097629E-16,   2.8865798640254070E-15
16,2,1,54,   1.1164685398894528E+04,   4.3632993694590123E-16,   2.8865798640254070E-15
16,2,1,55,   1.1170040869572955E+04,   4.9414296139395177E-16,   2.8865798640254070E-15
16,2,1,56,   1.1174640812229662E+04,   6.3957280767279500E-16,   2.8865798640254070E-15
16,2,1,57,   1.1180055951722126E+04,   5.4213548058250110E-16,   2.8865798640254070E-15
16,2,1,58,   1.1184642479358658E+04,   7.1140933381206982E-16,   2.8865798640254070E-15
16,2,1,59,   1.1190133697402327E+04,   7.1971267736710053E-16,   2.8865798640254070E-15
16,2,1,60,   1.1194701960776070E+04,   1.0513542645858540E-15,   2.8865798640254070E-15
16,2,1,61,   1.1200300308861128E+04,   5.9639774056253681E-16,   2.8865798640254070E-15
16,2,1,62,   1.1204853713335848E+04,   7.1601244096588280E-16,   2.8865798640254070E-15
16,2,1,63,   1.1210677171819687E+04,   6.3634696251933294E-16,   2.8865798640254070E-15
16,2,1,64,   2.8107864996594723E+07,   9.0497549541325108E-16,   2.8865798640254070E-15
16,2,1,65,   1.0228053859426063E+08,   3.4673569912322742E-16,   2.8865798640254070E-15
16,2,1,66,   2.0494343919487855E+08,   1.7435847201596214E-16,   2.8865798640254070E-15
16,2,1,67,   3.3870816781361359E+08,   9.9776385823869777E-17,   2.8865798640254070E-15
16,2,1,68,   5.0308139835471833E+08,   5.2933341146962132E-17,   2.8865798640254070E-15
16,2,1,69,   6.8960628829592752E+08,   2.8889268684513922E-17,   2.8865798640254070E-15
16,2,1,70,   8.6386265587672174E+08,   1.7559424267928810E-17,   2.8865798640254070E-15
16,2,1,71,   1.0658537033921175E+09,   2.2030393212242871E-17,   2.8865798640254070E-15
16,2,1,72,   1.3673355653857088E+09,   2.7886457256812541E-17,   2.8865798640254070E-15
16,2,1,73,   1.7567121385397704E+09,   2.5203600434387882E-17,   2.8865798640254070E-15
16,2,1,74,   2.2261554204524136E+09,   2.4977360949253274E-17,   2.8865798640254070E-15
16,2,1,75,   2.7384585745663910E+09,   1.1049260563713137E-17,   2.8865798640254070E-15
16,2,1,76,   3.2416944918517103E+09,   7.7191667889293244E-18,   2.8865798640254070E-15
16,2,1,77,   3.9098415724946132E+09,   8.0023384306120427E-18,   2.8865798640254070E-15
16,2,1,78,   4.8190940603547125E+09,   7.1548648302904280E-18,   2.8865798640254070E-15
16,2,1,79,   5.6542855500974941E+09,   4.6566805710984267E-18,   2.8865798640254070E-15
16,2,1,80,   6.5351622658255968E+09,   6.1121942346875525E-18,   2.8865798640254070E-15
16,2,1,81,   8.0018521377823029E+09,   5.1687805619051501E-18,   2.8865798640254070E-15
16,2,1,82,   8.9081180529174728E+09,   5.1972856840673327E-18,   2.8865798640254070E-15
16,2,1,83,   1.0878234539369898E+10,   3.3574455097621769E-18,   2.8865798640254070E-15
16,2,1,84,   1.2435969782557667E+10,   3.5027500038328480E-18,   2.8865798640254070E-15
16,2,1,85,   1.4045075641907761E+10,   3.1079750832315572E-18,   2.8865798640254070E-15
16,2,1,86,   1.6571331549073580E+10,   3.2636292369519044E-18,   2.8865798640254070E-15
16,2,1,87,   1.9398129787405674E+10,   2.7838606210614136E-18,   2.8865798640254070E-15
16,2,1,88,   2.2579384834737999E+10,   2.3305790036657419E-18,   2.8865798640254070E-15
16,2,1,89,   2.6268701681572338E+10,   1.9195735497207812E-18,   2.8865798640254070E-15
16,2,1,90,   3.0628781962443508E+10,   1.4213243643472914E-18,   2.8865798640254070E-15
16,2,1,91,   3.5853571078205444E+10,   1.5903847757474487E-18,   2.8865798640254070E-15
16,2,1,92,   4.2213909101759247E+10,   1.5662344370367592E-18,   2.8865798640254070E-15
16,2,1,93,   5.0135202571345528E+10,   1.5970005052080048E-18,   2.8865798640254070E-15
16,2,1,94,   6.0394917613823891E+10,   1.2266977235504772E-18,   2.8865798640254070E-15
16,2,1,95,   7.4901355533780365E+10,   1.0813604070958582E-18,   2.8865798640254070E-15
16,2,2,1,   2.3148405125208344E+00,   2.7608074632238011E-16,   4.6629367034256575E-15
16,2,2,2,   2.3159263852796506E+00,   3.6628920738426945E-16,   4.6629367034256575E-15
16,2,2,3,   2.3167678789042880E+00,   2.8041574639752690E-16,   4.6629367034256575E-15
16,2,2,4,   2.3179324269405264E+00,   3.5795131170411738E-16,   4.6629367034256575E-15
16,2,2,5,   2.3187866845931260E+00,   6.3602127958238285E-16,   4.6629367034256575E-15
16,2,2,6,   2.3199534156020425E+00,   5.5193940257009104E-16,   4.6629367034256575E-15
16,2,2,7,   2.3208096937707929E+00,   5.0606653081017227E-16,   4.6629367034256575E-15
16,2,2,8,   2.3219800342015535E+00,   7.9628490133538601E-16,   4.6629367034256575E-15
16,2,2,9,   2.3228397179254743E+00,   1.0316595551834843E-15,   4.6629367034256575E-15
16,2,2,10,   2.3240122731724004E+00,   7.8717136817614775E-16,   4.6629367034256575E-15
16,2,2,11,   2.3248708413270864E+00,   1.9909513869365485E-15,   4.6629367034256575E-15
16,2,2,12,   2.3260489796127235E+00,   1.6980835425605085E-15,   4.6629367034256575E-15
16,2,2,13,   2.3269128498000975E+00,   1.4799980047120371E-15,   4.6629367034256575E-15
16,2,2,14,   2.3280948917603990E+00,   2.5988707385292665E-15,   4.6629367034256575E-15
16,2,2,15,   2.3289614354486106E+00,   4.0487744786393645E-15,   4.6629367034256575E-15
16,2,2,16,   2.3301406083543821E+00,   1.8287535716117502E-15,   4.6629367034256575E-15
16,2,2,17,   2.3310090582102774E+00,   3.0944525091357027E-15,   4.6629367034256575E-15
16,2,2,18,   2.3321936298342414E+00,   2.0123051603608591E-15,   4.6629367034256575E-15
16,2,2,19,   2.3330664251774724E+00,   4.2162630929907861E-15,   4.6629367034256575E-15
16,2,2,20,   2.3342545032381330E+00,   3.9035640889380330E-15,   4.6629367034256575E-15
16,2,2,21,   2.3351253860652328E+00,   3.4126254383329295E-15,   4.6629367034256575E-15
16,2,2,22,   2.3363216681935657E+00,   4.5238402980860196E-15,   4.6629367034256575E-15
16,2,2,23,   2.3371963999726542E+00,   3.8920501241714931E-15,   4.6629367034256575E-15
16,2,2,24,   2.3383923643701574E+00,   3.7938819407417041E-15,   4.6629367034256575E-15
16,2,2,25,   2.3392676793002560E+00,   6.0609257474459646E-15,   4.6629367034256575E-15
16,2,2,26,   2.3404559960333668E+00,   6.9551414317609657E-15,   4.6629367034256575E-15
16,2,2,27,   2.3413373750446005E+00,   8.0683073644616624E-15,   4.6629367034256575E-15
16,2,2,28,   2.3425392294942697E+00,   7.9974533351367893E-15,   4.6629367034256575E-15
16,2,2,29,   2.3434213872099199E+00,   4.3754536233031885E-15,   4.6629367034256575E-15
16,2,2,30,   2.3446289921819115E+00,   4.9680371207831999E-15,   4.6629367034256575E-15
16,2,2,31,   2.3455132591155441E+00,   3.6319860470429951E-15,   4.6629367034256575E-15
16,2,2,32,   2.3467327410430574E+00,   6.5987182272134581E-15,   4.6629367034256575E-15
16,2,2,33,   1.1063626472547980E+04,   1.5199852998572247E-17,   4.6629367034256575E-15
16,2,2,34,   1.1067214884219602E+04,   4.5219852933887587E-17,   4.6629367034256575E-15
16,2,2,35,   1.1072405879198548E+04,   9.4904942395438530E-17,   4.6629367034256575E-15
16,2,2,36,   1.1076730767616851E+04,   1.0863655204269741E-16,   4.6629367034256575E-15
16,2,2,37,   1.1081931572356147E+04,   1.4836045751794434E-16,   4.6629367034256575E-15
16,2,2,38,   1.1086356654059979E+04,   1.4904753781670315E-16,   4.6629367034256575E-15
16,2,2,39,   1.1091538366283417E+04,   2.2918931625180729E-16,   4.6629367034256575E-15
16,2,2,40,   1.1096026272943811E+04,   2.4347310894228630E-16,   4.6629367034256575E-15
16,2,2,41,   1.1101202094439575E+04,   2.4170884684994420E-16,   4.6629367034256575E-15
16,2,2,42,   1.1105732287534749E+04,   2.5131496787989049E-16,   4.6629367034256575E-15
16,2,2,43,   1.1110911933207399E+04,   2.2674594401267897E-16,   4.6629367034256575E-15
16,2,2,44,   1.1115472235917665E+04,   2.8235446125711536E-16,   4.6629367034256575E-15
16,2,2,45,   1.1120663532702320E+04,   2.5324982216842288E-16,   4.6629367034256575E-15
16,2,2,46,   1.1125245527678506E+04,   2.6473230918584022E-16,   4.6629367034256575E-15
16,2,2,47,   1.1130455420507993E+04,   4.4466037901561079E-16,   4.6629367034256575E-15
16,2,2,48,   1.1135052430520216E+04,   4.7151568807034585E-16,   4.6629367034256575E-15
16,2,2,49,   1.1140287604113015E+04,   4.6619375901290703E-16,   4.6629367034256575E-15
16,2,2,50,   1.1144893740866833E+04,   4.4635528770487327E-16,   4.6629367034256575E-15
16,2,2,51,   1.1150161073192132E+04,   4.8212552378977853E-16,   4.6629367034256575E-15
16,2,2,52,   1.1154770745551616E+04,   6.8923712281927869E-16,   4.6629367034256575E-15
16,2,2,53,   1.1160077755033013E+04,   5.0032563127615132E-16,   4.6629367034256575E-15
16,2,2,54,   1.1164685398946587E+04,   5.7815701525520455E-16,   4.6629367034256575E-15
16,2,2,55,   1.1170040869615452E+04,   5.7300111955112901E-16,   4.6629367034256575E-15
16,2,2,56,   1.1174640812331056E+04,   7.5231590948705662E-16,   4.6629367034256575E-15
16,2,2,57,   1.1180055951763503E+04,   5.5343691742601721E-16,   4.6629367034256575E-15
16,2,2,58,   1.1184642479366576E+04,   8.0135796137496360E-16,   4.6629367034256575E-15
16,2,2,59,   1.1190133697443320E+04,   8.8687026444096692E-16,   4.6629367034256575E-15
16,2,2,60,   1.1194701960717626E+04,   1.1777522799133119E-15,   4.6629367034256575E-15
16,2,2,61,   1.1200300308849895E+04,   8.6304448149053611E-16,   4.6629367034256575E-15
16,2,2,62,   1.1204853713241124E+04,   1.0998845413800808E-15,   4.6629367034256575E-15
16,2,2,63,   1.1210677171811629E+04,   6.3543990589526961E-16,   4.6629367034256575E-15
16,2,2,64,   2.8107864996595688E+07,   1.0369620931974560E-15,   4.6629367034256575E-15
16,2,2,65,   1.0228053859426236E+08,   3.7278178377114437E-16,   4.6629367034256575E-15
16,2,2,66,   2.0494343919487968E+08,   1.8525403704756031E-16,   4.6629367034256575E-15
16,2,2,67,   3.3870816781361294E+08,   9.7700265931052557E-17,   4.6629367034256575E-15
16,2,2,68,   5.0308139835471553E+08,   5.6863934867727804E-17,   4.6629367034256575E-15
16,2,2,69,   6.8960628829592669E+08,   3.2586169711218973E-17,   4.6629367034256575E-15
16,2,2,70,   8.6386265587672091E+08,   1.7245787786564716E-17,   4.6629367034256575E-15
16,2,2,71,   1.0658537033921170E+09,   2.0797249785438794E-17,   4.6629367034256575E-15
16,2,2,72,   1.3673355653857081E+09,   2.5696912771689752E-17,   4.6629367034256575E-15
16,2,2,73,   1.7567121385397716E+09,   2.7517361452652107E-17,   4.6629367034256575E-15
16,2,2,74,   2.2261554204524164E+09,   2.5268859163556211E-17,   4.6629367034256575E-15
16,2,2,75,   2.7384585745663924E+09,   1.2185554666127739E-17,   4.6629367034256575E-15
16,2,2,76,   3.2416944918517122E+09,   9.9101809644300906E-18,   4.6629367034256575E-15
16,2,2,77,   3.9098415724946127E+09,   1.0184475969692024E-17,   4.6629367034256575E-15
16,2,2,78,   4.8190940603547115E+09,   9.0356478869282258E-18,   4.6629367034256575E-15
16,2,2,79,   5.6542855500974998E+09,   4.9837401256502769E-18,   4.6629367034256575E-15
16,2,2,80,   6.5351622658256054E+09,   5.9478072186801983E-18,   4.6629367034256575E-15
16,2,2,81,   8.0018521377823000E+09,   4.0100266408810363E-18,   4.6629367034256575E-15
16,2,2,82,   8.9081180529174767E+09,   3.8051296928745224E-18,   4.6629367034256575E-15
16,2,2,83,   1.0878234539369900E+10,   3.1241887762266442E-18,   4.6629367034256575E-15
16,2,2,84,   1.2435969782557669E+10,   2.3612192879753800E-18,   4.6629367034256575E-15
16,2,2,85,   1.4045075641907759E+10,   2.6974487503372843E-18,   4.6629367034256575E-15
16,2,2,86,   1.6571331549073589E+10,   2.5601214970677862E-18,   4.6629367034256575E-15
16,2,2,87,   1.9398129787405659E+10,   2.3489224989333892E-18,   4.6629367034256575E-15
16,2,2,88,   2.2579384834737999E+10,   2.3586347512000029E-18,   4.6629367034256575E-15
16,2,2,89,   2.6268701681572330E+10,   1.7839234603334250E-18,   4.6629367034256575E-15
16,2,2,90,   3.0628781962443516E+10,   1.3204301982198130E-18,   4.6629367034256575E-15
16,2,2,91,   3.5853571078205444E+10,   1.0933059291456563E-18,   4.6629367034256575E-15
16,2,2,92,   4.2213909101759277E+10,   1.4095542775772370E-18,   4.6629367034256575E-15
16,2,2,93,   5.0135202571345497E+10,   9.6966056823444257E-19,   4.6629367034256575E-15
16,2,2,94,   6.0394917613823875E+10,   9.9536242484422251E-19,   4.6629367034256575E-15
16,2,2,95,   7.4901355533780289E+10,   1.1712574000185180E-18,   4.6629367034256575E-15
16,3,1,1,   2.3146527437903006E+00,   5.2691165811269181E-16,   5.1070259132757201E-15
16,3,1,2,   2.3153594876621355E+00,   2.9726047644826440E-16,   5.1070259132757201E-15
16,3,1,3,   2.3161185920212488E+00,   3.0568785000494289E-16,   5.1070259132757201E-15
16,3,1,4,   2.3165689152044084E+00,   4.6478024075565872E-16,   5.1070259132757201E-15
16,3,1,5,   2.3173502362114764E+00,   4.5494721017721636E-16,   5.1070259132757201E-15
16,3,1,6,   2.3181314768304091E+00,   6.0520910396418391E-16,   5.1070259132757201E-15
16,3,1,7,   2.3185875337597293E+00,   6.1024846829821146E-16,   5.1070259132757201E-15
16,3,1,8,   2.3193692499126795E+00,   3.5643532436994299E-16,   5.1070259132757201E-15
16,3,1,9,   2.3201550500624948E+00,   8.3177870947441039E-16,   5.1070259132757201E-15
16,3,1,10,   2.3206097784962205E+00,   6.2512291555661656E-16,   5.1070259132757201E-15
16,3,1,11,   2.3213966025091870E+00,   5.6978765028349528E-16,   5.1070259132757201E-15
16,3,1,12,   2.3221798444636446E+00,   5.8917618946237605E-16,   5.1070259132757201E-15
16,3,1,13,   2.3226394321411159E+00,   1.1882775531955484E-15,   5.1070259132757201E-15
16,3,1,14,   2.3234222489967169E+00,   9.0777929981917854E-16,   5.1070259132757201E-15
16,3,1,15,   2.3242145178256286E+00,   7.2777995374359482E-16,   5.1070259132757201E-15
16,3,1,16,   2.3246726597054277E+00,   7.5160122924125110E-16,   5.1070259132757201E-15
16,3,1,17,   2.3254605580062031E+00,   6.4004157842203291E-16,   5.1070259132757201E-15
16,3,1,18,   2.3262514506451768E+00,   8.6915923495863060E-16,   5.1070259132757201E-15
16,3,1,19,   2.3267155108699713E+00,   1.3908238191315457E-15,   5.1070259132757201E-15
16,3,1,20,   2.3275038622622164E+00,   9.6667612505933937E-16,   5.1070259132757201E-15
16,3,1,21,   2.3282915531295409E+00,   1.3648581370944590E-15,   5.1070259132757201E-15
16,3,1,22,   2.3287576548542268E+00,   1.2939736932016507E-15,   5.1070259132757201E-15
16,3,1,23,   2.3295540558693575E+00,   1.6949228849079143E-15,   5.1070259132757201E-15
16,3,1,24,   2.3303468664641946E+00,   2.1028502223384135E-15,   5.1070259132757201E-15
16,3,1,25,   2.3308037510021431E+00,   2.1672308342448465E-15,   5.1070259132757201E-15
16,3,1,26,   2.3316103896066349E+00,   2.1698743096807195E-15,   5.1070259132757201E-15
16,3,1,27,   2.3323950476860675E+00,   2.8413305030279596E-15,   5.1070259132757201E-15
16,3,1,28,   2.3328673649526759E+00,   2.3649437054547975E-15,   5.1070259132757201E-15
16,3,1,29,   2.3336646432950872E+00,   1.9701687647903224E-15,   5.1070259132757201E-15
16,3,1,30,   2.3344553983199279E+00,   1.4825371972577045E-15,   5.1070259132757201E-15
16,3,1,31,   2.3349280937355199E+00,   3.4997907083713330E-15,   5.1070259132757201E-15
16,3,1,32,   2.3357331376050259E+00,   3.3654523712585967E-15,   5.1070259132757201E-15
16,3,1,33,   2.3365239713323422E+00,   3.1371091851610301E-15,   5.1070259132757201E-15
16,3,1,34,   2.3369876366259152E+00,   3.7816515633679051E-15,   5.1070259132757201E-15
16,3,1,35,   2.3377884719625004E+00,   3.1660634621279462E-15,   5.1070259132757201E-15
16,3,1,36,   2.3385923350759312E+00,   3.4228976227560336E-15,   5.1070259132757201E-15
16,3,1,37,   2.3390682027731247E+00,   4.9513571848929592E-15,   5.1070259132757201E-15
16,3,1,38,   2.3398527585431701E+00,   4.3035177729471739E-15,   5.1070259132757201E-15
16,3,1,39,   2.3406525284928197E+00,   7.7188856601197580E-15,   5.1070259132757201E-15
16,3,1,40,   2.3411470570909736E+00,   4.8903677207142949E-15,   5.1070259132757201E-15
16,3,1,41,   2.3419548898979463E+00,   5.2790783604274554E-15,   5.1070259132757201E-15
16,3,1,42,   2.3427755451388421E+00,   9.5018821005496902E-15,   5.1070259132757201E-15
16,3,1,43,   2.3431960742498172E+00,   8.3963422098591977E-15,   5.1070259132757201E-15
16,3,1,44,   2.3440211040439038E+00,   2.8777930482206442E-15,   5.1070259132757201E-15
16,3,1,45,   2.3448120492861810E+00,   8.1973983577583513E-15,   5.1070259132757201E-15
16,3,1,46,   2.3452924072707209E+00,   8.9195914246756472E-15,   5.1070259132757201E-15
16,3,1,47,   2.3460939747235781E+00,   5.7783784933942745E-15,   5.1070259132757201E-15
16,3,1,48,   2.3468613613010163E+00,   1.7951399748569547E-14,   5.1070259132757201E-15
16,3,1,49,   1.1061474570091093E+04,   8.0660513540757027E-18,   5.1070259132757201E-15
16,3,1,50,   1.1064926889797020E+04,   1.5487123615505370E-17,   5.1070259132757201E-15
16,3,1,51,   1.1066924279405443E+04,   3.1018598013428909E-17,   5.1070259132757201E-15
16,3,1,52,   1.1070081494246848E+04,   3.6726627863253429E-17,   5.1070259132757201E-15
16,3,1,53,   1.1074097527556170E+04,   5.5545269088138422E-17,   5.1070259132757201E-15
16,3,1,54,   1.1076505798971832E+04,   1.1827533497930810E-16,   5.1070259132757201E-15
16,3,1,55,   1.1079599381905924E+04,   1.1732787662549029E-16,   5.1070259132757201E-15
16,3,1,56,   1.1083683592994304E+04,   1.2674868074519480E-16,   5.1070259132757201E-15
16,3,1,57,   1.1086151733984529E+04,   1.7863432427297876E-16,   5.1070259132757201E-15
16,3,1,58,   1.1089209842529090E+04,   1.7232912236584904E-16,   5.1070259132757201E-15
16,3,1,59,   1.1093327170492419E+04,   1.8573775900372806E-16,   5.1070259132757201E-15
16,3,1,60,   1.1095831136313400E+04,   2.0675774990036181E-16,   5.1070259132757201E-15
16,3,1,61,   1.1098874054234799E+04,   1.8399119885302116E-16,   5.1070259132757201E-15
16,3,1,62,   1.1103013734313303E+04,   2.0934948131545466E-16,   5.1070259132757201E-15
16,3,1,63,   1.1105540748478848E+04,   3.5034564390897609E-16,   5.1070259132757201E-15
16,3,1,64,   1.1108579891671867E+04,   2.7322500703994437E-16,   5.1070259132757201E-15
16,3,1,65,   1.1112737482837580E+04,   2.8687661886520091E-16,   5.1070259132757201E-15
16,3,1,66,   1.1115279706351444E+04,   4.1516697761308726E-16,   5.1070259132757201E-15
16,3,1,67,   1.1118323003909723E+04,   3.4048825392699678E-16,   5.1070259132757201E-15
16,3,1,68,   1.1122496249805137E+04,   4.4458362468791909E-16,   5.1070259132757201E-15
16,3,1,69,   1.1125047960618549E+04,   5.5368835780900247E-16,   5.1070259132757201E-15
16,3,1,70,   1.1128101910060594E+04,   6.2760398841918660E-16,   5.1070259132757201E-15
16,3,1,71,   1.1132289426678084E+04,   7.3947772090710036E-16,   5.1070259132757201E-15
16,3,1,72,   1.1134845820134235E+04,   8.2514283081167951E-16,   5.1070259132757201E-15
16,3,1,73,   1.1137916445796758E+04,   7.5843838459234848E-16,   5.1070259132757201E-15
16,3,1,74,   1.1142117200170462E+04,   9.4379482559648457E-16,   5.1070259132757201E-15
16,3,1,75,   1.1144673820634229E+04,   9.8460591420032754E-16,   5.1070259132757201E-15
16,3,1,76,   1.1147767235440522E+04,   7.9537431226960564E-16,   5.1070259132757201E-15
16,3,1,77,   1.1151980297963901E+04,   8.7624469045006295E-16,   5.1070259132757201E-15
16,3,1,78,   1.1154532725964011E+04,   1.0772093471003945E-15,   5.1070259132757201E-15
16,3,1,79,   1.1157655589221895E+04,   7.8242545275031977E-16,   5.1070259132757201E-15
16,3,1,80,   1.1161879991227483E+04,   7.3053507628364160E-16,   5.1070259132757201E-15
16,3,1,81,   1.1164423627922271E+04,   8.2049302826354842E-16,   5.1070259132757201E-15
16,3,1,82,   1.1167583696972757E+04,   7.3869486009488014E-16,   5.1070259132757201E-15
16,3,1,83,   1.1171818341350896E+04,   6.9101406715263212E-16,   5.1070259132757201E-15
16,3,1,84,   1.1174348201089431E+04,   6.3700380521633781E-16,   5.1070259132757201E-15
16,3,1,85,   1.1177555243098881E+04,   5.8303704634713130E-16,   5.1070259132757201E-15
16,3,1,86,   1.1181798876850087E+04,   5.3893381175447346E-16,   5.1070259132757201E-15
16,3,1,87,   1.1184309322968154E+04,   6.4396837972343531E-16,   5.1070259132757201E-15
16,3,1,88,   1.1187577063966455E+04,   4.9954093744674918E-16,   5.1070259132757201E-15
16,3,1,89,   1.1191828522940599E+04,   6.3181495288621506E-16,   5.1070259132757201E-15
16,3,1,90,   1.1194312901108497E+04,   8.0812290186067722E-16,   5.1070259132757201E-15
16,3,1,91,   1.1197664627831449E+04,   4.4538402435336462E-16,   5.1070259132757201E-15
16,3,1,92,   1.1201925048162519E+04,   5.7246559463208752E-16,   5.1070259132757201E-15
16,3,1,93,   1.1204375957252449E+04,   1.0056232772274365E-15,   5.1070259132757201E-15
16,3,1,94,   1.1207873813445907E+04,   6.6390730312749760E-16,   5.1070259132757201E-15
16,3,1,95,   1.1212195164142504E+04,   4.4924124066719464E-16,   5.1070259132757201E-15
16,3,1,96,   2.8107862206808500E+07,   1.1235459520164411E-15,   5.1070259132757201E-15
16,3,1,97,   1.0228006851715940E+08,   6.2317221001190038E-16,   5.1070259132757201E-15
16,3,1,98,   2.0493427654451558E+08,   3.4649497773873305E-16,   5.1070259132757201E-15
16,3,1,99,   3.3868142367173374E+08,   2.5644432039666470E-16,   5.1070259132757201E-15
16,3,1,100,   5.0376566728942353E+08,   1.6950217900427309E-16,   5.1070259132757201E-15
16,3,1,101,   7.0027015012920749E+08,   9.2401619072930762E-17,   5.1070259132757201E-15
16,3,1,102,   9.2766013297678542E+08,   4.4723208275374778E-17,   5.1070259132757201E-15
16,3,1,103,   1.1781941555088542E+09,   2.0157121008646229E-17,   5.1070259132757201E-15
16,3,1,104,   1.4041140969015493E+09,   9.0922848141055149E-18,   5.1070259132757201E-15
16,3,1,105,   1.6265178398113239E+09,   1.3243266485356727E-17,   5.1070259132757201E-15
16,3,1,106,   1.9628141436519678E+09,   2.1050921387225891E-17,   5.1070259132757201E-15
16,3,1,107,   2.3752543460869761E+09,   2.2965405368675166E-17,   5.1070259132757201E-15
16,3,1,108,   2.8435413383829303E+09,   2.5075806160776031E-17,   5.1070259132757201E-15
16,3,1,109,   3.3811792099664989E+09,   2.4611105516842679E-17,   5.1070259132757201E-15
16,3,1,110,   3.9960331951991596E+09,   2.1206014978325067E-17,   5.1070259132757201E-15
16,3,1,111,   4.6666360285716066E+09,   1.8412587887613104E-17,   5.1070259132757201E-15
16,3,1,112,   5.4308538714563036E+09,   1.4372142100944591E-17,   5.1070259132757201E-15
16,3,1,113,   6.2842691526324148E+09,   9.3917325341473752E-18,   5.1070259132757201E-15
16,3,1,114,   7.2153052336205349E+09,   9.3206562514864576E-18,   5.1070259132757201E-15
16,3,1,115,   8.2622752960125380E+09,   1.0086316373415794E-17,   5.1070259132757201E-15
16,3,1,116,   9.3691241200991402E+09,   6.1277659758810280E-18,   5.1070259132757201E-15
16,3,1,117,   1.0392080772545235E+10,   4.6567407848793037E-18,   5.1070259132757201E-15
16,3,1,118,   1.1344864774315548E+10,   3.7045359166184916E-18,   5.1070259132757201E-15
16,3,1,119,   1.2658861593342918E+10,   3.8306797278514792E-18,   5.1070259132757201E-15
16,3,1,120,   1.4293469858348265E+10,   4.6974794358988213E-18,   5.1070259132757201E-15
16,3,1,121,   1.6173314917669584E+10,   4.6067865608014732E-18,   5.1070259132757201E-15
16,3,1,122,   1.8304281145141560E+10,   4.2355082201063214E-18,   5.1070259132757201E-15
16,3,1,123,   2.0382854177324333E+10,   1.9440308214042154E-18,   5.1070259132757201E-15
16,3,1,124,   2.1515504124601387E+10,   1.8992487982473978E-18,   5.1070259132757201E-15
16,3,1,125,   2.4079841272112316E+10,   2.9784831925855994E-18,   5.1070259132757201E-15
16,3,1,126,   2.7523194353490200E+10,   2.7282572135004452E-18,   5.1070259132757201E-15
16,3,1,127,   3.0721893431906528E+10,   1.0833075428629647E-18,   5.1070259132757201E-15
16,3,1,128,   3.2242138035291111E+10,   2.1162291199488641E-18,   5.1070259132757201E-15
16,3,1,129,   3.7488610449604446E+10,   2.1539170170274332E-18,   5.1070259132757201E-15
16,3,1,130,   4.1015709539041367E+10,   6.3655721638737274E-19,   5.1070259132757201E-15
16,3,1,131,   4.5293789803047394E+10,   1.2091493679336424E-18,   5.1070259132757201E-15
16,3,1,132,   5.1070301861399078E+10,   1.1511663005114575E-18,   5.1070259132757201E-15
16,3,1,133,   5.8773432709175209E+10,   1.6004298973846605E-18,   5.1070259132757201E-15
16,3,1,134,   6.1375862892864494E+10,   6.9776509286795413E-19,   5.1070259132757201E-15
16,3,1,135,   7.1309348140479248E+10,   6.2219246153559250E-19,   5.1070259132757201E-15
16,3,1,136,   8.1557226942624268E+10,   4.8305036962042768E-19,   5.1070259132757201E-15
16,3,1,137,   9.2329234666737518E+10,   5.7246544931246950E-19,   5.1070259132757201E-15
16,3,1,138,   1.0431385970920641E+11,   5.8850817687273805E-19,   5.1070259132757201E-15
16,3,1,139,   1.1832016895570155E+11,   4.9876606800967650E-19,   5.1070259132757201E-15
16,3,1,140,   1.3516272401398494E+11,   3.8581871457127168E-19,   5.1070259132757201E-15
16,3,1,141,   1.5591521470339139E+11,   3.2327849016068251E-19,   5.1070259132757201E-15
16,3,1,142,   1.8248400396363553E+11,   5.4001749350279766E-19,   5.1070259132757201E-15
16,3,1,143,   2.1956942445988446E+11,   5.5851415739296549E-19,   5.1070259132757201E-15
16,3,2,1,   2.3146528861790143E+00,   2.8937510182524972E-16,   2.9976021664879227E-15
16,3,2,2,   2.3153594395818482E+00,   3.1946374634575833E-16,   2.9976021664879227E-15
16,3,2,3,   2.3161182104417493E+00,   5.2053614014697098E-16,   2.9976021664879227E-15
16,3,2,4,   2.3165688059235041E+00,   3.7842529564146084E-16,   2.9976021664879227E-15
16,3,2,5,   2.3173500993130944E+00,   3.1600410818484383E-16,   2.9976021664879227E-15
16,3,2,6,   2.3181315938495155E+00,   3.7948360726633954E-16,   2.9976021664879227E-15
16,3,2,7,   2.3185869904817773E+00,   4.4702942272415965E-16,   2.9976021664879227E-15
16,3,2,8,   2.3193708419750143E+00,   4.3536656209008578E-16,   2.9976021664879227E-15
16,3,2,9,   2.3201523455482396E+00,   6.0717407789679153E-16,   2.9976021664879227E-15
16,3,2,10,   2.3206094232333894E+00,   7.2878032839552044E-16,   2.9976021664879227E-15
16,3,2,11,   2.3213944707913821E+00,   4.2099842276885220E-16,   2.9976021664879227E-15
16,3,2,12,   2.3221808348307436E+00,   8.2397956243433050E-16,   2.9976021664879227E-15
16,3,2,13,   2.3226380571226679E+00,   1.6163729136128202E-15,   2.9976021664879227E-15
16,3,2,14,   2.3234218874661399E+00,   1.1275378316180261E-15,   2.9976021664879227E-15
16,3,2,15,   2.3242120723427364E+00,   1.1414118129451311E-15,   2.9976021664879227E-15
16,3,2,16,   2.3246712284961339E+00,   8.7351086486463325E-16,   2.9976021664879227E-15
16,3,2,17,   2.3254616108876829E+00,   7.0941829003612521E-16,   2.9976021664879227E-15
16,3,2,18,   2.3262503497215787E+00,   9.8795898666522973E-16,   2.9976021664879227E-15
16,3,2,19,   2.3267103742059989E+00,   1.0612680261950106E-15,   2.9976021664879227E-15
16,3,2,20,   2.3274997407813234E+00,   8.9184036000356156E-16,   2.9976021664879227E-15
16,3,2,21,   2.3282963212766150E+00,   2.0712822680623493E-15,   2.9976021664879227E-15
16,3,2,22,   2.3287578933035844E+00,   1.7435935190535523E-15,   2.9976021664879227E-15
16,3,2,23,   2.3295442809087232E+00,   1.6558624993057785E-15,   2.9976021664879227E-15
16,3,2,24,   2.3303417476537844E+00,   1.4323619833443591E-15,   2.9976021664879227E-15
16,3,2,25,   2.3308007315421424E+00,   2.2658965703440670E-15,   2.9976021664879227E-15
16,3,2,26,   2.3316049587255407E+00,   1.1051544358092386E-15,   2.9976021664879227E-15
16,3,2,27,   2.3323986269310599E+00,   1.1436137018247670E-15,   2.9976021664879227E-15
16,3,2,28,   2.3328687754999726E+00,   3.2626923065621289E-15,   2.9976021664879227E-15
16,3,2,29,   2.3336609495393992E+00,   1.6390109697263010E-15,   2.9976021664879227E-15
16,3,2,30,   2.3344644786314155E+00,   3.5152841969903275E-15,   2.9976021664879227E-15
16,3,2,31,   2.3349194275629168E+00,   2.7593342066068334E-15,   2.9976021664879227E-15
16,3,2,32,   2.3357257902688646E+00,   1.9406471695933440E-15,   2.9976021664879227E-15
16,3,2,33,   2.3365242663669687E+00,   4.9311536466961501E-15,   2.9976021664879227E-15
16,3,2,34,   2.3369887276172960E+00,   3.3034631452195696E-15,   2.9976021664879227E-15
16,3,2,35,   2.3377817644292582E+00,   4.2011787078410616E-15,   2.9976021664879227E-15
16,3,2,36,   2.3385831915171269E+00,   5.0780432819960297E-15,   2.9976021664879227E-15
16,3,2,37,   2.3390612429065984E+00,   3.6431013028246381E-15,   2.9976021664879227E-15
16,3,2,38,   2.3398468911100982E+00,   6.0723834053568953E-15,   2.9976021664879227E-15
16,3,2,39,   2.3406593344259390E+00,   5.8550207101724798E-15,   2.9976021664879227E-15
16,3,2,40,   2.3411225821011068E+00,   6.1493263641192770E-15,   2.9976021664879227E-15
16,3,2,41,   2.3419287728798044E+00,   4.4694348235316290E-15,   2.9976021664879227E-15
16,3,2,42,   2.3427690431069239E+00,   7.4394058362163429E-15,   2.9976021664879227E-15
16,3,2,43,   2.3432102987033332E+00,   5.9456594588350068E-15,   2.9976021664879227E-15
16,3,2,44,   2.3440138244302404E+00,   4.2158826243170513E-15,   2.9976021664879227E-15
16,3,2,45,   2.3448551564555515E+00,   8.4072630321231398E-15,   2.9976021664879227E-15
16,3,2,46,   2.3452875741078527E+00,   8.0081808873614052E-15,   2.9976021664879227E-15
16,3,2,47,   2.3461231401796026E+00,   1.7803782671118373E-15,   2.9976021664879227E-15
16,3,2,48,   2.3469301685463240E+00,   9.0580905355602876E-16,   2.9976021664879227E-15
16,3,2,49,   1.1061474569712846E+04,   6.8698941500212781E-18,   2.9976021664879227E-15
16,3,2,50,   1.1064926889682023E+04,   1.4631013229365604E-17,   2.9976021664879227E-15
16,3,2,51,   1.1066924279287809E+04,   2.7054157099945651E-17,   2.9976021664879227E-15
16,3,2,52,   1.1070081494025508E+04,   4.3162313766547415E-17,   2.9976021664879227E-15
16,3,2,53,   1.1074097527193398E+04,   6.0659394040606010E-17,   2.9976021664879227E-15
16,3,2,54,   1.1076505798968825E+04,   7.5330865455718696E-17,   2.9976021664879227E-15
16,3,2,55,   1.1079599381841506E+04,   9.1341417333136000E-17,   2.9976021664879227E-15
16,3,2,56,   1.1083683593020594E+04,   1.2888995942906677E-16,   2.9976021664879227E-15
16,3,2,57,   1.1086151734069570E+04,   1.5989849007739028E-16,   2.9976021664879227E-15
16,3,2,58,   1.1089209842510521E+04,   1.9340198992045182E-16,   2.9976021664879227E-15
16,3,2,59,   1.1093327170622966E+04,   2.1911586534522218E-16,   2.9976021664879227E-15
16,3,2,60,   1.1095831136431043E+04,   3.7452631609134471E-16,   2.9976021664879227E-15
16,3,2,61,   1.1098874054372609E+04,   3.1066324285925673E-16,   2.9976021664879227E-15
16,3,2,62,   1.1103013734345055E+04,   3.4239725926827965E-16,   2.9976021664879227E-15
16,3,2,63,   1.1105540748365309E+04,   4.1889320541397764E-16,   2.9976021664879227E-15
16,3,2,64,   1.1108579891595280E+04,   3.1949517473642125E-16,   2.9976021664879227E-15
16,3,2,65,   1.1112737482728326E+04,   3.2265143894297289E-16,   2.9976021664879227E-15
16,3,2,66,   1.1115279706342861E+04,   4.0919335008444656E-16,   2.9976021664879227E-15
16,3,2,67,   1.1118323003827712E+04,   3.5023520041221628E-16,   2.9976021664879227E-15
16,3,2,68,   1.1122496249721877E+04,   3.4146674749995188E-16,   2.9976021664879227E-15
16,3,2,69,   1.1125047960624799E+04,   3.7073001506546886E-16,   2.9976021664879227E-15
16,3,2,70,   1.1128101910009435E+04,   3.5003606986813276E-16,   2.9976021664879227E-15
16,3,2,71,   1.1132289426648858E+04,   3.0883456146372692E-16,   2.9976021664879227E-15
16,3,2,72,   1.1134845820062445E+04,   3.8569568981837875E-16,   2.9976021664879227E-15
16,3,2,73,   1.1137916445689820E+04,   3.5873429816754206E-16,   2.9976021664879227E-15
16,3,2,74,   1.1142117200087103E+04,   4.2422882466382314E-16,   2.9976021664879227E-15
16,3,2,75,   1.1144673820644948E+04,   5.6663565247549026E-16,   2.9976021664879227E-15
16,3,2,76,   1.1147767235372115E+04,   5.5396634237217838E-16,   2.9976021664879227E-15
16,3,2,77,   1.1151980297941462E+04,   5.0928469856989606E-16,   2.9976021664879227E-15
16,3,2,78,   1.1154532725863133E+04,   5.2945833421381613E-16,   2.9976021664879227E-15
16,3,2,79,   1.1157655589157059E+04,   5.1221784887685126E-16,   2.9976021664879227E-15
16,3,2,80,   1.1161879991248534E+04,   5.4689309761439906E-16,   2.9976021664879227E-15
16,3,2,81,   1.1164423627891560E+04,   7.0160005089361443E-16,   2.9976021664879227E-15
16,3,2,82,   1.1167583696966505E+04,   5.9197236182111153E-16,   2.9976021664879227E-15
16,3,2,83,   1.1171818341339007E+04,   6.1038874327216030E-16,   2.9976021664879227E-15
16,3,2,84,   1.1174348201106410E+04,   6.5531329504162374E-16,   2.9976021664879227E-15
16,3,2,85,   1.1177555243206005E+04,   7.2058290251669894E-16,   2.9976021664879227E-15
16,3,2,86,   1.1181798876868617E+04,   7.0332608413886745E-16,   2.9976021664879227E-15
16,3,2,87,   1.1184309322945141E+04,   7.8675721294571617E-16,   2.9976021664879227E-15
16,3,2,88,   1.1187577063986650E+04,   5.7307794316398128E-16,   2.9976021664879227E-15
16,3,2,89,   1.1191828522978734E+04,   6.5769309302138783E-16,   2.9976021664879227E-15
16,3,2,90,   1.1194312901125584E+04,   7.9770933091813876E-16,   2.9976021664879227E-15
16,3,2,91,   1.1197664627830052E+04,   5.6214072692608887E-16,   2.9976021664879227E-15
16,3,2,92,   1.1201925048249104E+04,   5.5498788788175420E-16,   2.9976021664879227E-15
16,3,2,93,   1.1204375957258431E+04,   1.0208672513419012E-15,   2.9976021664879227E-15
16,3,2,94,   1.1207873813467531E+04,   5.7062683502616745E-16,   2.9976021664879227E-15
16,3,2,95,   1.1212195163961875E+04,   4.1311422073441634E-16,   2.9976021664879227E-15
16,3,2,96,   2.8107862206809931E+07,   1.4590581284130121E-15,   2.9976021664879227E-15
16,3,2,97,   1.0228006851716445E+08,   8.7651299585148914E-16,   2.9976021664879227E-15
16,3,2,98,   2.0493427654452047E+08,   5.4717110359325519E-16,   2.9976021664879227E-15
16,3,2,99,   3.3868142367173475E+08,   2.4293100038177432E-16,   2.9976021664879227E-15
16,3,2,100,   5.0376566728942007E+08,   1.2729545006009160E-16,   2.9976021664879227E-15
16,3,2,101,   7.0027015012920654E+08,   6.6629235683348787E-17,   2.9976021664879227E-15
16,3,2,102,   9.2766013297678530E+08,   3.1588667055172643E-17,   2.9976021664879227E-15
16,3,2,103,   1.1781941555088542E+09,   1.4050797436928074E-17,   2.9976021664879227E-15
16,3,2,104,   1.4041140969015486E+09,   7.0092635494572033E-18,   2.9976021664879227E-15
16,3,2,105,   1.6265178398113222E+09,   1.0417168439562036E-17,   2.9976021664879227E-15
16,3,2,106,   1.9628141436519649E+09,   1.9167532063335536E-17,   2.9976021664879227E-15
16,3,2,107,   2.3752543460869756E+09,   2.5933061911070745E-17,   2.9976021664879227E-15
16,3,2,108,   2.8435413383829260E+09,   2.7152228966316785E-17,   2.9976021664879227E-15
16,3,2,109,   3.3811792099664965E+09,   2.3585573627186440E-17,   2.9976021664879227E-15
16,3,2,110,   3.9960331951991577E+09,   1.7755862495141847E-17,   2.9976021664879227E-15
16,3,2,111,   4.6666360285716019E+09,   1.6649710019048381E-17,   2.9976021664879227E-15
16,3,2,112,   5.4308538714563036E+09,   1.7176327194108616E-17,   2.9976021664879227E-15
16,3,2,113,   6.2842691526324120E+09,   1.3266916475734382E-17,   2.9976021664879227E-15
16,3,2,114,   7.2153052336205368E+09,   1.1489543929684759E-17,   2.9976021664879227E-15
16,3,2,115,   8.2622752960125389E+09,   9.7285809405145083E-18,   2.9976021664879227E-15
16,3,2,116,   9.3691241200991325E+09,   6.7684470873445063E-18,   2.9976021664879227E-15
16,3,2,117,   1.0392080772545229E+10,   4.0734748254871334E-18,   2.9976021664879227E-15
16,3,2,118,   1.1344864774315548E+10,   3.2422356842286256E-18,   2.9976021664879227E-15
16,3,2,119,   1.2658861593342918E+10,   4.1507142136194339E-18,   2.9976021664879227E-15
16,3,2,120,   1.4293469858348253E+10,   3.9718831422541448E-18,   2.9976021664879227E-15
16,3,2,121,   1.6173314917669586E+10,   3.5505065625873603E-18,   2.9976021664879227E-15
16,3,2,122,   1.8304281145141560E+10,   2.9919585444884137E-18,   2.9976021664879227E-15
16,3,2,123,   2.0382854177324329E+10,   1.8056961633703971E-18,   2.9976021664879227E-15
16,3,2,124,   2.1515504124601387E+10,   1.7644587664600241E-18,   2.9976021664879227E-15
16,3,2,125,   2.4079841272112324E+10,   2.7358426431100030E-18,   2.9976021664879227E-15
16,3,2,126,   2.7523194353490200E+10,   2.4077087920353418E-18,   2.9976021664879227E-15
16,3,2,127,   3.0721893431906513E+10,   9.2663684701781626E-19,   2.9976021664879227E-15
16,3,2,128,   3.2242138035291111E+10,   1.2432394552964955E-18,   2.9976021664879227E-15
16,3,2,129,   3.7488610449604439E+10,   1.5282870127851280E-18,   2.9976021664879227E-15
16,3,2,130,   4.1015709539041313E+10,   6.5461821476556062E-19,   2.9976021664879227E-15
16,3,2,131,   4.5293789803047462E+10,   1.4312277685587928E-18,   2.9976021664879227E-15
16,3,2,132,   5.1070301861399162E+10,   7.3285687075200601E-19,   2.9976021664879227E-15
16,3,2,133,   5.8773432709175255E+10,   1.3085578328058296E-18,   2.9976021664879227E-15
16,3,2,134,   6.1375862892864471E+10,   6.4702169576838771E-19,   2.9976021664879227E-15
16,3,2,135,   7.1309348140479263E+10,   5.9866888293554745E-19,   2.9976021664879227E-15
16,3,2,136,   8.1557226942624313E+10,   5.1265419952953899E-19,   2.9976021664879227E-15
16,3,2,137,   9.2329234666737488E+10,   4.5344313820142303E-19,   2.9976021664879227E-15
16,3,2,138,   1.0431385970920648E+11,   5.3259307803184873E-19,   2.9976021664879227E-15
16,3,2,139,   1.1832016895570166E+11,   5.1266147981384166E-19,   2.9976021664879227E-15
16,3,2,140,   1.3516272401398518E+11,   5.1722669582579467E-19,   2.9976021664879227E-15
16,3,2,141,   1.5591521470339145E+11,   3.7771684045144657E-19,   2.9976021664879227E-15
16,3,2,142,   1.8248400396363580E+11,   6.2665845954858861E-19,   2.9976021664879227E-15
16,3,2,143,   2.1956942445988446E+11,   5.4785554716193862E-19,   2.9976021664879227E-15
16,4,1,1,   2.3145685506455842E+00,   5.7961891566991935E-16,   4.4408920985006262E-15
16,4,1,2,   2.3150273296790305E+00,   4.2833248202540796E-16,   4.4408920985006262E-15
16,4,1,3,   2.3156871750922545E+00,   2.1858700064143411E-16,   4.4408920985006262E-15
16,4,1,4,   2.3162036513532782E+00,   3.1048564680162232E-16,   4.4408920985006262E-15
16,4,1,5,   2.3164809052193092E+00,   3.6532439294345312E-16,   4.4408920985006262E-15
16,4,1,6,   2.3170059917399359E+00,   3.5038598954960242E-16,   4.4408920985006262E-15
16,4,1,7,   2.3176929339339609E+00,   2.8668597451799624E-16,   4.4408920985006262E-15
16,4,1,8,   2.3182185306601020E+00,   4.9288618593281333E-16,   4.4408920985006262E-15
16,4,1,9,   2.3184987264620411E+00,   4.6110230422142359E-16,   4.4408920985006262E-15
16,4,1,10,   2.3190261282350715E+00,   2.7262955732133487E-16,   4.4408920985006262E-15
16,4,1,11,   2.3197146786208682E+00,   3.7290003748954932E-16,   4.4408920985006262E-15
16,4,1,12,   2.3202440146382526E+00,   5.4240015822794622E-16,   4.4408920985006262E-15
16,4,1,13,   2.3205221880401421E+00,   5.3798867765554260E-16,   4.4408920985006262E-15
16,4,1,14,   2.3210521694581896E+00,   3.4262584633186337E-16,   4.4408920985006262E-15
16,4,1,15,   2.3217407817141940E+00,   3.1088654524550751E-16,   4.4408920985006262E-15
16,4,1,16,   2.3222712971340327E+00,   6.6110492800660986E-16,   4.4408920985006262E-15
16,4,1,17,   2.3225503484827570E+00,   4.9998141712965222E-16,   4.4408920985006262E-15
16,4,1,18,   2.3230786144845323E+00,   4.7079288256737826E-16,   4.4408920985006262E-15
16,4,1,19,   2.3237674252684006E+00,   4.9382676237657884E-16,   4.4408920985006262E-15
16,4,1,20,   2.3243012334153672E+00,   6.2088904959770548E-16,   4.4408920985006262E-15
16,4,1,21,   2.3245821012265035E+00,   1.0237072176764762E-15,   4.4408920985006262E-15
16,4,1,22,   2.3251124096910960E+00,   5.9262796083119917E-16,   4.4408920985006262E-15
16,4,1,23,   2.3258075133420002E+00,   5.0120947457154608E-16,   4.4408920985006262E-15
16,4,1,24,   2.3263461951519879E+00,   1.4259336044159917E-15,   4.4408920985006262E-15
16,4,1,25,   2.3266259632217099E+00,   1.0362078890071897E-15,   4.4408920985006262E-15
16,4,1,26,   2.3271623597310009E+00,   9.9230779670764873E-16,   4.4408920985006262E-15
16,4,1,27,   2.3278464637225684E+00,   5.4605390763137488E-16,   4.4408920985006262E-15
16,4,1,28,   2.3283805441462104E+00,   7.6820555317830917E-16,   4.4408920985006262E-15
16,4,1,29,   2.3286541582031810E+00,   1.9009047012298919E-15,   4.4408920985006262E-15
16,4,1,30,   2.3291806930367742E+00,   1.8821980103871509E-15,   4.4408920985006262E-15
16,4,1,31,   2.3298868000947399E+00,   1.3662491352613830E-15,   4.4408920985006262E-15
16,4,1,32,   2.3304138404431920E+00,   3.1141268626856018E-15,   4.4408920985006262E-15
16,4,1,33,   2.3307129888490663E+00,   1.3545210175551163E-15,   4.4408920985006262E-15
16,4,1,34,   2.3312454016063686E+00,   8.1190871773014440E-16,   4.4408920985006262E-15
16,4,1,35,   2.3319519725901250E+00,   8.3310203611254552E-16,   4.4408920985006262E-15
16,4,1,36,   2.3324707102172533E+00,   2.7751318657172858E-15,   4.4408920985006262E-15
16,4,1,37,   2.3327582901694903E+00,   2.1671991665650952E-15,   4.4408920985006262E-15
16,4,1,38,   2.3333133517445961E+00,   1.1457791104382907E-15,   4.4408920985006262E-15
16,4,1,39,   2.3339888437189202E+00,   1.4226170658232227E-15,   4.4408920985006262E-15
16,4,1,40,   2.3345114071624091E+00,   4.3890749416691074E-15,   4.4408920985006262E-15
16,4,1,41,   2.3348176823992599E+00,   3.0234008253258962E-15,   4.4408920985006262E-15
16,4,1,42,   2.3353549605197723E+00,   1.1351592881902756E-15,   4.4408920985006262E-15
16,4,1,43,   2.3360681370039282E+00,   2.0676832950801430E-15,   4.4408920985006262E-15
16,4,1,44,   2.3366186176356760E+00,   3.7266907005246466E-15,   4.4408920985006262E-15
16,4,1,45,   2.3369013408049240E+00,   2.8598460186770539E-15,   4.4408920985006262E-15
16,4,1,46,   2.3374513546902809E+00,   2.4899650768485506E-15,   4.4408920985006262E-15
16,4,1,47,   2.3381272548588545E+00,   2.3224886941569765E-15,   4.4408920985006262E-15
16,4,1,48,   2.3386859806721052E+00,   3.2560105921131017E-15,   4.4408920985006262E-15
16,4,1,49,   2.3389539429597130E+00,   3.3671117252413410E-15,   4.4408920985006262E-15
16,4,1,50,   2.3394928968979709E+00,   2.2948460054213998E-15,   4.4408920985006262E-15
16,4,1,51,   2.3402197701191283E+00,   1.5983220075162814E-15,   4.4408920985006262E-15
16,4,1,52,   2.3407501387420120E+00,   3.3763419549716243E-15,   4.4408920985006262E-15
16,4,1,53,   2.3410162554295453E+00,   5.8461249653347937E-15,   4.4408920985006262E-15
16,4,1,54,   2.3415953391125544E+00,   4.9252117319647795E-15,   4.4408920985006262E-15
16,4,1,55,   2.3422884090803326E+00,   3.0752821242031201E-15,   4.4408920985006262E-15
16,4,1,56,   2.3428348247398660E+00,   2.9534181723535840E-15,   4.4408920985006262E-15
16,4,1,57,   2.3430984796653083E+00,   9.7330017628836580E-15,   4.4408920985006262E-15
16,4,1,58,   2.3436706016147437E+00,   3.3066799962358436E-15,   4.4408920985006262E-15
16,4,1,59,   2.3443604990366298E+00,   2.0018960720303508E-15,   4.4408920985006262E-15
16,4,1,60,   2.3448658396314670E+00,   8.7237161447024137E-15,   4.4408920985006262E-15
16,4,1,61,   2.3452178888475337E+00,   7.5487124096761741E-15,   4.4408920985006262E-15
16,4,1,62,   2.3457236050273895E+00,   4.7337910487386025E-15,   4.4408920985006262E-15
16,4,1,63,   2.3464775074320685E+00,   4.3165387390778081E-15,   4.4408920985006262E-15
16,4,1,64,   2.3470977573071554E+00,   6.9044521958063405E-15,   4.4408920985006262E-15
16,4,1,65,   1.1060169643198611E+04,   3.6192884582259369E-18,   4.4408920985006262E-15
16,4,1,66,   1.1063124967157659E+04,   5.9030126729748482E-18,   4.4408920985006262E-15
16,4,1,67,   1.1065528398159844E+04,   8.4069494540784045E-18,   4.4408920985006262E-15
16,4,1,68,   1.1066810579071103E+04,   2.3923568602720961E-17,   4.4408920985006262E-15
16,4,1,69,   1.1068844337466960E+04,   2.7258385696034449E-17,   4.4408920985006262E-15
16,4,1,70,   1.1072033749619266E+04,   3.6913192877645801E-17,   4.4408920985006262E-15
16,4,1,71,   1.1074894600270591E+04,   6.0516500309748302E-17,   4.4408920985006262E-15
16,4,1,72,   1.1076418161256388E+04,   1.4208198354532399E-16,   4.4408920985006262E-15
16,4,1,73,   1.1078394745664755E+04,   1.1363330584869478E-16,   4.4408920985006262E-15
16,4,1,74,   1.1081588951216654E+04,   1.0938155762693404E-16,   4.4408920985006262E-15
16,4,1,75,   1.1084512590590948E+04,   1.0260267589697754E-16,   4.4408920985006262E-15
16,4,1,76,   1.1086071194939961E+04,   1.5577963019062105E-16,   4.4408920985006262E-15
16,4,1,77,   1.1088022063010443E+04,   1.1699865367834826E-16,   4.4408920985006262E-15
16,4,1,78,   1.1091217321436423E+04,   1.1637680741520254E-16,   4.4408920985006262E-15
16,4,1,79,   1.1094174489970261E+04,   1.7115134992727911E-16,   4.4408920985006262E-15
16,4,1,80,   1.1095753593921407E+04,   2.4977180343071110E-16,   4.4408920985006262E-15
16,4,1,81,   1.1097693981571998E+04,   2.3311992142622023E-16,   4.4408920985006262E-15
16,4,1,82,   1.1100892900657684E+04,   2.1888930033164057E-16,   4.4408920985006262E-15
16,4,1,83,   1.1103871928375733E+04,   2.3843344761957537E-16,   4.4408920985006262E-15
16,4,1,84,   1.1105463914250449E+04,   2.8070404491051159E-16,   4.4408920985006262E-15
16,4,1,85,   1.1107401840296056E+04,   2.2764677916950622E-16,   4.4408920985006262E-15
16,4,1,86,   1.1110606958888662E+04,   2.2590174093042127E-16,   4.4408920985006262E-15
16,4,1,87,   1.1113601786726716E+04,   2.3568979702521221E-16,   4.4408920985006262E-15
16,4,1,88,   1.1115201871572935E+04,   3.2032806622032352E-16,   4.4408920985006262E-15
16,4,1,89,   1.1117142765780327E+04,   2.9640400389033058E-16,   4.4408920985006262E-15
16,4,1,90,   1.1120356279043996E+04,   2.9520590948473062E-16,   4.4408920985006262E-15
16,4,1,91,   1.1123363000936240E+04,   3.1251634384593300E-16,   4.4408920985006262E-15
16,4,1,92,   1.1124967569698567E+04,   4.3760258965930476E-16,   4.4408920985006262E-15
16,4,1,93,   1.1126915868043337E+04,   4.1661696100731632E-16,   4.4408920985006262E-15
16,4,1,94,   1.1130139772022199E+04,   3.9738598288855232E-16,   4.4408920985006262E-15
16,4,1,95,   1.1133155376048007E+04,   4.7099717763005119E-16,   4.4408920985006262E-15
16,4,1,96,   1.1134761287411820E+04,   5.2838106839008263E-16,   4.4408920985006262E-15
16,4,1,97,   1.1136721128768017E+04,   5.3217255227506505E-16,   4.4408920985006262E-15
16,4,1,98,   1.1139957357998805E+04,   5.4597043024052842E-16,   4.4408920985006262E-15
16,4,1,99,   1.1142979164293247E+04,   4.7600886322094651E-16,   4.4408920985006262E-15
16,4,1,100,   1.1144583421699412E+04,   5.7797356984679449E-16,   4.4408920985006262E-15
16,4,1,101,   1.1146559041636097E+04,   5.0788779295484493E-16,   4.4408920985006262E-15
16,4,1,102,   1.1149809580432808E+04,   4.4081021638677208E-16,   4.4408920985006262E-15
16,4,1,103,   1.1152834932885673E+04,   4.1824820394593266E-16,   4.4408920985006262E-15
16,4,1,104,   1.1154434497238408E+04,   5.7725683464135998E-16,   4.4408920985006262E-15
16,4,1,105,   1.1156430540138166E+04,   5.9440513813239549E-16,   4.4408920985006262E-15
16,4,1,106,   1.1159697545531923E+04,   5.8773490983788000E-16,   4.4408920985006262E-15
16,4,1,107,   1.1162723585414215E+04,   6.6636669211503294E-16,   4.4408920985006262E-15
16,4,1,108,   1.1164315232250146E+04,   8.5605576952762222E-16,   4.4408920985006262E-15
16,4,1,109,   1.1166337120755677E+04,   6.9409684256834460E-16,   4.4408920985006262E-15
16,4,1,110,   1.1169623104840732E+04,   6.9951035084521687E-16,   4.4408920985006262E-15
16,4,1,111,   1.1172646534954940E+04,   6.7751884307656554E-16,   4.4408920985006262E-15
16,4,1,112,   1.1174226693556377E+04,   9.0394560383034985E-16,   4.4408920985006262E-15
16,4,1,113,   1.1176281225477011E+04,   7.0967008041885974E-16,   4.4408920985006262E-15
16,4,1,114,   1.1179589414923605E+04,   6.9863652827263885E-16,   4.4408920985006262E-15
16,4,1,115,   1.1182606166099293E+04,   6.9650645443626244E-16,   4.4408920985006262E-15
16,4,1,116,   1.1184170670532052E+04,   8.7690373823321143E-16,   4.4408920985006262E-15
16,4,1,117,   1.1186267246123403E+04,   5.1661831397315555E-16,   4.4408920985006262E-15
16,4,1,118,   1.1189602493063046E+04,   4.4318756964948026E-16,   4.4408920985006262E-15
16,4,1,119,   1.1192607156135158E+04,   6.0842982557563243E-16,   4.4408920985006262E-15
16,4,1,120,   1.1194150764926795E+04,   8.6094556278561057E-16,   4.4408920985006262E-15
16,4,1,121,   1.1196304686474428E+04,   5.5389853663750293E-16,   4.4408920985006262E-15
16,4,1,122,   1.1199676709369576E+04,   5.0815834649860592E-16,   4.4408920985006262E-15
16,4,1,123,   1.1202661716327364E+04,   5.5620682233302428E-16,   4.4408920985006262E-15
16,4,1,124,   1.1204177127313869E+04,   6.4631852274765469E-16,   4.4408920985006262E-15
16,4,1,125,   1.1206424257486529E+04,   6.5751537227703135E-16,   4.4408920985006262E-15
16,4,1,126,   1.1209874163631806E+04,   5.7475076069925792E-16,   4.4408920985006262E-15
16,4,1,127,   1.1212856498679421E+04,   6.4751377258499370E-16,   4.4408920985006262E-15
16,4,1,128,   2.8107862206461761E+07,   1.4320885551264651E-15,   4.4408920985006262E-15
16,4,1,129,   1.0228006737107326E+08,   9.5228396395702929E-16,   4.4408920985006262E-15
16,4,1,130,   2.0493418194579425E+08,   5.5425888284274188E-16,   4.4408920985006262E-15
16,4,1,131,   3.3867935809495711E+08,   3.8425726065349189E-16,   4.4408920985006262E-15
16,4,1,132,   5.0374602572673863E+08,   2.4445933900637314E-16,   4.4408920985006262E-15
16,4,1,133,   7.0019578009328187E+08,   1.3915651620828187E-16,   4.4408920985006262E-15
16,4,1,134,   9.2806764996212387E+08,   1.0654071448335046E-16,   4.4408920985006262E-15
16,4,1,135,   1.1874190206935480E+09,   7.5241949671019719E-17,   4.4408920985006262E-15
16,4,1,136,   1.4779041402315519E+09,   4.3440343406784446E-17,   4.4408920985006262E-15
16,4,1,137,   1.7937090414288325E+09,   1.9445119511844275E-17,   4.4408920985006262E-15
16,4,1,138,   2.0867194433562062E+09,   7.9087965583646183E-18,   4.4408920985006262E-15
16,4,1,139,   2.3245696768426533E+09,   8.4779957419758063E-18,   4.4408920985006262E-15
16,4,1,140,   2.6893943086941047E+09,   1.7299710589091953E-17,   4.4408920985006262E-15
16,4,1,141,   3.1517929404883928E+09,   2.2901144948582450E-17,   4.4408920985006262E-15
16,4,1,142,   3.6805041920974879E+09,   2.3443200353582183E-17,   4.4408920985006262E-15
16,4,1,143,   4.2707765003060279E+09,   2.5030228196358893E-17,   4.4408920985006262E-15
16,4,1,144,   4.9223493751482935E+09,   2.3329445393843272E-17,   4.4408920985006262E-15
16,4,1,145,   5.6342065511824408E+09,   2.0769303164747477E-17,   4.4408920985006262E-15
16,4,1,146,   6.3979278692585363E+09,   1.9244646004977912E-17,   4.4408920985006262E-15
16,4,1,147,   7.2067520530777826E+09,   1.6146417284555843E-17,   4.4408920985006262E-15
16,4,1,148,   8.0645920588740635E+09,   1.3698484166409747E-17,   4.4408920985006262E-15
16,4,1,149,   9.0064604012892113E+09,   1.2267983281183273E-17,   4.4408920985006262E-15
16,4,1,150,   1.0066308455137470E+10,   1.1440786348656995E-17,   4.4408920985006262E-15
16,4,1,151,   1.1239020521266773E+10,   1.0782366728647427E-17,   4.4408920985006262E-15
16,4,1,152,   1.2484290738475979E+10,   8.1150358167752000E-18,   4.4408920985006262E-15
16,4,1,153,   1.3739848167944391E+10,   6.3042568205908741E-18,   4.4408920985006262E-15
16,4,1,154,   1.5067815261321478E+10,   6.7670181152975618E-18,   4.4408920985006262E-15
16,4,1,155,   1.6627320830627514E+10,   6.7026586525419593E-18,   4.4408920985006262E-15
16,4,1,156,   1.8372201512868378E+10,   5.1827259307280221E-18,   4.4408920985006262E-15
16,4,1,157,   2.0061148515939026E+10,   3.5343228310958792E-18,   4.4408920985006262E-15
16,4,1,158,   2.1798638554462566E+10,   3.9016014113620404E-18,   4.4408920985006262E-15
16,4,1,159,   2.3953057982186993E+10,   3.4904397461300878E-18,   4.4408920985006262E-15
16,4,1,160,   2.5669969408316444E+10,   1.5757083876626978E-18,   4.4408920985006262E-15
16,4,1,161,   2.7155061489171772E+10,   1.5993676397515591E-18,   4.4408920985006262E-15
16,4,1,162,   2.8892254092589504E+10,   1.7076215634955225E-18,   4.4408920985006262E-15
16,4,1,163,   3.1669616720538830E+10,   2.4426687358586795E-18,   4.4408920985006262E-15
16,4,1,164,   3.4328308608618793E+10,   1.9225938871647164E-18,   4.4408920985006262E-15
16,4,1,165,   3.7535412622474594E+10,   2.4990151388948146E-18,   4.4408920985006262E-15
16,4,1,166,   4.0868032277918320E+10,   1.0790155080215696E-18,   4.4408920985006262E-15
16,4,1,167,   4.4931664333744392E+10,   1.6480440877335826E-18,   4.4408920985006262E-15
16,4,1,168,   4.8470601351476158E+10,   1.3458229748020857E-18,   4.4408920985006262E-15
16,4,1,169,   5.1828894673236504E+10,   4.3827341245556838E-19,   4.4408920985006262E-15
16,4,1,170,   5.4080280988356758E+10,   8.6632045398448863E-19,   4.4408920985006262E-15
16,4,1,171,   5.9580619598719742E+10,   9.4701207503572069E-19,   4.4408920985006262E-15
16,4,1,172,   6.5466534745788254E+10,   1.1165827493978032E-18,   4.4408920985006262E-15
16,4,1,173,   7.2195069714735062E+10,   1.0370964445339019E-18,   4.4408920985006262E-15
16,4,1,174,   7.7269340028249222E+10,   3.6647518616895983E-19,   4.4408920985006262E-15
16,4,1,175,   8.0434272289388763E+10,   9.4812639797955381E-19,   4.4408920985006262E-15
16,4,1,176,   9.0219476298323517E+10,   8.4751837525052651E-19,   4.4408920985006262E-15
16,4,1,177,   1.0226930069610634E+11,   5.7107243519299570E-19,   4.4408920985006262E-15
16,4,1,178,   1.0312169526582843E+11,   5.4069876177869949E-19,   4.4408920985006262E-15
16,4,1,179,   1.1957655316186963E+11,   5.3020546948287273E-19,   4.4408920985006262E-15
16,4,1,180,   1.2819679109103247E+11,   2.6027922621914951E-19,   4.4408920985006262E-15
16,4,1,181,   1.4892706250927808E+11,   3.8348107427770152E-19,   4.4408920985006262E-15
16,4,1,182,   1.5370657375675266E+11,   3.0921866491724293E-19,   4.4408920985006262E-15
16,4,1,183,   1.7920713306234100E+11,   3.2101428291757846E-19,   4.4408920985006262E-15
16,4,1,184,   2.0476975818788370E+11,   2.3884611227491960E-19,   4.4408920985006262E-15
16,4,1,185,   2.3056585637515491E+11,   1.9979780277884624E-19,   4.4408920985006262E-15
16,4,1,186,   2.5746081975065173E+11,   2.5289820088274030E-19,   4.4408920985006262E-15
16,4,1,187,   2.8745720667590222E+11,   2.5379066877761778E-19,   4.4408920985006262E-15
16,4,1,188,   3.2303749877137769E+11,   2.3629010748886741E-19,   4.4408920985006262E-15
16,4,1,189,   3.6677196233414960E+11,   2.5916470255446502E-19,   4.4408920985006262E-15
16,4,1,190,   4.2258934447646002E+11,   2.9184629197585924E-19,   4.4408920985006262E-15
16,4,1,191,   5.0006804558710443E+11,   2.0755242549044780E-19,   4.4408920985006262E-15
16,4,2,1,   2.3145686356434765E+00,   3.7364435520415252E-16,   3.9968028886505635E-15
16,4,2,2,   2.3150274150103267E+00,   4.3837646067339882E-16,   3.9968028886505635E-15
16,4,2,3,   2.3156870493051533E+00,   2.5098842796988421E-16,   3.9968028886505635E-15
16,4,2,4,   2.3162037155375530E+00,   3.3939672793016935E-16,   3.9968028886505635E-15
16,4,2,5,   2.3164823439395690E+00,   2.7908340595241427E-16,   3.9968028886505635E-15
16,4,2,6,   2.3170067116390554E+00,   2.3058790384569331E-16,   3.9968028886505635E-15
16,4,2,7,   2.3176914620232338E+00,   2.7112237096808667E-16,   3.9968028886505635E-15
16,4,2,8,   2.3182185734147014E+00,   5.1297007751925059E-16,   3.9968028886505635E-15
16,4,2,9,   2.3184985950091259E+00,   3.7086502456570003E-16,   3.9968028886505635E-15
16,4,2,10,   2.3190242588830516E+00,   3.1283591295082012E-16,   3.9968028886505635E-15
16,4,2,11,   2.3197160336147746E+00,   4.2779495586172117E-16,   3.9968028886505635E-15
16,4,2,12,   2.3202439663593357E+00,   5.8895154587677536E-16,   3.9968028886505635E-15
16,4,2,13,   2.3205230514163011E+00,   4.7579320396681290E-16,   3.9968028886505635E-15
16,4,2,14,   2.3210503131979938E+00,   4.8320060608532759E-16,   3.9968028886505635E-15
16,4,2,15,   2.3217412633305639E+00,   2.7381328484814823E-16,   3.9968028886505635E-15
16,4,2,16,   2.3222723350966681E+00,   7.7315535363065331E-16,   3.9968028886505635E-15
16,4,2,17,   2.3225474323888728E+00,   8.4819341627981506E-16,   3.9968028886505635E-15
16,4,2,18,   2.3230807105692373E+00,   4.8072982402424518E-16,   3.9968028886505635E-15
16,4,2,19,   2.3237688181085150E+00,   4.8165161846138267E-16,   3.9968028886505635E-15
16,4,2,20,   2.3243012276501860E+00,   5.8423950852646787E-16,   3.9968028886505635E-15
16,4,2,21,   2.3245860804011556E+00,   6.9819141868340944E-16,   3.9968028886505635E-15
16,4,2,22,   2.3251183493734433E+00,   6.4141721455806029E-16,   3.9968028886505635E-15
16,4,2,23,   2.3258080752262140E+00,   5.1728334093820054E-16,   3.9968028886505635E-15
16,4,2,24,   2.3263402974157228E+00,   6.4927690268005576E-16,   3.9968028886505635E-15
16,4,2,25,   2.3266231031941356E+00,   1.1945210846920440E-15,   3.9968028886505635E-15
16,4,2,26,   2.3271619221662156E+00,   1.3591261488630986E-15,   3.9968028886505635E-15
16,4,2,27,   2.3278529393378409E+00,   8.8333552796978234E-16,   3.9968028886505635E-15
16,4,2,28,   2.3283873171930947E+00,   1.1729573806181910E-15,   3.9968028886505635E-15
16,4,2,29,   2.3286530382881168E+00,   1.7758897816894219E-15,   3.9968028886505635E-15
16,4,2,30,   2.3291855292342207E+00,   1.3898722018305100E-15,   3.9968028886505635E-15
16,4,2,31,   2.3298757146424935E+00,   2.4464905127658169E-15,   3.9968028886505635E-15
16,4,2,32,   2.3304131690958108E+00,   3.5097276740039933E-15,   3.9968028886505635E-15
16,4,2,33,   2.3307136242303326E+00,   1.0280152934561201E-15,   3.9968028886505635E-15
16,4,2,34,   2.3312528922678122E+00,   6.8390223913613747E-16,   3.9968028886505635E-15
16,4,2,35,   2.3319520612756977E+00,   8.3874650149122105E-16,   3.9968028886505635E-15
16,4,2,36,   2.3324818140718753E+00,   2.3515009719685762E-15,   3.9968028886505635E-15
16,4,2,37,   2.3327597849512207E+00,   2.7995922145483280E-15,   3.9968028886505635E-15
16,4,2,38,   2.3333065341867720E+00,   1.0969327760192814E-15,   3.9968028886505635E-15
16,4,2,39,   2.3339966947065269E+00,   1.3805100231657308E-15,   3.9968028886505635E-15
16,4,2,40,   2.3345271807770764E+00,   3.0104020887583059E-15,   3.9968028886505635E-15
16,4,2,41,   2.3348251376463787E+00,   1.9722325902830197E-15,   3.9968028886505635E-15
16,4,2,42,   2.3353622254024531E+00,   1.2482191999304518E-15,   3.9968028886505635E-15
16,4,2,43,   2.3360621284189493E+00,   1.8084993102281139E-15,   3.9968028886505635E-15
16,4,2,44,   2.3365824141851066E+00,   4.7044674026540959E-15,   3.9968028886505635E-15
16,4,2,45,   2.3368975285154816E+00,   4.6868152019952335E-15,   3.9968028886505635E-15
16,4,2,46,   2.3374614209409068E+00,   3.2064223464354698E-15,   3.9968028886505635E-15
16,4,2,47,   2.3381344061765148E+00,   2.9387018288767243E-15,   3.9968028886505635E-15
16,4,2,48,   2.3386703477944661E+00,   4.0271755160940666E-15,   3.9968028886505635E-15
16,4,2,49,   2.3389541668744891E+00,   2.9757095885545560E-15,   3.9968028886505635E-15
16,4,2,50,   2.3395149740692047E+00,   1.9903310813059355E-15,   3.9968028886505635E-15
16,4,2,51,   2.3402241436632254E+00,   2.4517248987220400E-15,   3.9968028886505635E-15
16,4,2,52,   2.3407583139816950E+00,   2.0433652235364591E-15,   3.9968028886505635E-15
16,4,2,53,   2.3410618374185712E+00,   4.0371932525120730E-15,   3.9968028886505635E-15
16,4,2,54,   2.3415913877567358E+00,   3.0272146290623762E-15,   3.9968028886505635E-15
16,4,2,55,   2.3422697381124689E+00,   3.4047730658575365E-15,   3.9968028886505635E-15
16,4,2,56,   2.3428171043913739E+00,   5.2262186947501316E-15,   3.9968028886505635E-15
16,4,2,57,   2.3430850027631283E+00,   9.1944937708475113E-15,   3.9968028886505635E-15
16,4,2,58,   2.3436181626010679E+00,   5.7694634809061723E-15,   3.9968028886505635E-15
16,4,2,59,   2.3443927130324203E+00,   3.8979177124640824E-15,   3.9968028886505635E-15
16,4,2,60,   2.3449113524625811E+00,   6.9077033656167938E-15,   3.9968028886505635E-15
16,4,2,61,   2.3451850011872537E+00,   6.7139118497309731E-15,   3.9968028886505635E-15
16,4,2,62,   2.3457298857423754E+00,   3.0921148907361705E-15,   3.9968028886505635E-15
16,4,2,63,   2.3464535017982588E+00,   3.2081014628689009E-15,   3.9968028886505635E-15
16,4,2,64,   2.3469105941561543E+00,   1.2762659538796607E-14,   3.9968028886505635E-15
16,4,2,65,   1.1060169643639934E+04,   4.0901497963795588E-18,   3.9968028886505635E-15
16,4,2,66,   1.1063124965980609E+04,   5.5829075820869121E-18,   3.9968028886505635E-15
16,4,2,67,   1.1065528397544384E+04,   1.4322573584959211E-17,   3.9968028886505635E-15
16,4,2,68,   1.1066810578983775E+04,   3.5119519149556820E-17,   3.9968028886505635E-15
16,4,2,69,   1.1068844337149074E+04,   2.9517059922885959E-17,   3.9968028886505635E-15
16,4,2,70,   1.1072033749330629E+04,   4.0301531197834716E-17,   3.9968028886505635E-15
16,4,2,71,   1.1074894600190753E+04,   5.6526616216861158E-17,   3.9968028886505635E-15
16,4,2,72,   1.1076418161494106E+04,   1.2847784667990556E-16,   3.9968028886505635E-15
16,4,2,73,   1.1078394745795542E+04,   1.1182366122699498E-16,   3.9968028886505635E-15
16,4,2,74,   1.1081588951209696E+04,   1.1911323469455632E-16,   3.9968028886505635E-15
16,4,2,75,   1.1084512590543538E+04,   1.1129009042743503E-16,   3.9968028886505635E-15
16,4,2,76,   1.1086071194741926E+04,   1.7168045417040106E-16,   3.9968028886505635E-15
16,4,2,77,   1.1088022062777871E+04,   1.3511304195883726E-16,   3.9968028886505635E-15
16,4,2,78,   1.1091217321048998E+04,   1.3571224367049160E-16,   3.9968028886505635E-15
16,4,2,79,   1.1094174490051744E+04,   1.3429129374970575E-16,   3.9968028886505635E-15
16,4,2,80,   1.1095753593851350E+04,   2.0108148464241197E-16,   3.9968028886505635E-15
16,4,2,81,   1.1097693981628034E+04,   1.5661805007654520E-16,   3.9968028886505635E-15
16,4,2,82,   1.1100892900480694E+04,   1.5104922819443544E-16,   3.9968028886505635E-15
16,4,2,83,   1.1103871928143271E+04,   1.6048462741981764E-16,   3.9968028886505635E-15
16,4,2,84,   1.1105463914249625E+04,   2.5276603995121964E-16,   3.9968028886505635E-15
16,4,2,85,   1.1107401840102399E+04,   2.0266619220507934E-16,   3.9968028886505635E-15
16,4,2,86,   1.1110606958776469E+04,   1.9308498625080083E-16,   3.9968028886505635E-15
16,4,2,87,   1.1113601786434845E+04,   2.4618080790651816E-16,   3.9968028886505635E-15
16,4,2,88,   1.1115201871526724E+04,   3.7808634188454139E-16,   3.9968028886505635E-15
16,4,2,89,   1.1117142765722274E+04,   2.8720489121918332E-16,   3.9968028886505635E-15
16,4,2,90,   1.1120356278963607E+04,   3.0434759017235378E-16,   3.9968028886505635E-15
16,4,2,91,   1.1123363000770851E+04,   3.5472212051456829E-16,   3.9968028886505635E-15
16,4,2,92,   1.1124967569614693E+04,   4.7681155132450315E-16,   3.9968028886505635E-15
16,4,2,93,   1.1126915867939808E+04,   3.8356495196207645E-16,   3.9968028886505635E-15
16,4,2,94,   1.1130139771900424E+04,   4.6227940680608817E-16,   3.9968028886505635E-15
16,4,2,95,   1.1133155376035769E+04,   4.4937281400361112E-16,   3.9968028886505635E-15
16,4,2,96,   1.1134761287382060E+04,   5.8492912560218060E-16,   3.9968028886505635E-15
16,4,2,97,   1.1136721128578843E+04,   4.8368858035773110E-16,   3.9968028886505635E-15
16,4,2,98,   1.1139957357675612E+04,   4.6289116328266125E-16,   3.9968028886505635E-15
16,4,2,99,   1.1142979164089920E+04,   4.4073312924432297E-16,   3.9968028886505635E-15
16,4,2,100,   1.1144583421637442E+04,   5.1456818370554279E-16,   3.9968028886505635E-15
16,4,2,101,   1.1146559041604391E+04,   4.2600295835006712E-16,   3.9968028886505635E-15
16,4,2,102,   1.1149809580423498E+04,   4.7881859991029322E-16,   3.9968028886505635E-15
16,4,2,103,   1.1152834932867387E+04,   5.7985984249068774E-16,   3.9968028886505635E-15
16,4,2,104,   1.1154434497347502E+04,   7.6630855686843933E-16,   3.9968028886505635E-15
16,4,2,105,   1.1156430540297295E+04,   6.2569960813894673E-16,   3.9968028886505635E-15
16,4,2,106,   1.1159697545853605E+04,   6.2702313744177438E-16,   3.9968028886505635E-15
16,4,2,107,   1.1162723585605567E+04,   5.6585736862421442E-16,   3.9968028886505635E-15
16,4,2,108,   1.1164315232241515E+04,   6.9894851644195611E-16,   3.9968028886505635E-15
16,4,2,109,   1.1166337120810218E+04,   5.9122166000597431E-16,   3.9968028886505635E-15
16,4,2,110,   1.1169623104836635E+04,   5.5263724421455234E-16,   3.9968028886505635E-15
16,4,2,111,   1.1172646535014419E+04,   5.0683521496705100E-16,   3.9968028886505635E-15
16,4,2,112,   1.1174226693552640E+04,   6.1640929815583472E-16,   3.9968028886505635E-15
16,4,2,113,   1.1176281225453595E+04,   4.9214791278228175E-16,   3.9968028886505635E-15
16,4,2,114,   1.1179589414845810E+04,   5.4545115501861200E-16,   3.9968028886505635E-15
16,4,2,115,   1.1182606166145391E+04,   5.3597822388785345E-16,   3.9968028886505635E-15
16,4,2,116,   1.1184170670625188E+04,   7.7079375892697016E-16,   3.9968028886505635E-15
16,4,2,117,   1.1186267246162703E+04,   5.9585808858701940E-16,   3.9968028886505635E-15
16,4,2,118,   1.1189602493056922E+04,   5.4928472452289156E-16,   3.9968028886505635E-15
16,4,2,119,   1.1192607156140877E+04,   5.4334388964620225E-16,   3.9968028886505635E-15
16,4,2,120,   1.1194150764980786E+04,   7.3486882681504998E-16,   3.9968028886505635E-15
16,4,2,121,   1.1196304686572095E+04,   5.0792271819037643E-16,   3.9968028886505635E-15
16,4,2,122,   1.1199676709460377E+04,   5.9258217745407544E-16,   3.9968028886505635E-15
16,4,2,123,   1.1202661716333052E+04,   7.5625517423920170E-16,   3.9968028886505635E-15
16,4,2,124,   1.1204177127338760E+04,   8.9913102092151663E-16,   3.9968028886505635E-15
16,4,2,125,   1.1206424257619097E+04,   6.0634166611231962E-16,   3.9968028886505635E-15
16,4,2,126,   1.1209874163762237E+04,   5.6166664455778511E-16,   3.9968028886505635E-15
16,4,2,127,   1.1212856498912233E+04,   6.1807472444868458E-16,   3.9968028886505635E-15
16,4,2,128,   2.8107862206454337E+07,   2.0299669406054278E-15,   3.9968028886505635E-15
16,4,2,129,   1.0228006737106444E+08,   1.2720639320339444E-15,   3.9968028886505635E-15
16,4,2,130,   2.0493418194578326E+08,   7.6081056699409032E-16,   3.9968028886505635E-15
16,4,2,131,   3.3867935809495634E+08,   4.7116244411186381E-16,   3.9968028886505635E-15
16,4,2,132,   5.0374602572674721E+08,   2.1678804891551542E-16,   3.9968028886505635E-15
16,4,2,133,   7.0019578009329486E+08,   1.3866439591979366E-16,   3.9968028886505635E-15
16,4,2,134,   9.2806764996213758E+08,   9.8445369733345586E-17,   3.9968028886505635E-15
16,4,2,135,   1.1874190206935561E+09,   5.6476768716656092E-17,   3.9968028886505635E-15
16,4,2,136,   1.4779041402315450E+09,   3.1329369390334610E-17,   3.9968028886505635E-15
16,4,2,137,   1.7937090414288304E+09,   1.4692978259135645E-17,   3.9968028886505635E-15
16,4,2,138,   2.0867194433562036E+09,   6.2892825571517409E-18,   3.9968028886505635E-15
16,4,2,139,   2.3245696768426461E+09,   6.9883747148033654E-18,   3.9968028886505635E-15
16,4,2,140,   2.6893943086940980E+09,   1.5052634490362223E-17,   3.9968028886505635E-15
16,4,2,141,   3.1517929404883890E+09,   2.3531475963181980E-17,   3.9968028886505635E-15
16,4,2,142,   3.6805041920974860E+09,   2.1488780273097587E-17,   3.9968028886505635E-15
16,4,2,143,   4.2707765003060250E+09,   1.8825728885889196E-17,   3.9968028886505635E-15
16,4,2,144,   4.9223493751482944E+09,   1.7177892086102777E-17,   3.9968028886505635E-15
16,4,2,145,   5.6342065511824436E+09,   1.3790561591225628E-17,   3.9968028886505635E-15
16,4,2,146,   6.3979278692585249E+09,   1.4362058097945889E-17,   3.9968028886505635E-15
16,4,2,147,   7.2067520530777760E+09,   1.3928534239193837E-17,   3.9968028886505635E-15
16,4,2,148,   8.0645920588740578E+09,   1.1583458722070748E-17,   3.9968028886505635E-15
16,4,2,149,   9.0064604012892094E+09,   9.5102874525814601E-18,   3.9968028886505635E-15
16,4,2,150,   1.0066308455137474E+10,   8.1568599207026583E-18,   3.9968028886505635E-15
16,4,2,151,   1.1239020521266760E+10,   7.5298273450246354E-18,   3.9968028886505635E-15
16,4,2,152,   1.2484290738475950E+10,   5.7908014187936008E-18,   3.9968028886505635E-15
16,4,2,153,   1.3739848167944374E+10,   3.6815613030401983E-18,   3.9968028886505635E-15
16,4,2,154,   1.5067815261321468E+10,   4.8837626090990826E-18,   3.9968028886505635E-15
16,4,2,155,   1.6627320830627497E+10,   6.1701980973631865E-18,   3.9968028886505635E-15
16,4,2,156,   1.8372201512868343E+10,   5.2744778357073357E-18,   3.9968028886505635E-15
16,4,2,157,   2.0061148515939014E+10,   3.2997099150179991E-18,   3.9968028886505635E-15
16,4,2,158,   2.1798638554462551E+10,   3.1646936556934177E-18,   3.9968028886505635E-15
16,4,2,159,   2.3953057982186962E+10,   3.2063798240426336E-18,   3.9968028886505635E-15
16,4,2,160,   2.5669969408316391E+10,   1.5132617135567448E-18,   3.9968028886505635E-15
16,4,2,161,   2.7155061489171677E+10,   1.5416177003598700E-18,   3.9968028886505635E-15
16,4,2,162,   2.8892254092589447E+10,   1.7333310770166640E-18,   3.9968028886505635E-15
16,4,2,163,   3.1669616720538795E+10,   2.9375650913440125E-18,   3.9968028886505635E-15
16,4,2,164,   3.4328308608618771E+10,   1.9196673849200089E-18,   3.9968028886505635E-15
16,4,2,165,   3.7535412622474564E+10,   2.9161953238983533E-18,   3.9968028886505635E-15
16,4,2,166,   4.0868032277918221E+10,   2.1205859373019770E-18,   3.9968028886505635E-15
16,4,2,167,   4.4931664333744431E+10,   2.1348143899855366E-18,   3.9968028886505635E-15
16,4,2,168,   4.8470601351476105E+10,   1.8543490441783383E-18,   3.9968028886505635E-15
16,4,2,169,   5.1828894673235863E+10,   5.8671544152402888E-19,   3.9968028886505635E-15
16,4,2,170,   5.4080280988356689E+10,   9.2883554060663669E-19,   3.9968028886505635E-15
16,4,2,171,   5.9580619598719681E+10,   1.1987171399270947E-18,   3.9968028886505635E-15
16,4,2,172,   6.5466534745788162E+10,   9.2153740353763539E-19,   3.9968028886505635E-15
16,4,2,173,   7.2195069714735001E+10,   1.0485504628750287E-18,   3.9968028886505635E-15
16,4,2,174,   7.7269340028248703E+10,   3.5188307161153356E-19,   3.9968028886505635E-15
16,4,2,175,   8.0434272289388733E+10,   9.3601256701227552E-19,   3.9968028886505635E-15
16,4,2,176,   9.0219476298323792E+10,   8.8407043680267649E-19,   3.9968028886505635E-15
16,4,2,177,   1.0226930069610583E+11,   6.4749069480254216E-19,   3.9968028886505635E-15
16,4,2,178,   1.0312169526582779E+11,   5.5422671549631557E-19,   3.9968028886505635E-15
16,4,2,179,   1.1957655316186972E+11,   5.7929974977190046E-19,   3.9968028886505635E-15
16,4,2,180,   1.2819679109103122E+11,   3.1413384892187838E-19,   3.9968028886505635E-15
16,4,2,181,   1.4892706250927817E+11,   3.6211514257942628E-19,   3.9968028886505635E-15
16,4,2,182,   1.5370657375675189E+11,   3.2219043644257905E-19,   3.9968028886505635E-15
16,4,2,183,   1.7920713306233948E+11,   3.7574314496885069E-19,   3.9968028886505635E-15
16,4,2,184,   2.0476975818788290E+11,   2.6159506950299749E-19,   3.9968028886505635E-15
16,4,2,185,   2.3056585637515414E+11,   2.2680042596634444E-19,   3.9968028886505635E-15
16,4,2,186,   2.5746081975065048E+11,   2.7256714548243604E-19,   3.9968028886505635E-15
16,4,2,187,   2.8745720667590131E+11,   2.8880037228791933E-19,   3.9968028886505635E-15
16,4,2,188,   3.2303749877137793E+11,   2.6253007231949057E-19,   3.9968028886505635E-15
16,4,2,189,   3.6677196233414948E+11,   2.2049721716201246E-19,   3.9968028886505635E-15
16,4,2,190,   4.2258934447645953E+11,   2.3218310355673679E-19,   3.9968028886505635E-15
16,4,2,191,   5.0006804558710406E+11,   1.5300926498366237E-19,   3.9968028886505635E-15
32,1,1,1,   2.3148866282120455E+00,   2.1333529684886062E-16,   4.2188474935755949E-15
32,1,1,2,   2.3158385287655334E+00,   1.9984440301204395E-16,   4.2188474935755949E-15
32,1,1,3,   2.3168457245306611E+00,   3.8273315935699699E-16,   4.2188474935755949E-15
32,1,1,4,   2.3178537636193823E+00,   5.8854831289376848E-16,   4.2188474935755949E-15
32,1,1,5,   2.3188641602608255E+00,   3.9408701653963492E-16,   4.2188474935755949E-15
32,1,1,6,   2.3198759391900854E+00,   5.4097513969521911E-16,   4.2188474935755949E-15
32,1,1,7,   2.3208875820510584E+00,   5.5715673174523905E-16,   4.2188474935755949E-15
32,1,1,8,   2.3219030499348641E+00,   1.0031459271802787E-15,   4.2188474935755949E-15
32,1,1,9,   2.3229155326150210E+00,   1.4919777488168698E-15,   4.2188474935755949E-15
32,1,1,10,   2.3239328940780712E+00,   9.9651407689522270E-16,   4.2188474935755949E-15
32,1,1,11,   2.3249542470517959E+00,   2.2717489012040270E-15,   4.2188474935755949E-15
32,1,1,12,   2.3259712240875801E+00,   1.4857647247094677E-15,   4.2188474935755949E-15
32,1,1,13,   2.3269928993370352E+00,   1.4809067184561503E-15,   4.2188474935755949E-15
32,1,1,14,   2.3280114091544077E+00,   2.2817230098321523E-15,   4.2188474935755949E-15
32,1,1,15,   2.3290358616574620E+00,   1.7879421327992039E-15,   4.2188474935755949E-15
32,1,1,16,   2.3300602593973445E+00,   1.8136960584974122E-15,   4.2188474935755949E-15
32,1,1,17,   2.3310896594491983E+00,   1.8252583640274784E-15,   4.2188474935755949E-15
32,1,1,18,   2.3321152129144291E+00,   1.7791617091437936E-15,   4.2188474935755949E-15
32,1,1,19,   2.3331410028716011E+00,   2.6015367311865808E-15,   4.2188474935755949E-15
32,1,1,20,   2.3341690141672848E+00,   3.6210732802489642E-15,   4.2188474935755949E-15
32,1,1,21,   2.3352051695769811E+00,   2.3559096831296208E-15,   4.2188474935755949E-15
32,1,1,22,   2.3362371359887266E+00,   2.8730507310593572E-15,   4.2188474935755949E-15
32,1,1,23,   2.3372648365234698E+00,   6.7431465559026949E-15,   4.2188474935755949E-15
32,1,1,24,   2.3383127020830403E+00,   4.6480151999742723E-15,   4.2188474935755949E-15
32,1,1,25,   2.3393466690068121E+00,   2.6680008346944377E-15,   4.2188474935755949E-15
32,1,1,26,   2.3403840895993948E+00,   2.9855386459494018E-15,   4.2188474935755949E-15
32,1,1,27,   2.3414255478187518E+00,   5.6961657386959100E-15,   4.2188474935755949E-15
32,1,1,28,   2.3424598165357988E+00,   7.3486425393356132E-15,   4.2188474935755949E-15
32,1,1,29,   2.3435005586724933E+00,   7.0299499443849257E-15,   4.2188474935755949E-15
32,1,1,30,   2.3445474824436494E+00,   4.1111898554406511E-15,   4.2188474935755949E-15
32,1,1,31,   2.3455967007590006E+00,   2.0682511628745380E-15,   4.2188474935755949E-15
32,1,1,32,   2.3466334234539032E+00,   5.9853894530901284E-15,   4.2188474935755949E-15
32,1,1,33,   1.1062470421312770E+04,   1.3215349732064019E-17,   4.2188474935755949E-15
32,1,1,34,   1.1067154917259284E+04,   2.5780452067316054E-17,   4.2188474935755949E-15
32,1,1,35,   1.1071987039204691E+04,   4.9678259049182228E-17,   4.2188474935755949E-15
32,1,1,36,   1.1076804118759843E+04,   7.3743449382927077E-17,   4.2188474935755949E-15
32,1,1,37,   1.1081623586222648E+04,   1.1254074783748790E-16,   4.2188474935755949E-15
32,1,1,38,   1.1086449984981080E+04,   1.1968978878520673E-16,   4.2188474935755949E-15
32,1,1,39,   1.1091284463604656E+04,   1.6355580667289510E-16,   4.2188474935755949E-15
32,1,1,40,   1.1096127298289310E+04,   2.1224210034984590E-16,   4.2188474935755949E-15
32,1,1,41,   1.1100978543077797E+04,   2.7847755115166133E-16,   4.2188474935755949E-15
32,1,1,42,   1.1105838212289129E+04,   3.0683992806208626E-16,   4.2188474935755949E-15
32,1,1,43,   1.1110706331334470E+04,   3.3734855973357092E-16,   4.2188474935755949E-15
32,1,1,44,   1.1115582949076483E+04,   3.6356493335472974E-16,   4.2188474935755949E-15
32,1,1,45,   1.1120468139123248E+04,   3.0259896671047080E-16,   4.2188474935755949E-15
32,1,1,46,   1.1125361998232896E+04,   3.2549082452319367E-16,   4.2188474935755949E-15
32,1,1,47,   1.1130264645655869E+04,   3.5303222208924376E-16,   4.2188474935755949E-15
32,1,1,48,   1.1135176222766635E+04,   3.7327669810413692E-16,   4.2188474935755949E-15
32,1,1,49,   1.1140096895007224E+04,   3.4920667044529030E-16,   4.2188474935755949E-15
32,1,1,50,   1.1145026855465681E+04,   3.7841757005376298E-16,   4.2188474935755949E-15
32,1,1,51,   1.1149966331511991E+04,   2.9183361118950299E-16,   4.2188474935755949E-15
32,1,1,52,   1.1154915593166877E+04,   3.7070517536336614E-16,   4.2188474935755949E-15
32,1,1,53,   1.1159874967856415E+04,   5.1852551231152494E-16,   4.2188474935755949E-15
32,1,1,54,   1.1164844860414922E+04,   4.4347127166098219E-16,   4.2188474935755949E-15
32,1,1,55,   1.1169825784097457E+04,   3.9056531577047898E-16,   4.2188474935755949E-15
32,1,1,56,   1.1174818409253543E+04,   4.6345433498750797E-16,   4.2188474935755949E-15
32,1,1,57,   1.1179823642000450E+04,   5.4255833839215385E-16,   4.2188474935755949E-15
32,1,1,58,   1.1184842762804112E+04,   5.3149699164708409E-16,   4.2188474935755949E-15
32,1,1,59,   1.1189877684556152E+04,   4.8824856557949797E-16,   4.2188474935755949E-15
32,1,1,60,   1.1194931492989443E+04,   6.4840830447657317E-16,   4.2188474935755949E-15
32,1,1,61,   1.1200009751333979E+04,   6.1772477070555536E-16,   4.2188474935755949E-15
32,1,1,62,   1.1205124481834278E+04,   5.6663496792604069E-16,   4.2188474935755949E-15
32,1,1,63,   1.1210312860704353E+04,   4.4339269786623198E-16,   4.2188474935755949E-15
32,1,1,64,   2.8105004835617032E+07,   5.0028727358249188E-16,   4.2188474935755949E-15
32,1,1,65,   1.0228780071640389E+08,   2.7121420867153729E-16,   4.2188474935755949E-15
32,1,1,66,   2.0516136364671418E+08,   1.8545430469739663E-16,   4.2188474935755949E-15
32,1,1,67,   3.3959616295870888E+08,   9.4362057034531273E-17,   4.2188474935755949E-15
32,1,1,68,   5.0478689255561173E+08,   5.3609490295655518E-17,   4.2188474935755949E-15
32,1,1,69,   6.9419950162126553E+08,   3.3155529144421630E-17,   4.2188474935755949E-15
32,1,1,70,   8.9946250807152402E+08,   2.3088506579043739E-17,   4.2188474935755949E-15
32,1,1,71,   1.1426796579981120E+09,   2.2732650864824502E-17,   4.2188474935755949E-15
32,1,1,72,   1.4550137505949829E+09,   2.0322395975490395E-17,   4.2188474935755949E-15
32,1,1,73,   1.8418134241090221E+09,   2.0484586969269675E-17,   4.2188474935755949E-15
32,1,1,74,   2.3037973411889086E+09,   1.7380504917251628E-17,   4.2188474935755949E-15
32,1,1,75,   2.8448312685114651E+09,   1.1347010733442623E-17,   4.2188474935755949E-15
32,1,1,76,   3.4710662264108305E+09,   9.0419625071420777E-18,   4.2188474935755949E-15
32,1,1,77,   4.1902854274795508E+09,   8.4858895921982571E-18,   4.2188474935755949E-15
32,1,1,78,   5.0117606380572824E+09,   7.0961041634538068E-18,   4.2188474935755949E-15
32,1,1,79,   5.9463224681569014E+09,   6.0075203330748390E-18,   4.2188474935755949E-15
32,1,1,80,   7.0065220216251326E+09,   5.6605591066700633E-18,   4.2188474935755949E-15
32,1,1,81,   8.2068548333651924E+09,   6.3998060578719159E-18,   4.2188474935755949E-15
32,1,1,82,   9.5640620437311306E+09,   5.8420409688748492E-18,   4.2188474935755949E-15
32,1,1,83,   1.1097545489055517E+10,   3.5711495575550096E-18,   4.2188474935755949E-15
32,1,1,84,   1.2829945589083542E+10,   4.4060313009360584E-18,   4.2188474935755949E-15
32,1,1,85,   1.4787946063236492E+10,   3.5973616702654430E-18,   4.2188474935755949E-15
32,1,1,86,   1.7003401903273777E+10,   3.1113086840696326E-18,   4.2188474935755949E-15
32,1,1,87,   1.9514953596749252E+10,   2.3010831694157914E-18,   4.2188474935755949E-15
32,1,1,88,   2.2370418709585541E+10,   1.7081031862128314E-18,   4.2188474935755949E-15
32,1,1,89,   2.5630501852386444E+10,   1.9439472770948447E-18,   4.2188474935755949E-15
32,1,1,90,   2.9374886512005367E+10,   1.7552388260147212E-18,   4.2188474935755949E-15
32,1,1,91,   3.3712977577887814E+10,   1.8868750876170276E-18,   4.2188474935755949E-15
32,1,1,92,   3.8804713292676216E+10,   1.3308566265793211E-18,   4.2188474935755949E-15
32,1,1,93,   4.4906603625160057E+10,   1.4313188499176593E-18,   4.2188474935755949E-15
32,1,1,94,   5.2496876911907669E+10,   1.2626117477025406E-18,   4.2188474935755949E-15
32,1,1,95,   6.2775109698201889E+10,   8.1060532714544446E-19,   4.2188474935755949E-15
32,1,2,1,   2.3148865886506367E+00,   3.4827251891096522E-16,   4.2188474935755949E-15
32,1,2,2,   2.3158384561375209E+00,   4.9790347262878670E-16,   4.2188474935755949E-15
32,1,2,3,   2.3168458092832509E+00,   2.8620467946730816E-16,   4.2188474935755949E-15
32,1,2,4,   2.3178544353034143E+00,   5.0171482088953350E-16,   4.2188474935755949E-15
32,1,2,5,   2.3188645407728847E+00,   4.5293691220692751E-16,   4.2188474935755949E-15
32,1,2,6,   2.3198762874324275E+00,   6.8042073728578924E-16,   4.2188474935755949E-15
32,1,2,7,   2.3208880050166099E+00,   5.8303791327831924E-16,   4.2188474935755949E-15
32,1,2,8,   2.3219028593503848E+00,   8.1279255234212751E-16,   4.2188474935755949E-15
32,1,2,9,   2.3229169741154587E+00,   7.2168527956596001E-16,   4.2188474935755949E-15
32,1,2,10,   2.3239327635159932E+00,   1.1008279276471202E-15,   4.2188474935755949E-15
32,1,2,11,   2.3249533415861783E+00,   1.5541043314460851E-15,   4.2188474935755949E-15
32,1,2,12,   2.3259685594792101E+00,   1.9604062882607066E-15,   4.2188474935755949E-15
32,1,2,13,   2.3269911695486245E+00,   1.1095923612342075E-15,   4.2188474935755949E-15
32,1,2,14,   2.3280108530103698E+00,   2.3750037833413378E-15,   4.2188474935755949E-15
32,1,2,15,   2.3290337168024355E+00,   3.3678489872576208E-15,   4.2188474935755949E-15
32,1,2,16,   2.3300595003140492E+00,   1.8174674492252554E-15,   4.2188474935755949E-15
32,1,2,17,   2.3310863475340375E+00,   2.2920948441567081E-15,   4.2188474935755949E-15
32,1,2,18,   2.3321137814548245E+00,   2.4665992826320616E-15,   4.2188474935755949E-15
32,1,2,19,   2.3331433338208858E+00,   3.2535066659325240E-15,   4.2188474935755949E-15
32,1,2,20,   2.3341674155151733E+00,   5.7753604253216659E-15,   4.2188474935755949E-15
32,1,2,21,   2.3352027381996607E+00,   2.9730288845780276E-15,   4.2188474935755949E-15
32,1,2,22,   2.3362329163278135E+00,   4.4226919567262546E-15,   4.2188474935755949E-15
32,1,2,23,   2.3372672782041426E+00,   4.7707347195448975E-15,   4.2188474935755949E-15
32,1,2,24,   2.3383093706897786E+00,   3.4445190042964836E-15,   4.2188474935755949E-15
32,1,2,25,   2.3393418601590956E+00,   3.6415516260860689E-15,   4.2188474935755949E-15
32,1,2,26,   2.3403875435866408E+00,   3.7057630684345283E-15,   4.2188474935755949E-15
32,1,2,27,   2.3414210626281440E+00,   3.1510635229835178E-15,   4.2188474935755949E-15
32,1,2,28,   2.3424637002124675E+00,   4.4720850909715743E-15,   4.2188474935755949E-15
32,1,2,29,   2.3435062845014167E+00,   5.2724891116242843E-15,   4.2188474935755949E-15
32,1,2,30,   2.3445508544700373E+00,   3.7313591203984609E-15,   4.2188474935755949E-15
32,1,2,31,   2.3455946802854011E+00,   2.0962843857844545E-15,   4.2188474935755949E-15
32,1,2,32,   2.3466461319837060E+00,   2.8342840505706896E-15,   4.2188474935755949E-15
32,1,2,33,   1.1062470421358988E+04,   1.5104647476832027E-17,   4.2188474935755949E-15
32,1,2,34,   1.1067154917453474E+04,   3.6053770010023169E-17,   4.2188474935755949E-15
32,1,2,35,   1.1071987039415222E+04,   5.5282202491409021E-17,   4.2188474935755949E-15
32,1,2,36,   1.1076804118750475E+04,   1.0560882961366255E-16,   4.2188474935755949E-15
32,1,2,37,   1.1081623586285727E+04,   1.5514970095238376E-16,   4.2188474935755949E-15
32,1,2,38,   1.1086449984945639E+04,   1.8832293276822233E-16,   4.2188474935755949E-15
32,1,2,39,   1.1091284463499222E+04,   1.7250354848278157E-16,   4.2188474935755949E-15
32,1,2,40,   1.1096127298329411E+04,   2.0544948431865064E-16,   4.2188474935755949E-15
32,1,2,41,   1.1100978543147388E+04,   2.0378703316797134E-16,   4.2188474935755949E-15
32,1,2,42,   1.1105838212420063E+04,   2.5978116597820230E-16,   4.2188474935755949E-15
32,1,2,43,   1.1110706331402615E+04,   2.7220542112159102E-16,   4.2188474935755949E-15
32,1,2,44,   1.1115582949213967E+04,   3.1647957281054323E-16,   4.2188474935755949E-15
32,1,2,45,   1.1120468139157145E+04,   3.0268745991752997E-16,   4.2188474935755949E-15
32,1,2,46,   1.1125361998179776E+04,   3.7186901117563230E-16,   4.2188474935755949E-15
32,1,2,47,   1.1130264645640300E+04,   3.5971914239495786E-16,   4.2188474935755949E-15
32,1,2,48,   1.1135176222771197E+04,   3.2632375720817009E-16,   4.2188474935755949E-15
32,1,2,49,   1.1140096895098561E+04,   3.2948173582845306E-16,   4.2188474935755949E-15
32,1,2,50,   1.1145026855602609E+04,   3.9243034605743302E-16,   4.2188474935755949E-15
32,1,2,51,   1.1149966331554921E+04,   3.5619834736274254E-16,   4.2188474935755949E-15
32,1,2,52,   1.1154915593145306E+04,   4.6241318782275748E-16,   4.2188474935755949E-15
32,1,2,53,   1.1159874967817886E+04,   5.7557482769675721E-16,   4.2188474935755949E-15
32,1,2,54,   1.1164844860348843E+04,   4.7175054286100713E-16,   4.2188474935755949E-15
32,1,2,55,   1.1169825784101904E+04,   5.2318182631984389E-16,   4.2188474935755949E-15
32,1,2,56,   1.1174818409249940E+04,   5.5085057686413863E-16,   4.2188474935755949E-15
32,1,2,57,   1.1179823642033512E+04,   4.3495052997504448E-16,   4.2188474935755949E-15
32,1,2,58,   1.1184842762770917E+04,   4.3686172538106227E-16,   4.2188474935755949E-15
32,1,2,59,   1.1189877684590336E+04,   4.7324504321161994E-16,   4.2188474935755949E-15
32,1,2,60,   1.1194931493033917E+04,   5.1040735250838069E-16,   4.2188474935755949E-15
32,1,2,61,   1.1200009751360194E+04,   5.3466112282065311E-16,   4.2188474935755949E-15
32,1,2,62,   1.1205124481754900E+04,   6.2018039387235033E-16,   4.2188474935755949E-15
32,1,2,63,   1.1210312860846652E+04,   6.6370326025301680E-16,   4.2188474935755949E-15
32,1,2,64,   2.8105004835613985E+07,   1.2608540484872914E-15,   4.2188474935755949E-15
32,1,2,65,   1.0228780071640056E+08,   5.6054399085491736E-16,   4.2188474935755949E-15
32,1,2,66,   2.0516136364671180E+08,   2.9497468746087929E-16,   4.2188474935755949E-15
32,1,2,67,   3.3959616295870680E+08,   1.2213261363693244E-16,   4.2188474935755949E-15
32,1,2,68,   5.0478689255561161E+08,   4.6054966020208877E-17,   4.2188474935755949E-15
32,1,2,69,   6.9419950162126493E+08,   2.2864455107093648E-17,   4.2188474935755949E-15
32,1,2,70,   8.9946250807152212E+08,   1.7779685301393933E-17,   4.2188474935755949E-15
32,1,2,71,   1.1426796579981108E+09,   2.0543764313556666E-17,   4.2188474935755949E-15
32,1,2,72,   1.4550137505949829E+09,   2.1572373850853826E-17,   4.2188474935755949E-15
32,1,2,73,   1.8418134241090233E+09,   1.7828672084098254E-17,   4.2188474935755949E-15
32,1,2,74,   2.3037973411889048E+09,   1.6281325245223312E-17,   4.2188474935755949E-15
32,1,2,75,   2.8448312685114627E+09,   1.3559428838456754E-17,   4.2188474935755949E-15
32,1,2,76,   3.4710662264108343E+09,   1.1462513672509820E-17,   4.2188474935755949E-15
32,1,2,77,   4.1902854274795504E+09,   1.0201631615851068E-17,   4.2188474935755949E-15
32,1,2,78,   5.0117606380572777E+09,   7.5923026888545984E-18,   4.2188474935755949E-15
32,1,2,79,   5.9463224681568995E+09,   6.9977618908464412E-18,   4.2188474935755949E-15
32,1,2,80,   7.0065220216251354E+09,   5.2507585046253327E-18,   4.2188474935755949E-15
32,1,2,81,   8.2068548333651953E+09,   5.5782059124130058E-18,   4.2188474935755949E-15
32,1,2,82,   9.5640620437311344E+09,   5.4112577921933596E-18,   4.2188474935755949E-15
32,1,2,83,   1.1097545489055523E+10,   3.5026671689760711E-18,   4.2188474935755949E-15
32,1,2,84,   1.2829945589083549E+10,   3.5707594610265381E-18,   4.2188474935755949E-15
32,1,2,85,   1.4787946063236488E+10,   3.0584184371783454E-18,   4.2188474935755949E-15
32,1,2,86,   1.7003401903273781E+10,   3.2748023577367843E-18,   4.2188474935755949E-15
32,1,2,87,   1.9514953596749249E+10,   1.9598066042148616E-18,   4.2188474935755949E-15
32,1,2,88,   2.2370418709585518E+10,   3.0116060442630347E-18,   4.2188474935755949E-15
32,1,2,89,   2.5630501852386448E+10,   2.0576382955291017E-18,   4.2188474935755949E-15
32,1,2,90,   2.9374886512005383E+10,   1.9378169883672163E-18,   4.2188474935755949E-15
32,1,2,91,   3.3712977577887806E+10,   2.1829675064921507E-18,   4.2188474935755949E-15
32,1,2,92,   3.8804713292676231E+10,   2.1290835868125507E-18,   4.2188474935755949E-15
32,1,2,93,   4.4906603625160019E+10,   1.3323903582619459E-18,   4.2188474935755949E-15
32,1,2,94,   5.2496876911907669E+10,   5.9079012633347371E-19,   4.2188474935755949E-15
32,1,2,95,   6.2775109698201889E+10,   8.6467130373426810E-19,   4.2188474935755949E-15
32,2,1,1,   2.3146270533547426E+00,   3.7564855995348448E-16,   5.9952043329758453E-15
32,2,1,2,   2.3151338255228215E+00,   4.8324126544765747E-16,   5.9952043329758453E-15
32,2,1,3,   2.3155478607273352E+00,   4.2725602760866050E-16,   5.9952043329758453E-15
32,2,1,4,   2.3161288562326567E+00,   5.6020031776856420E-16,   5.9952043329758453E-15
32,2,1,5,   2.3165548378251506E+00,   6.9744577366368244E-16,   5.9952043329758453E-15
32,2,1,6,   2.3171376068518308E+00,   6.2894122309369800E-16,   5.9952043329758453E-15
32,2,1,7,   2.3175637471470791E+00,   5.6229307214742005E-16,   5.9952043329758453E-15
32,2,1,8,   2.3181470170731919E+00,   6.4585561567595303E-16,   5.9952043329758453E-15
32,2,1,9,   2.3185733540788696E+00,   6.9790263015177603E-16,   5.9952043329758453E-15
32,2,1,10,   2.3191558809442987E+00,   7.1102347839140408E-16,   5.9952043329758453E-15
32,2,1,11,   2.3195845167513651E+00,   7.4849716110011924E-16,   5.9952043329758453E-15
32,2,1,12,   2.3201688586167908E+00,   7.5356673761161162E-16,   5.9952043329758453E-15
32,2,1,13,   2.3205956170964530E+00,   8.7479455301163036E-16,   5.9952043329758453E-15
32,2,1,14,   2.3211841628425036E+00,   9.9294949738949655E-16,   5.9952043329758453E-15
32,2,1,15,   2.3216083878764859E+00,   6.3432029525712011E-16,   5.9952043329758453E-15
32,2,1,16,   2.3221942279139336E+00,   6.7557125387891330E-16,   5.9952043329758453E-15
32,2,1,17,   2.3226224907469715E+00,   8.2530104896505505E-16,   5.9952043329758453E-15
32,2,1,18,   2.3232134282439696E+00,   1.1724003862383507E-15,   5.9952043329758453E-15
32,2,1,19,   2.3236395606631004E+00,   1.3586703189510268E-15,   5.9952043329758453E-15
32,2,1,20,   2.3242350464927748E+00,   2.2960014712906028E-15,   5.9952043329758453E-15
32,2,1,21,   2.3246632768255076E+00,   1.2151675616705436E-15,   5.9952043329758453E-15
32,2,1,22,   2.3252454965971738E+00,   1.0962271057289087E-15,   5.9952043329758453E-15
32,2,1,23,   2.3256722988196992E+00,   1.3930799205913559E-15,   5.9952043329758453E-15
32,2,1,24,   2.3262645976388074E+00,   1.2576790342656550E-15,   5.9952043329758453E-15
32,2,1,25,   2.3266998157182170E+00,   1.3775521496883858E-15,   5.9952043329758453E-15
32,2,1,26,   2.3272831768508602E+00,   1.4441048020897103E-15,   5.9952043329758453E-15
32,2,1,27,   2.3277181749571594E+00,   1.3138040405842444E-15,   5.9952043329758453E-15
32,2,1,28,   2.3283051908524088E+00,   1.2026185665285386E-15,   5.9952043329758453E-15
32,2,1,29,   2.3287265995977897E+00,   2.8135827268626218E-15,   5.9952043329758453E-15
32,2,1,30,   2.3293275048232678E+00,   1.7472291510725066E-15,   5.9952043329758453E-15
32,2,1,31,   2.3297673069415592E+00,   1.9193955281648350E-15,   5.9952043329758453E-15
32,2,1,32,   2.3303635611126050E+00,   1.4751802387904626E-15,   5.9952043329758453E-15
32,2,1,33,   2.3307897617785489E+00,   1.9260808932031486E-15,   5.9952043329758453E-15
32,2,1,34,   2.3313650882078885E+00,   4.2183478364530368E-15,   5.9952043329758453E-15
32,2,1,35,   2.3318133105030521E+00,   2.6070802591521825E-15,   5.9952043329758453E-15
32,2,1,36,   2.3324127241121184E+00,   1.9647667737284055E-15,   5.9952043329758453E-15
32,2,1,37,   2.3328476558690894E+00,   2.1048007868057843E-15,   5.9952043329758453E-15
32,2,1,38,   2.3334493848144380E+00,   2.7588717131341837E-15,   5.9952043329758453E-15
32,2,1,39,   2.3338825926692284E+00,   1.9437792421253979E-15,   5.9952043329758453E-15
32,2,1,40,   2.3344751138578954E+00,   3.0363721840521336E-15,   5.9952043329758453E-15
32,2,1,41,   2.3348888558803549E+00,   4.0882494863377095E-15,   5.9952043329758453E-15
32,2,1,42,   2.3354712051806308E+00,   5.5833096363752501E-15,   5.9952043329758453E-15
32,2,1,43,   2.3359423803213253E+00,   3.2003933718689504E-15,   5.9952043329758453E-15
32,2,1,44,   2.3365457860663681E+00,   4.6560110938138919E-15,   5.9952043329758453E-15
32,2,1,45,   2.3369669777964304E+00,   3.0248964253671601E-15,   5.9952043329758453E-15
32,2,1,46,   2.3375850767577884E+00,   4.2519384725279337E-15,   5.9952043329758453E-15
32,2,1,47,   2.3380460526579552E+00,   7.8797270596970763E-15,   5.9952043329758453E-15
32,2,1,48,   2.3386126038095960E+00,   4.1184727096000171E-15,   5.9952043329758453E-15
32,2,1,49,   2.3390278345314228E+00,   4.3099141060808238E-15,   5.9952043329758453E-15
32,2,1,50,   2.3396507716957107E+00,   4.0105236459630387E-15,   5.9952043329758453E-15
32,2,1,51,   2.3400757538315302E+00,   4.2454201212217730E-15,   5.9952043329758453E-15
32,2,1,52,   2.3406775098498858E+00,   2.6216748237120278E-15,   5.9952043329758453E-15
32,2,1,53,   2.3411098573308258E+00,   4.0962227974401681E-15,   5.9952043329758453E-15
32,2,1,54,   2.3417447234906619E+00,   5.8739160536769577E-15,   5.9952043329758453E-15
32,2,1,55,   2.3421644046527694E+00,   3.7710144462029132E-15,   5.9952043329758453E-15
32,2,1,56,   2.3427361997519092E+00,   7.1746222841857624E-15,   5.9952043329758453E-15
32,2,1,57,   2.3432125534753983E+00,   5.5581162811384773E-15,   5.9952043329758453E-15
32,2,1,58,   2.3437872343888748E+00,   5.3760537577413835E-15,   5.9952043329758453E-15
32,2,1,59,   2.3442445006650794E+00,   7.3176036621213209E-15,   5.9952043329758453E-15
32,2,1,60,   2.3448766807721797E+00,   5.5392834581131920E-15,   5.9952043329758453E-15
32,2,1,61,   2.3453039340274731E+00,   6.6009525559718195E-15,   5.9952043329758453E-15
32,2,1,62,   2.3459650449150669E+00,   9.5928459447781909E-15,   5.9952043329758453E-15
32,2,1,63,   2.3463520300363023E+00,   3.4755188458603344E-15,   5.9952043329758453E-15
32,2,1,64,   2.3469462383287847E+00,   9.6171680059666773E-16,   5.9952043329758453E-15
32,2,1,65,   1.1060338350875896E+04,   6.9356602673260769E-18,   5.9952043329758453E-15
32,2,1,66,   1.1062104046213544E+04,   1.4850035042022716E-17,   5.9952043329758453E-15
32,2,1,67,   1.1064649607624877E+04,   2.0794660421913510E-17,   5.9952043329758453E-15
32,2,1,68,   1.1066865669967245E+04,   3.6022206785935559E-17,   5.9952043329758453E-15
32,2,1,69,   1.1069443069858173E+04,   5.2262772816582544E-17,   5.9952043329758453E-15
32,2,1,70,   1.1071668930213867E+04,   8.7065952922727107E-17,   5.9952043329758453E-15
32,2,1,71,   1.1074237638250499E+04,   7.6317651740589125E-17,   5.9952043329758453E-15
32,2,1,72,   1.1076481836125207E+04,   9.9024130811427690E-17,   5.9952043329758453E-15
32,2,1,73,   1.1079044641972156E+04,   1.3321698282816710E-16,   5.9952043329758453E-15
32,2,1,74,   1.1081303610980149E+04,   1.6762985809302382E-16,   5.9952043329758453E-15
32,2,1,75,   1.1083862896079278E+04,   1.0883432895986946E-16,   5.9952043329758453E-15
32,2,1,76,   1.1086133440911939E+04,   1.5028533014082042E-16,   5.9952043329758453E-15
32,2,1,77,   1.1088691035343400E+04,   1.6336387622089202E-16,   5.9952043329758453E-15
32,2,1,78,   1.1090970865011312E+04,   2.1325362817998866E-16,   5.9952043329758453E-15
32,2,1,79,   1.1093528180709392E+04,   2.0513394136139342E-16,   5.9952043329758453E-15
32,2,1,80,   1.1095815637852702E+04,   2.3113535648948436E-16,   5.9952043329758453E-15
32,2,1,81,   1.1098373806037209E+04,   2.3563721404735483E-16,   5.9952043329758453E-15
32,2,1,82,   1.1100667636063677E+04,   2.6500142342405220E-16,   5.9952043329758453E-15
32,2,1,83,   1.1103227603512451E+04,   2.4879151917426411E-16,   5.9952043329758453E-15
32,2,1,84,   1.1105526805802689E+04,   2.4177033848628303E-16,   5.9952043329758453E-15
32,2,1,85,   1.1108089399993984E+04,   2.8152157832909463E-16,   5.9952043329758453E-15
32,2,1,86,   1.1110393135021355E+04,   2.9256228160120502E-16,   5.9952043329758453E-15
32,2,1,87,   1.1112959108526249E+04,   2.6345885255595120E-16,   5.9952043329758453E-15
32,2,1,88,   1.1115266638916442E+04,   3.0906438138648259E-16,   5.9952043329758453E-15
32,2,1,89,   1.1117836698421095E+04,   3.2105082666188292E-16,   5.9952043329758453E-15
32,2,1,90,   1.1120147350134830E+04,   3.6660835482070834E-16,   5.9952043329758453E-15
32,2,1,91,   1.1122722178215805E+04,   4.0170555691455682E-16,   5.9952043329758453E-15
32,2,1,92,   1.1125035314700181E+04,   4.8438231728606750E-16,   5.9952043329758453E-15
32,2,1,93,   1.1127615583699213E+04,   4.4859820778117809E-16,   5.9952043329758453E-15
32,2,1,94,   1.1129930589465550E+04,   4.6602633047552671E-16,   5.9952043329758453E-15
32,2,1,95,   1.1132516975616036E+04,   4.4752788721503463E-16,   5.9952043329758453E-15
32,2,1,96,   1.1134833241028628E+04,   4.7504585634976207E-16,   5.9952043329758453E-15
32,2,1,97,   1.1137426432955155E+04,   5.4315461964764770E-16,   5.9952043329758453E-15
32,2,1,98,   1.1139743346203377E+04,   5.9115112803438754E-16,   5.9952043329758453E-15
32,2,1,99,   1.1142344053778177E+04,   5.1286732046774618E-16,   5.9952043329758453E-15
32,2,1,100,   1.1144660992468846E+04,   6.0739190366646717E-16,   5.9952043329758453E-15
32,2,1,101,   1.1147269956295446E+04,   6.0497324174491236E-16,   5.9952043329758453E-15
32,2,1,102,   1.1149586281342181E+04,   7.5398707975648454E-16,   5.9952043329758453E-15
32,2,1,103,   1.1152204282731702E+04,   7.5479250412719456E-16,   5.9952043329758453E-15
32,2,1,104,   1.1154519331790310E+04,   8.2388053483688022E-16,   5.9952043329758453E-15
32,2,1,105,   1.1157147203720850E+04,   7.6671240275014646E-16,   5.9952043329758453E-15
32,2,1,106,   1.1159460285695775E+04,   8.1415949722507832E-16,   5.9952043329758453E-15
32,2,1,107,   1.1162098928291291E+04,   7.4072437225629428E-16,   5.9952043329758453E-15
32,2,1,108,   1.1164409316013815E+04,   8.5887003267878338E-16,   5.9952043329758453E-15
32,2,1,109,   1.1167059717204382E+04,   9.4724882828277975E-16,   5.9952043329758453E-15
32,2,1,110,   1.1169366640021493E+04,   9.3186669127227753E-16,   5.9952043329758453E-15
32,2,1,111,   1.1172029902793114E+04,   8.0521401424721448E-16,   5.9952043329758453E-15
32,2,1,112,   1.1174332537818200E+04,   7.8591227686682816E-16,   5.9952043329758453E-15
32,2,1,113,   1.1177009923600164E+04,   7.1990595351947447E-16,   5.9952043329758453E-15
32,2,1,114,   1.1179307384403455E+04,   7.5978492124049185E-16,   5.9952043329758453E-15
32,2,1,115,   1.1182000378903467E+04,   7.3889046467655162E-16,   5.9952043329758453E-15
32,2,1,116,   1.1184291704520376E+04,   7.7481413578175347E-16,   5.9952043329758453E-15
32,2,1,117,   1.1187002130157543E+04,   6.5326518664973134E-16,   5.9952043329758453E-15
32,2,1,118,   1.1189286274816506E+04,   6.9778643839241063E-16,   5.9952043329758453E-15
32,2,1,119,   1.1192016496396045E+04,   6.4174307009165212E-16,   5.9952043329758453E-15
32,2,1,120,   1.1194292334212898E+04,   7.9634304887693697E-16,   5.9952043329758453E-15
32,2,1,121,   1.1197045688854279E+04,   6.4755323125540927E-16,   5.9952043329758453E-15
32,2,1,122,   1.1199312086888347E+04,   7.7828454049457266E-16,   5.9952043329758453E-15
32,2,1,123,   1.1202093965841586E+04,   7.8282402877623656E-16,   5.9952043329758453E-15
32,2,1,124,   1.1204350210328303E+04,   9.0360796542908992E-16,   5.9952043329758453E-15
32,2,1,125,   1.1207171843738930E+04,   8.2400819758352477E-16,   5.9952043329758453E-15
32,2,1,126,   1.1209420824991541E+04,   8.3637696983010909E-16,   5.9952043329758453E-15
32,2,1,127,   1.1212329263724259E+04,   6.6116059797922843E-16,   5.9952043329758453E-15
32,2,1,128,   2.8107862381867032E+07,   8.3227923965462193E-16,   5.9952043329758453E-15
32,2,1,129,   1.0228009896909600E+08,   6.5523114567763151E-16,   5.9952043329758453E-15
32,2,1,130,   2.0493493214900792E+08,   4.3558815616761771E-16,   5.9952043329758453E-15
32,2,1,131,   3.3868586849055588E+08,   3.0853358475474832E-16,   5.9952043329758453E-15
32,2,1,132,   5.0377455553978175E+08,   2.0307034189863021E-16,   5.9952043329758453E-15
32,2,1,133,   7.0023352522260320E+08,   1.3430070185037187E-16,   5.9952043329758453E-15
32,2,1,134,   9.2764990050787127E+08,   8.5570359939318292E-17,   5.9952043329758453E-15
32,2,1,135,   1.1833048041533468E+09,   4.8066982669310891E-17,   5.9952043329758453E-15
32,2,1,136,   1.4546354272906356E+09,   2.1442686907297787E-17,   5.9952043329758453E-15
32,2,1,137,   1.7145091321482728E+09,   1.3614621741040091E-17,   5.9952043329758453E-15
32,2,1,138,   1.9974942683228807E+09,   1.5146583445301103E-17,   5.9952043329758453E-15
32,2,1,139,   2.3643502530039029E+09,   2.5639905583496007E-17,   5.9952043329758453E-15
32,2,1,140,   2.8062918992150493E+09,   3.7867203240248527E-17,   5.9952043329758453E-15
32,2,1,141,   3.3131538860769095E+09,   4.2969138118838941E-17,   5.9952043329758453E-15
32,2,1,142,   3.8817878997336211E+09,   4.4441533017778521E-17,   5.9952043329758453E-15
32,2,1,143,   4.5071803203948078E+09,   3.3698196794841257E-17,   5.9952043329758453E-15
32,2,1,144,   5.1723803216984663E+09,   1.8627918497855500E-17,   5.9952043329758453E-15
32,2,1,145,   5.8426793217398930E+09,   1.6178039425729541E-17,   5.9952043329758453E-15
32,2,1,146,   6.5330994546947470E+09,   1.6718318165374614E-17,   5.9952043329758453E-15
32,2,1,147,   7.3442832304919863E+09,   1.9843828097612263E-17,   5.9952043329758453E-15
32,2,1,148,   8.3042979268467627E+09,   1.9456758937370946E-17,   5.9952043329758453E-15
32,2,1,149,   9.3831461398107357E+09,   1.3181908292965727E-17,   5.9952043329758453E-15
32,2,1,150,   1.0504348449394186E+10,   1.2558793890990348E-17,   5.9952043329758453E-15
32,2,1,151,   1.1468385254034428E+10,   9.5526405547526035E-18,   5.9952043329758453E-15
32,2,1,152,   1.2527438104325954E+10,   1.0544402946325700E-17,   5.9952043329758453E-15
32,2,1,153,   1.3976629243667528E+10,   1.1594272805389467E-17,   5.9952043329758453E-15
32,2,1,154,   1.5592499396613457E+10,   8.4761129605699160E-18,   5.9952043329758453E-15
32,2,1,155,   1.6826574445229650E+10,   5.7464076740990063E-18,   5.9952043329758453E-15
32,2,1,156,   1.8216682119641323E+10,   7.9237041651401204E-18,   5.9952043329758453E-15
32,2,1,157,   2.0325375942851566E+10,   8.0454549077528611E-18,   5.9952043329758453E-15
32,2,1,158,   2.2024792410064018E+10,   4.3130522736966262E-18,   5.9952043329758453E-15
32,2,1,159,   2.3573231696659660E+10,   4.8389304809443124E-18,   5.9952043329758453E-15
32,2,1,160,   2.6332167140869110E+10,   4.4348499140604483E-18,   5.9952043329758453E-15
32,2,1,161,   2.7809777611141655E+10,   2.5008952592222665E-18,   5.9952043329758453E-15
32,2,1,162,   3.0675524633508068E+10,   4.4973143291681918E-18,   5.9952043329758453E-15
32,2,1,163,   3.2908942959927082E+10,   2.1220542517797804E-18,   5.9952043329758453E-15
32,2,1,164,   3.5846828197824783E+10,   4.0520187268745535E-18,   5.9952043329758453E-15
32,2,1,165,   3.8330735514800217E+10,   1.9581154496001368E-18,   5.9952043329758453E-15
32,2,1,166,   4.2373855051998703E+10,   3.5858432765649956E-18,   5.9952043329758453E-15
32,2,1,167,   4.4166407987264801E+10,   2.6379661825083339E-18,   5.9952043329758453E-15
32,2,1,168,   4.8861990666783363E+10,   1.7482357929760370E-18,   5.9952043329758453E-15
32,2,1,169,   5.3500704875895515E+10,   2.2175601874605532E-18,   5.9952043329758453E-15
32,2,1,170,   5.5794392968820412E+10,   1.9217503744377142E-18,   5.9952043329758453E-15
32,2,1,171,   5.9979672180337585E+10,   1.7051683877287977E-18,   5.9952043329758453E-15
32,2,1,172,   6.5223600559021881E+10,   1.8251780890310121E-18,   5.9952043329758453E-15
32,2,1,173,   7.0668757614899017E+10,   1.1738343133121625E-18,   5.9952043329758453E-15
32,2,1,174,   7.6328568220248077E+10,   1.2467377371073642E-18,   5.9952043329758453E-15
32,2,1,175,   8.2302793425878296E+10,   1.1807782056816510E-18,   5.9952043329758453E-15
32,2,1,176,   8.8697220540913147E+10,   1.1823362905573730E-18,   5.9952043329758453E-15
32,2,1,177,   9.5600858234094131E+10,   1.2576702512406272E-18,   5.9952043329758453E-15
32,2,1,178,   1.0309014139218074E+11,   1.2263657011716680E-18,   5.9952043329758453E-15
32,2,1,179,   1.1124019223925922E+11,   1.1023578502621314E-18,   5.9952043329758453E-15
32,2,1,180,   1.2013335931516939E+11,   9.4754963942868639E-19,   5.9952043329758453E-15
32,2,1,181,   1.2986502328179164E+11,   9.8351038574985507E-19,   5.9952043329758453E-15
32,2,1,182,   1.4054880262983893E+11,   7.2989007189829074E-19,   5.9952043329758453E-15
32,2,1,183,   1.5232287343783713E+11,   6.8575472409575613E-19,   5.9952043329758453E-15
32,2,1,184,   1.6535896092775278E+11,   5.5327133323409033E-19,   5.9952043329758453E-15
32,2,1,185,   1.7987620015518323E+11,   5.8916625496688928E-19,   5.9952043329758453E-15
32,2,1,186,   1.9616390939245444E+11,   5.6438365789469525E-19,   5.9952043329758453E-15
32,2,1,187,   2.1462180901746750E+11,   4.8672796155684237E-19,   5.9952043329758453E-15
32,2,1,188,   2.3583805630953876E+11,   5.6771380457971977E-19,   5.9952043329758453E-15
32,2,1,189,   2.6076214381934488E+11,   5.9210903875659640E-19,   5.9952043329758453E-15
32,2,1,190,   2.9117576650038354E+11,   3.9395108571731601E-19,   5.9952043329758453E-15
32,2,1,191,   3.3157695253205078E+11,   3.4510021507310053E-19,   5.9952043329758453E-15
32,2,2,1,   2.3146271004313093E+00,   5.8529716716043362E-16,   5.9952043329758453E-15
32,2,2,2,   2.3151338606744276E+00,   3.4242687301762005E-16,   5.9952043329758453E-15
32,2,2,3,   2.3155477998425669E+00,   4.8513206964093248E-16,   5.9952043329758453E-15
32,2,2,4,   2.3161296096468078E+00,   5.2774487247371681E-16,   5.9952043329758453E-15
32,2,2,5,   2.3165549591597796E+00,   5.1464108540405822E-16,   5.9952043329758453E-15
32,2,2,6,   2.3171370269663778E+00,   4.4531431867229833E-16,   5.9952043329758453E-15
32,2,2,7,   2.3175639715804150E+00,   6.2818675412976656E-16,   5.9952043329758453E-15
32,2,2,8,   2.3181465475011560E+00,   5.9071763973858993E-16,   5.9952043329758453E-15
32,2,2,9,   2.3185734056021543E+00,   6.7437919597080198E-16,   5.9952043329758453E-15
32,2,2,10,   2.3191552048509858E+00,   6.9057904199980800E-16,   5.9952043329758453E-15
32,2,2,11,   2.3195844402724375E+00,   6.6906528590727031E-16,   5.9952043329758453E-15
32,2,2,12,   2.3201732232167509E+00,   1.0460853307571470E-15,   5.9952043329758453E-15
32,2,2,13,   2.3205989611616715E+00,   9.3459170594506420E-16,   5.9952043329758453E-15
32,2,2,14,   2.3211810506031409E+00,   7.8580702112205533E-16,   5.9952043329758453E-15
32,2,2,15,   2.3216066191614839E+00,   9.7126713801266377E-16,   5.9952043329758453E-15
32,2,2,16,   2.3221938541624123E+00,   8.5447915531381014E-16,   5.9952043329758453E-15
32,2,2,17,   2.3226212555327694E+00,   1.0197143176122154E-15,   5.9952043329758453E-15
32,2,2,18,   2.3232117890621216E+00,   8.5052110620601850E-16,   5.9952043329758453E-15
32,2,2,19,   2.3236431257664765E+00,   9.3071245037674009E-16,   5.9952043329758453E-15
32,2,2,20,   2.3242261421909109E+00,   1.2121984399876911E-15,   5.9952043329758453E-15
32,2,2,21,   2.3246639638541584E+00,   1.5093905229395022E-15,   5.9952043329758453E-15
32,2,2,22,   2.3252487201231555E+00,   1.0859590699604266E-15,   5.9952043329758453E-15
32,2,2,23,   2.3256736815164505E+00,   1.1220933657312224E-15,   5.9952043329758453E-15
32,2,2,24,   2.3262687166238627E+00,   1.4446527796096667E-15,   5.9952043329758453E-15
32,2,2,25,   2.3267025128528025E+00,   2.0252968840980754E-15,   5.9952043329758453E-15
32,2,2,26,   2.3272768039000153E+00,   2.2359983089024408E-15,   5.9952043329758453E-15
32,2,2,27,   2.3277202334705547E+00,   1.6063822664629343E-15,   5.9952043329758453E-15
32,2,2,28,   2.3283070706630622E+00,   1.3232662876332638E-15,   5.9952043329758453E-15
32,2,2,29,   2.3287344839146646E+00,   2.1347750511689819E-15,   5.9952043329758453E-15
32,2,2,30,   2.3293270188066590E+00,   2.8126879052136720E-15,   5.9952043329758453E-15
32,2,2,31,   2.3297552302574975E+00,   2.7076935462737289E-15,   5.9952043329758453E-15
32,2,2,32,   2.3303656646955511E+00,   2.0793611399528045E-15,   5.9952043329758453E-15
32,2,2,33,   2.3307930403963613E+00,   2.2314972051156993E-15,   5.9952043329758453E-15
32,2,2,34,   2.3313717682173829E+00,   2.7069403433797319E-15,   5.9952043329758453E-15
32,2,2,35,   2.3318067648766583E+00,   2.8994564206840101E-15,   5.9952043329758453E-15
32,2,2,36,   2.3324133734076389E+00,   2.6687372961860154E-15,   5.9952043329758453E-15
32,2,2,37,   2.3328493247654287E+00,   2.4279157331719456E-15,   5.9952043329758453E-15
32,2,2,38,   2.3334425144411881E+00,   1.6095124697124513E-15,   5.9952043329758453E-15
32,2,2,39,   2.3338893148894497E+00,   2.7269260106343004E-15,   5.9952043329758453E-15
32,2,2,40,   2.3344775432036617E+00,   2.2985619848827978E-15,   5.9952043329758453E-15
32,2,2,41,   2.3348870758279268E+00,   4.7435115159677692E-15,   5.9952043329758453E-15
32,2,2,42,   2.3354630625513306E+00,   7.7708303013935970E-15,   5.9952043329758453E-15
32,2,2,43,   2.3359587256161753E+00,   3.5391985180109774E-15,   5.9952043329758453E-15
32,2,2,44,   2.3365198170986563E+00,   3.8963222230801040E-15,   5.9952043329758453E-15
32,2,2,45,   2.3369633102461100E+00,   3.4783856600894830E-15,   5.9952043329758453E-15
32,2,2,46,   2.3375932202687983E+00,   4.8574353100234082E-15,   5.9952043329758453E-15
32,2,2,47,   2.3380275703613433E+00,   4.5760703860514389E-15,   5.9952043329758453E-15
32,2,2,48,   2.3386046427954357E+00,   3.2711115381975200E-15,   5.9952043329758453E-15
32,2,2,49,   2.3390013521635327E+00,   7.6189472994692293E-15,   5.9952043329758453E-15
32,2,2,50,   2.3396453926352510E+00,   2.7075379219024526E-15,   5.9952043329758453E-15
32,2,2,51,   2.3400695583474711E+00,   4.1457855599074341E-15,   5.9952043329758453E-15
32,2,2,52,   2.3406987722179937E+00,   3.4498777785204645E-15,   5.9952043329758453E-15
32,2,2,53,   2.3411318486170409E+00,   4.3365374752126932E-15,   5.9952043329758453E-15
32,2,2,54,   2.3417387863899539E+00,   4.2920705169130992E-15,   5.9952043329758453E-15
32,2,2,55,   2.3422188962916501E+00,   9.9248467259932620E-15,   5.9952043329758453E-15
32,2,2,56,   2.3427347990735972E+00,   6.1501626417199693E-15,   5.9952043329758453E-15
32,2,2,57,   2.3432019372833777E+00,   5.3929469276654592E-15,   5.9952043329758453E-15
32,2,2,58,   2.3437487393363967E+00,   9.4875515500906889E-15,   5.9952043329758453E-15
32,2,2,59,   2.3442198012083693E+00,   6.2614597818879388E-15,   5.9952043329758453E-15
32,2,2,60,   2.3448633468591153E+00,   3.5063582593918600E-15,   5.9952043329758453E-15
32,2,2,61,   2.3453031810489180E+00,   3.2413577071353994E-15,   5.9952043329758453E-15
32,2,2,62,   2.3459366834793745E+00,   7.2604722819042240E-15,   5.9952043329758453E-15
32,2,2,63,   2.3463858477566060E+00,   7.0132011728549738E-15,   5.9952043329758453E-15
32,2,2,64,   2.3470613439310770E+00,   1.7050334310523086E-14,   5.9952043329758453E-15
32,2,2,65,   1.1060338351457933E+04,   8.1786175107631262E-18,   5.9952043329758453E-15
32,2,2,66,   1.1062104046121689E+04,   1.3522183062917146E-17,   5.9952043329758453E-15
32,2,2,67,   1.1064649607568908E+04,   2.4950875178351981E-17,   5.9952043329758453E-15
32,2,2,68,   1.1066865670077004E+04,   3.4867484590623970E-17,   5.9952043329758453E-15
32,2,2,69,   1.1069443069568493E+04,   3.9743389228651184E-17,   5.9952043329758453E-15
32,2,2,70,   1.1071668930366473E+04,   6.6710031136008340E-17,   5.9952043329758453E-15
32,2,2,71,   1.1074237638306635E+04,   6.9302411753967891E-17,   5.9952043329758453E-15
32,2,2,72,   1.1076481836223042E+04,   8.9433597294059983E-17,   5.9952043329758453E-15
32,2,2,73,   1.1079044641886627E+04,   9.1592916091754286E-17,   5.9952043329758453E-15
32,2,2,74,   1.1081303611039422E+04,   1.5460343944116005E-16,   5.9952043329758453E-15
32,2,2,75,   1.1083862896503570E+04,   1.5412698779774779E-16,   5.9952043329758453E-15
32,2,2,76,   1.1086133441028926E+04,   1.7762548107575568E-16,   5.9952043329758453E-15
32,2,2,77,   1.1088691035314325E+04,   2.0132950700475041E-16,   5.9952043329758453E-15
32,2,2,78,   1.1090970864912309E+04,   2.4899394649686037E-16,   5.9952043329758453E-15
32,2,2,79,   1.1093528180888406E+04,   2.2333348179248548E-16,   5.9952043329758453E-15
32,2,2,80,   1.1095815637937721E+04,   2.2609377344974214E-16,   5.9952043329758453E-15
32,2,2,81,   1.1098373805781102E+04,   1.6490751102212430E-16,   5.9952043329758453E-15
32,2,2,82,   1.1100667636053131E+04,   2.1469997044870514E-16,   5.9952043329758453E-15
32,2,2,83,   1.1103227603365640E+04,   2.0947284418327545E-16,   5.9952043329758453E-15
32,2,2,84,   1.1105526805829582E+04,   2.8124517412404014E-16,   5.9952043329758453E-15
32,2,2,85,   1.1108089400105693E+04,   2.7324677413241880E-16,   5.9952043329758453E-15
32,2,2,86,   1.1110393135103257E+04,   2.9359722231916620E-16,   5.9952043329758453E-15
32,2,2,87,   1.1112959108583378E+04,   3.4514758511157741E-16,   5.9952043329758453E-15
32,2,2,88,   1.1115266638972806E+04,   3.3616793987386664E-16,   5.9952043329758453E-15
32,2,2,89,   1.1117836698502366E+04,   3.7023198259853217E-16,   5.9952043329758453E-15
32,2,2,90,   1.1120147350016905E+04,   4.7579658175791094E-16,   5.9952043329758453E-15
32,2,2,91,   1.1122722178135760E+04,   3.9866270530191591E-16,   5.9952043329758453E-15
32,2,2,92,   1.1125035314598710E+04,   4.6396921623227032E-16,   5.9952043329758453E-15
32,2,2,93,   1.1127615583767725E+04,   4.5006088441162139E-16,   5.9952043329758453E-15
32,2,2,94,   1.1129930589513222E+04,   4.0981996887069471E-16,   5.9952043329758453E-15
32,2,2,95,   1.1132516975743154E+04,   4.1069148247886415E-16,   5.9952043329758453E-15
32,2,2,96,   1.1134833241013766E+04,   4.0668291097477299E-16,   5.9952043329758453E-15
32,2,2,97,   1.1137426433118206E+04,   4.4133204286393579E-16,   5.9952043329758453E-15
32,2,2,98,   1.1139743346190617E+04,   4.8642871462358046E-16,   5.9952043329758453E-15
32,2,2,99,   1.1142344053917423E+04,   4.7357288794627379E-16,   5.9952043329758453E-15
32,2,2,100,   1.1144660992520608E+04,   5.3941863536530930E-16,   5.9952043329758453E-15
32,2,2,101,   1.1147269956470609E+04,   5.7128097205868588E-16,   5.9952043329758453E-15
32,2,2,102,   1.1149586281312533E+04,   5.3675287049252666E-16,   5.9952043329758453E-15
32,2,2,103,   1.1152204282674591E+04,   5.3625176044524272E-16,   5.9952043329758453E-15
32,2,2,104,   1.1154519331729090E+04,   6.1168848070876723E-16,   5.9952043329758453E-15
32,2,2,105,   1.1157147203726061E+04,   5.9093134356911585E-16,   5.9952043329758453E-15
32,2,2,106,   1.1159460285697804E+04,   5.9319641855101202E-16,   5.9952043329758453E-15
32,2,2,107,   1.1162098928297391E+04,   5.3581528408536840E-16,   5.9952043329758453E-15
32,2,2,108,   1.1164409316076211E+04,   6.1963324438665284E-16,   5.9952043329758453E-15
32,2,2,109,   1.1167059717330416E+04,   6.6442983046018986E-16,   5.9952043329758453E-15
32,2,2,110,   1.1169366640124779E+04,   7.6779237806053405E-16,   5.9952043329758453E-15
32,2,2,111,   1.1172029902845843E+04,   7.7151906893981121E-16,   5.9952043329758453E-15
32,2,2,112,   1.1174332537826624E+04,   7.1205632531898217E-16,   5.9952043329758453E-15
32,2,2,113,   1.1177009923674435E+04,   7.0771051651710280E-16,   5.9952043329758453E-15
32,2,2,114,   1.1179307384325468E+04,   7.5317311083712085E-16,   5.9952043329758453E-15
32,2,2,115,   1.1182000378862285E+04,   7.3783973778740700E-16,   5.9952043329758453E-15
32,2,2,116,   1.1184291704512649E+04,   8.1015715435077897E-16,   5.9952043329758453E-15
32,2,2,117,   1.1187002130149678E+04,   6.4594511466819511E-16,   5.9952043329758453E-15
32,2,2,118,   1.1189286274842059E+04,   6.7166955258000884E-16,   5.9952043329758453E-15
32,2,2,119,   1.1192016496385020E+04,   7.1369322838376450E-16,   5.9952043329758453E-15
32,2,2,120,   1.1194292334171187E+04,   8.4848357070679529E-16,   5.9952043329758453E-15
32,2,2,121,   1.1197045688810358E+04,   6.7718971237177847E-16,   5.9952043329758453E-15
32,2,2,122,   1.1199312086823598E+04,   7.0915633238931073E-16,   5.9952043329758453E-15
32,2,2,123,   1.1202093965832901E+04,   6.7377503846457482E-16,   5.9952043329758453E-15
32,2,2,124,   1.1204350210377654E+04,   8.2646504534832173E-16,   5.9952043329758453E-15
32,2,2,125,   1.1207171843708793E+04,   7.1514620362250133E-16,   5.9952043329758453E-15
32,2,2,126,   1.1209420824826986E+04,   8.5952047052991980E-16,   5.9952043329758453E-15
32,2,2,127,   1.1212329263797894E+04,   5.9252041450776444E-16,   5.9952043329758453E-15
32,2,2,128,   2.8107862381871976E+07,   1.1676883265245756E-15,   5.9952043329758453E-15
32,2,2,129,   1.0228009896910317E+08,   6.8315671497033650E-16,   5.9952043329758453E-15
32,2,2,130,   2.0493493214901757E+08,   4.0825357898741269E-16,   5.9952043329758453E-15
32,2,2,131,   3.3868586849056917E+08,   2.4517231666287720E-16,   5.9952043329758453E-15
32,2,2,132,   5.0377455553979552E+08,   1.5619323916816399E-16,   5.9952043329758453E-15
32,2,2,133,   7.0023352522261393E+08,   1.0089372861415579E-16,   5.9952043329758453E-15
32,2,2,134,   9.2764990050787807E+08,   5.9018612720471905E-17,   5.9952043329758453E-15
32,2,2,135,   1.1833048041533568E+09,   3.7489712293555338E-17,   5.9952043329758453E-15
32,2,2,136,   1.4546354272906437E+09,   2.3503582547331801E-17,   5.9952043329758453E-15
32,2,2,137,   1.7145091321482801E+09,   1.5647954477560414E-17,   5.9952043329758453E-15
32,2,2,138,   1.9974942683228853E+09,   1.9108389409901380E-17,   5.9952043329758453E-15
32,2,2,139,   2.3643502530039020E+09,   2.8126900806924869E-17,   5.9952043329758453E-15
32,2,2,140,   2.8062918992150450E+09,   2.8674140578810517E-17,   5.9952043329758453E-15
32,2,2,141,   3.3131538860769081E+09,   3.5164681802262324E-17,   5.9952043329758453E-15
32,2,2,142,   3.8817878997336221E+09,   3.1635579692780335E-17,   5.9952043329758453E-15
32,2,2,143,   4.5071803203948097E+09,   2.6409635453704806E-17,   5.9952043329758453E-15
32,2,2,144,   5.1723803216984739E+09,   2.3482049434209221E-17,   5.9952043329758453E-15
32,2,2,145,   5.8426793217398968E+09,   1.9175594600121045E-17,   5.9952043329758453E-15
32,2,2,146,   6.5330994546947489E+09,   1.6080900136524609E-17,   5.9952043329758453E-15
32,2,2,147,   7.3442832304919987E+09,   1.6534011605769941E-17,   5.9952043329758453E-15
32,2,2,148,   8.3042979268467798E+09,   1.6071219464905011E-17,   5.9952043329758453E-15
32,2,2,149,   9.3831461398107529E+09,   1.1765488331077529E-17,   5.9952043329758453E-15
32,2,2,150,   1.0504348449394199E+10,   9.9745872104508866E-18,   5.9952043329758453E-15
32,2,2,151,   1.1468385254034447E+10,   7.7874975677268873E-18,   5.9952043329758453E-15
32,2,2,152,   1.2527438104325972E+10,   8.8777992808313387E-18,   5.9952043329758453E-15
32,2,2,153,   1.3976629243667562E+10,   7.8750933980245824E-18,   5.9952043329758453E-15
32,2,2,154,   1.5592499396613495E+10,   6.5302969966128167E-18,   5.9952043329758453E-15
32,2,2,155,   1.6826574445229670E+10,   4.7524005627100994E-18,   5.9952043329758453E-15
32,2,2,156,   1.8216682119641350E+10,   6.6564424223900533E-18,   5.9952043329758453E-15
32,2,2,157,   2.0325375942851593E+10,   7.6171404921048031E-18,   5.9952043329758453E-15
32,2,2,158,   2.2024792410063999E+10,   3.8094692458056925E-18,   5.9952043329758453E-15
32,2,2,159,   2.3573231696659649E+10,   4.7355111260374870E-18,   5.9952043329758453E-15
32,2,2,160,   2.6332167140869122E+10,   3.9003382684887366E-18,   5.9952043329758453E-15
32,2,2,161,   2.7809777611141632E+10,   2.4140285601245669E-18,   5.9952043329758453E-15
32,2,2,162,   3.0675524633508068E+10,   4.3984825554123535E-18,   5.9952043329758453E-15
32,2,2,163,   3.2908942959927105E+10,   1.8936766722462538E-18,   5.9952043329758453E-15
32,2,2,164,   3.5846828197824799E+10,   3.5975349316887180E-18,   5.9952043329758453E-15
32,2,2,165,   3.8330735514800240E+10,   1.9951816527538892E-18,   5.9952043329758453E-15
32,2,2,166,   4.2373855051998680E+10,   3.2561896230616315E-18,   5.9952043329758453E-15
32,2,2,167,   4.4166407987264839E+10,   2.3818758447258824E-18,   5.9952043329758453E-15
32,2,2,168,   4.8861990666783325E+10,   1.5446629668528659E-18,   5.9952043329758453E-15
32,2,2,169,   5.3500704875895515E+10,   2.1265802437630576E-18,   5.9952043329758453E-15
32,2,2,170,   5.5794392968820381E+10,   2.1444814554094550E-18,   5.9952043329758453E-15
32,2,2,171,   5.9979672180337555E+10,   1.6609567284655111E-18,   5.9952043329758453E-15
32,2,2,172,   6.5223600559021843E+10,   1.4722026690382833E-18,   5.9952043329758453E-15
32,2,2,173,   7.0668757614898987E+10,   1.6082707278745896E-18,   5.9952043329758453E-15
32,2,2,174,   7.6328568220248093E+10,   9.9796512271399577E-19,   5.9952043329758453E-15
32,2,2,175,   8.2302793425878311E+10,   1.2584505119538868E-18,   5.9952043329758453E-15
32,2,2,176,   8.8697220540913116E+10,   9.7727297952056277E-19,   5.9952043329758453E-15
32,2,2,177,   9.5600858234094131E+10,   1.3321195082482098E-18,   5.9952043329758453E-15
32,2,2,178,   1.0309014139218089E+11,   1.4258182619302563E-18,   5.9952043329758453E-15
32,2,2,179,   1.1124019223925920E+11,   1.0968803536522299E-18,   5.9952043329758453E-15
32,2,2,180,   1.2013335931516940E+11,   9.7321765609210056E-19,   5.9952043329758453E-15
32,2,2,181,   1.2986502328179161E+11,   9.3174416306601291E-19,   5.9952043329758453E-15
32,2,2,182,   1.4054880262983893E+11,   9.5906661420789352E-19,   5.9952043329758453E-15
32,2,2,183,   1.5232287343783713E+11,   8.3544131510110615E-19,   5.9952043329758453E-15
32,2,2,184,   1.6535896092775278E+11,   7.6435839919087298E-19,   5.9952043329758453E-15
32,2,2,185,   1.7987620015518289E+11,   7.3881571511752823E-19,   5.9952043329758453E-15
32,2,2,186,   1.9616390939245453E+11,   5.9709810464003519E-19,   5.9952043329758453E-15
32,2,2,187,   2.1462180901746735E+11,   6.5189736360049404E-19,   5.9952043329758453E-15
32,2,2,188,   2.3583805630953860E+11,   5.9074677138134275E-19,   5.9952043329758453E-15
32,2,2,189,   2.6076214381934509E+11,   4.8295469935089379E-19,   5.9952043329758453E-15
32,2,2,190,   2.9117576650038336E+11,   3.9992905308699443E-19,   5.9952043329758453E-15
32,2,2,191,   3.3157695253205066E+11,   6.9274501958858567E-19,   5.9952043329758453E-15
32,3,1,1,   2.3145363731119821E+00,   3.1242528007369627E-16,   4.8849813083506888E-15
32,3,1,2,   2.3148596965034316E+00,   2.7918707262579555E-16,   4.8849813083506888E-15
32,3,1,3,   2.3152255837355735E+00,   2.7994647944008974E-16,   4.8849813083506888E-15
32,3,1,4,   2.3154495297061657E+00,   4.4231682672052791E-16,   4.8849813083506888E-15
32,3,1,5,   2.3158385149806855E+00,   2.4716831196524395E-16,   4.8849813083506888E-15
32,3,1,6,   2.3162279871654339E+00,   3.2106917173561568E-16,   4.8849813083506888E-15
32,3,1,7,   2.3164556482092857E+00,   2.9523300780752147E-16,   4.8849813083506888E-15
32,3,1,8,   2.3168458831674541E+00,   2.0922859477792546E-16,   4.8849813083506888E-15
32,3,1,9,   2.3172335933259829E+00,   3.3578378711783152E-16,   4.8849813083506888E-15
32,3,1,10,   2.3174667742311796E+00,   4.8624845939341087E-16,   4.8849813083506888E-15
32,3,1,11,   2.3178522542678932E+00,   2.6534558660145540E-16,   4.8849813083506888E-15
32,3,1,12,   2.3182440728904741E+00,   3.3344391230722772E-16,   4.8849813083506888E-15
32,3,1,13,   2.3184789111809776E+00,   4.9161866473987916E-16,   4.8849813083506888E-15
32,3,1,14,   2.3188626775196348E+00,   3.2292562257000820E-16,   4.8849813083506888E-15
32,3,1,15,   2.3192532372171812E+00,   4.3979686907275868E-16,   4.8849813083506888E-15
32,3,1,16,   2.3194830294095867E+00,   4.7776256673214264E-16,   4.8849813083506888E-15
32,3,1,17,   2.3198741598395745E+00,   3.8748311669356275E-16,   4.8849813083506888E-15
32,3,1,18,   2.3202680546135257E+00,   6.4665240543523796E-16,   4.8849813083506888E-15
32,3,1,19,   2.3204951819241106E+00,   6.3214222811792909E-16,   4.8849813083506888E-15
32,3,1,20,   2.3208829414649688E+00,   4.3686281011325789E-16,   4.8849813083506888E-15
32,3,1,21,   2.3212824002470804E+00,   5.6119729001974353E-16,   4.8849813083506888E-15
32,3,1,22,   2.3215077339682177E+00,   5.2704244487916301E-16,   4.8849813083506888E-15
32,3,1,23,   2.3219035954669422E+00,   3.9087150648763311E-16,   4.8849813083506888E-15
32,3,1,24,   2.3223025974839024E+00,   6.6492252383257017E-16,   4.8849813083506888E-15
32,3,1,25,   2.3225136402759698E+00,   7.2844989271376390E-16,   4.8849813083506888E-15
32,3,1,26,   2.3229236938189146E+00,   8.4535763013576289E-16,   4.8849813083506888E-15
32,3,1,27,   2.3233088255097876E+00,   1.0933161206298217E-15,   4.8849813083506888E-15
32,3,1,28,   2.3235409757538461E+00,   9.9806020487760532E-16,   4.8849813083506888E-15
32,3,1,29,   2.3239235288769269E+00,   7.0815534070229871E-16,   4.8849813083506888E-15
32,3,1,30,   2.3243246683829066E+00,   8.4810111924607776E-16,   4.8849813083506888E-15
32,3,1,31,   2.3245458179135285E+00,   1.3097713432717777E-15,   4.8849813083506888E-15
32,3,1,32,   2.3249501273898630E+00,   6.9304015156979838E-16,   4.8849813083506888E-15
32,3,1,33,   2.3253462395400724E+00,   1.0581199143002671E-15,   4.8849813083506888E-15
32,3,1,34,   2.3255777956340942E+00,   1.0613767557630869E-15,   4.8849813083506888E-15
32,3,1,35,   2.3259773945773490E+00,   7.2644275250730547E-16,   4.8849813083506888E-15
32,3,1,36,   2.3263752441540118E+00,   8.0257669792937997E-16,   4.8849813083506888E-15
32,3,1,37,   2.3265874153514967E+00,   9.5689164770759087E-16,   4.8849813083506888E-15
32,3,1,38,   2.3269767246995445E+00,   8.2755917312161286E-16,   4.8849813083506888E-15
32,3,1,39,   2.3273978702921263E+00,   1.7081454974389467E-15,   4.8849813083506888E-15
32,3,1,40,   2.3276350585850323E+00,   1.6672738936677966E-15,   4.8849813083506888E-15
32,3,1,41,   2.3280092228111648E+00,   1.0054848341802519E-15,   4.8849813083506888E-15
32,3,1,42,   2.3283834098397564E+00,   2.3096041404017147E-15,   4.8849813083506888E-15
32,3,1,43,   2.3286163984419788E+00,   2.1194317391081011E-15,   4.8849813083506888E-15
32,3,1,44,   2.3290189787321789E+00,   2.0724748162890901E-15,   4.8849813083506888E-15
32,3,1,45,   2.3294120137918677E+00,   3.5716442870431101E-15,   4.8849813083506888E-15
32,3,1,46,   2.3296345885414462E+00,   2.5374272706122334E-15,   4.8849813083506888E-15
32,3,1,47,   2.3300455166422465E+00,   9.8929781737446119E-16,   4.8849813083506888E-15
32,3,1,48,   2.3304387105069209E+00,   1.6280648963201370E-15,   4.8849813083506888E-15
32,3,1,49,   2.3306775148635102E+00,   1.5759808084822126E-15,   4.8849813083506888E-15
32,3,1,50,   2.3310856488016172E+00,   1.0968831597855180E-15,   4.8849813083506888E-15
32,3,1,51,   2.3314746576946876E+00,   1.4900491318745729E-15,   4.8849813083506888E-15
32,3,1,52,   2.3317167596714103E+00,   1.7980212769002994E-15,   4.8849813083506888E-15
32,3,1,53,   2.3321240570413377E+00,   1.7274547522132534E-15,   4.8849813083506888E-15
32,3,1,54,   2.3325037735995457E+00,   1.9717253708720138E-15,   4.8849813083506888E-15
32,3,1,55,   2.3327379870862539E+00,   2.4597864674035349E-15,   4.8849813083506888E-15
32,3,1,56,   2.3331695551137774E+00,   2.1875658025436695E-15,   4.8849813083506888E-15
32,3,1,57,   2.3335007078848515E+00,   5.1041637312210863E-15,   4.8849813083506888E-15
32,3,1,58,   2.3337653628470987E+00,   3.1337046200016069E-15,   4.8849813083506888E-15
32,3,1,59,   2.3341657867374157E+00,   1.4459151528842351E-15,   4.8849813083506888E-15
32,3,1,60,   2.3345541839987902E+00,   2.5449321008053151E-15,   4.8849813083506888E-15
32,3,1,61,   2.3347584701239015E+00,   3.0355269185923629E-15,   4.8849813083506888E-15
32,3,1,62,   2.3351375775013721E+00,   2.7550782874111826E-15,   4.8849813083506888E-15
32,3,1,63,   2.3355314142924026E+00,   6.8525477479144128E-15,   4.8849813083506888E-15
32,3,1,64,   2.3358011151668769E+00,   4.1739983453215593E-15,   4.8849813083506888E-15
32,3,1,65,   2.3362213420438587E+00,   2.1141072101414898E-15,   4.8849813083506888E-15
32,3,1,66,   2.3366403423209747E+00,   2.4762650748070079E-15,   4.8849813083506888E-15
32,3,1,67,   2.3368765311614763E+00,   3.6613324578839258E-15,   4.8849813083506888E-15
32,3,1,68,   2.3371919915795001E+00,   2.8469411699316924E-15,   4.8849813083506888E-15
32,3,1,69,   2.3376280568185979E+00,   3.8084106569723232E-15,   4.8849813083506888E-15
32,3,1,70,   2.3378731319532533E+00,   3.0744636981446749E-15,   4.8849813083506888E-15
32,3,1,71,   2.3382719478459877E+00,   3.4969388172283816E-15,   4.8849813083506888E-15
32,3,1,72,   2.3386718683743730E+00,   5.2103919453510150E-15,   4.8849813083506888E-15
32,3,1,73,   2.3388706340737007E+00,   3.6905731081038976E-15,   4.8849813083506888E-15
32,3,1,74,   2.3392856942519011E+00,   2.7569939107388356E-15,   4.8849813083506888E-15
32,3,1,75,   2.3396469854715445E+00,   6.4927742572214197E-15,   4.8849813083506888E-15
32,3,1,76,   2.3399187603908951E+00,   4.6333117033960541E-15,   4.8849813083506888E-15
32,3,1,77,   2.3402900596657852E+00,   5.8849169160860658E-15,   4.8849813083506888E-15
32,3,1,78,   2.3407401034382453E+00,   4.3089831554542698E-15,   4.8849813083506888E-15
32,3,1,79,   2.3409337656743276E+00,   4.9844996844410436E-15,   4.8849813083506888E-15
32,3,1,80,   2.3412878012330034E+00,   4.9761517240681808E-15,   4.8849813083506888E-15
32,3,1,81,   2.3418992046924085E+00,   7.9672021615764740E-15,   4.8849813083506888E-15
32,3,1,82,   2.3420958906064198E+00,   6.7962592338895496E-15,   4.8849813083506888E-15
32,3,1,83,   2.3425214664663909E+00,   5.4312127974615967E-15,   4.8849813083506888E-15
32,3,1,84,   2.3428988267584256E+00,   6.0639736975844045E-15,   4.8849813083506888E-15
32,3,1,85,   2.3430186929109498E+00,   4.7818204027820268E-15,   4.8849813083506888E-15
32,3,1,86,   2.3434048430834657E+00,   4.4237755690131077E-15,   4.8849813083506888E-15
32,3,1,87,   2.3438404773124724E+00,   4.0573769597171313E-15,   4.8849813083506888E-15
32,3,1,88,   2.3441469997966831E+00,   3.8157577550674467E-15,   4.8849813083506888E-15
32,3,1,89,   2.3444744053161450E+00,   4.7900698081597321E-15,   4.8849813083506888E-15
32,3,1,90,   2.3449278786927903E+00,   3.2478515092191553E-15,   4.8849813083506888E-15
32,3,1,91,   2.3451910935848734E+00,   4.6333988267348488E-15,   4.8849813083506888E-15
32,3,1,92,   2.3455144596877457E+00,   5.3134090778758010E-15,   4.8849813083506888E-15
32,3,1,93,   2.3461588988395476E+00,   8.6163147876722495E-15,   4.8849813083506888E-15
32,3,1,94,   2.3463078473238697E+00,   6.6396317329417458E-15,   4.8849813083506888E-15
32,3,1,95,   2.3466005159156844E+00,   4.6415785936134076E-15,   4.8849813083506888E-15
32,3,1,96,   2.3468724408086152E+00,   1.0386300307968242E-14,   4.8849813083506888E-15
32,3,1,97,   1.1059264532894442E+04,   2.4167218495771885E-18,   4.8849813083506888E-15
32,3,1,98,   1.1060988699266980E+04,   3.7907493488599158E-18,   4.8849813083506888E-15
32,3,1,99,   1.1061977940119987E+04,   1.1402146859369530E-17,   4.8849813083506888E-15
32,3,1,100,   1.1063516952243481E+04,   1.4048080473267207E-17,   4.8849813083506888E-15
32,3,1,101,   1.1065537037927008E+04,   1.6897234920492484E-17,   4.8849813083506888E-15
32,3,1,102,   1.1066763544710435E+04,   2.8789357988820082E-17,   4.8849813083506888E-15
32,3,1,103,   1.1068293702581053E+04,   2.5458989920293443E-17,   4.8849813083506888E-15
32,3,1,104,   1.1070332864614056E+04,   3.6875380925185278E-17,   4.8849813083506888E-15
32,3,1,105,   1.1071572361826920E+04,   5.6791218839129668E-17,   4.8849813083506888E-15
32,3,1,106,   1.1073087308006428E+04,   5.1697063333296534E-17,   4.8849813083506888E-15
32,3,1,107,   1.1075137645297373E+04,   6.1953045435806301E-17,   4.8849813083506888E-15
32,3,1,108,   1.1076389469732578E+04,   8.3655071764496709E-17,   4.8849813083506888E-15
32,3,1,109,   1.1077895456324834E+04,   7.1486582369230186E-17,   4.8849813083506888E-15
32,3,1,110,   1.1079953097798298E+04,   8.2129748350794066E-17,   4.8849813083506888E-15
32,3,1,111,   1.1081214071161736E+04,   1.2425175331068065E-16,   4.8849813083506888E-15
32,3,1,112,   1.1082714713948628E+04,   1.0367857561258912E-16,   4.8849813083506888E-15
32,3,1,113,   1.1084777861283392E+04,   1.1816684057174359E-16,   4.8849813083506888E-15
32,3,1,114,   1.1086045746596081E+04,   1.2926661941213084E-16,   4.8849813083506888E-15
32,3,1,115,   1.1087543309480128E+04,   1.1502505690437188E-16,   4.8849813083506888E-15
32,3,1,116,   1.1089611024495965E+04,   1.4202178365619003E-16,   4.8849813083506888E-15
32,3,1,117,   1.1090884297317218E+04,   1.8139943910935587E-16,   4.8849813083506888E-15
32,3,1,118,   1.1092380325131369E+04,   1.6880204095744894E-16,   4.8849813083506888E-15
32,3,1,119,   1.1094452066094280E+04,   2.0355499642407228E-16,   4.8849813083506888E-15
32,3,1,120,   1.1095729633438796E+04,   2.4432337324656936E-16,   4.8849813083506888E-15
32,3,1,121,   1.1097225266905180E+04,   1.7219216163398576E-16,   4.8849813083506888E-15
32,3,1,122,   1.1099300692218478E+04,   2.0632262445697632E-16,   4.8849813083506888E-15
32,3,1,123,   1.1100581718619000E+04,   2.4662630385732610E-16,   4.8849813083506888E-15
32,3,1,124,   1.1102077860234664E+04,   2.1338514976412900E-16,   4.8849813083506888E-15
32,3,1,125,   1.1104156739346943E+04,   2.1448142208510938E-16,   4.8849813083506888E-15
32,3,1,126,   1.1105440545732898E+04,   2.3859099839779581E-16,   4.8849813083506888E-15
32,3,1,127,   1.1106937957846883E+04,   2.4181530872852263E-16,   4.8849813083506888E-15
32,3,1,128,   1.1109020122942984E+04,   2.6039095735712926E-16,   4.8849813083506888E-15
32,3,1,129,   1.1110306126803151E+04,   3.0526230927363762E-16,   4.8849813083506888E-15
32,3,1,130,   1.1111805485794450E+04,   3.0381475357967195E-16,   4.8849813083506888E-15
32,3,1,131,   1.1113890807032654E+04,   2.9172025007684949E-16,   4.8849813083506888E-15
32,3,1,132,   1.1115178483487527E+04,   3.2781587735781332E-16,   4.8849813083506888E-15
32,3,1,133,   1.1116680418321541E+04,   3.1731070629668158E-16,   4.8849813083506888E-15
32,3,1,134,   1.1118768786542787E+04,   3.1546689469508824E-16,   4.8849813083506888E-15
32,3,1,135,   1.1120057645089752E+04,   3.6825390173694244E-16,   4.8849813083506888E-15
32,3,1,136,   1.1121562760213028E+04,   3.5828718604677717E-16,   4.8849813083506888E-15
32,3,1,137,   1.1123654078921085E+04,   4.0048761344049857E-16,   4.8849813083506888E-15
32,3,1,138,   1.1124943646658379E+04,   4.5958058266781966E-16,   4.8849813083506888E-15
32,3,1,139,   1.1126452538662959E+04,   4.2049829077875702E-16,   4.8849813083506888E-15
32,3,1,140,   1.1128546716267543E+04,   4.0152448727050995E-16,   4.8849813083506888E-15
32,3,1,141,   1.1129836527330090E+04,   4.5077600816684782E-16,   4.8849813083506888E-15
32,3,1,142,   1.1131349798373763E+04,   4.0240128464092137E-16,   4.8849813083506888E-15
32,3,1,143,   1.1133446743388668E+04,   4.4374064522068401E-16,   4.8849813083506888E-15
32,3,1,144,   1.1134736331405606E+04,   5.0813538182367114E-16,   4.8849813083506888E-15
32,3,1,145,   1.1136254599341923E+04,   4.6350021931025217E-16,   4.8849813083506888E-15
32,3,1,146,   1.1138354216538932E+04,   4.5651915322022126E-16,   4.8849813083506888E-15
32,3,1,147,   1.1139643107355932E+04,   5.2335330383888018E-16,   4.8849813083506888E-15
32,3,1,148,   1.1141167014897797E+04,   5.0729964914798471E-16,   4.8849813083506888E-15
32,3,1,149,   1.1143269202040001E+04,   4.8402364948885882E-16,   4.8849813083506888E-15
32,3,1,150,   1.1144556909379584E+04,   5.8149420585232402E-16,   4.8849813083506888E-15
32,3,1,151,   1.1146087134100753E+04,   5.2240843945090186E-16,   4.8849813083506888E-15
32,3,1,152,   1.1148191777760614E+04,   5.2889936146429879E-16,   4.8849813083506888E-15
32,3,1,153,   1.1149477798237685E+04,   6.2209792583580717E-16,   4.8849813083506888E-15
32,3,1,154,   1.1151015062218979E+04,   5.7635753828009352E-16,   4.8849813083506888E-15
32,3,1,155,   1.1153122034999727E+04,   5.1222234854261334E-16,   4.8849813083506888E-15
32,3,1,156,   1.1154405844041779E+04,   6.4919655126705025E-16,   4.8849813083506888E-15
32,3,1,157,   1.1155950925816369E+04,   5.6991417297998337E-16,   4.8849813083506888E-15
32,3,1,158,   1.1158060082582100E+04,   6.0760872703228867E-16,   4.8849813083506888E-15
32,3,1,159,   1.1159341128452475E+04,   6.5799293207147324E-16,   4.8849813083506888E-15
32,3,1,160,   1.1160894878821880E+04,   6.0983910978024369E-16,   4.8849813083506888E-15
32,3,1,161,   1.1163006051773600E+04,   6.2723076171377635E-16,   4.8849813083506888E-15
32,3,1,162,   1.1164283749395652E+04,   7.1494771303057505E-16,   4.8849813083506888E-15
32,3,1,163,   1.1165847111594054E+04,   7.3962681361309233E-16,   4.8849813083506888E-15
32,3,1,164,   1.1167960104489077E+04,   7.4819204079284225E-16,   4.8849813083506888E-15
32,3,1,165,   1.1169233827790571E+04,   8.8097458532876948E-16,   4.8849813083506888E-15
32,3,1,166,   1.1170807864908435E+04,   7.3448735570420017E-16,   4.8849813083506888E-15
32,3,1,167,   1.1172922446647268E+04,   7.3009104535367110E-16,   4.8849813083506888E-15
32,3,1,168,   1.1174191517114559E+04,   7.9049463681497233E-16,   4.8849813083506888E-15
32,3,1,169,   1.1175777453465456E+04,   7.0239195770356586E-16,   4.8849813083506888E-15
32,3,1,170,   1.1177893348595015E+04,   6.7813437133728000E-16,   4.8849813083506888E-15
32,3,1,171,   1.1179157020226565E+04,   7.5827075485991463E-16,   4.8849813083506888E-15
32,3,1,172,   1.1180756302154774E+04,   6.4790947068940527E-16,   4.8849813083506888E-15
32,3,1,173,   1.1182873179775965E+04,   6.2587595725828746E-16,   4.8849813083506888E-15
32,3,1,174,   1.1184130617476460E+04,   7.2742573710216260E-16,   4.8849813083506888E-15
32,3,1,175,   1.1185745013281517E+04,   6.0373326772453896E-16,   4.8849813083506888E-15
32,3,1,176,   1.1187862472421795E+04,   6.0412244348739629E-16,   4.8849813083506888E-15
32,3,1,177,   1.1189112719013579E+04,   6.7547058596258918E-16,   4.8849813083506888E-15
32,3,1,178,   1.1190744491883583E+04,   5.9183797800118092E-16,   4.8849813083506888E-15
32,3,1,179,   1.1192862046815921E+04,   5.7196976871384892E-16,   4.8849813083506888E-15
32,3,1,180,   1.1194103972372348E+04,   6.2590371153895807E-16,   4.8849813083506888E-15
32,3,1,181,   1.1195756215683032E+04,   5.2111298798586678E-16,   4.8849813083506888E-15
32,3,1,182,   1.1197873294120780E+04,   5.7663229401112198E-16,   4.8849813083506888E-15
32,3,1,183,   1.1199105515605468E+04,   6.7772060330176823E-16,   4.8849813083506888E-15
32,3,1,184,   1.1200782912707549E+04,   5.7269904099358332E-16,   4.8849813083506888E-15
32,3,1,185,   1.1202898953779728E+04,   5.8183700744164702E-16,   4.8849813083506888E-15
32,3,1,186,   1.1204119725035596E+04,   7.3087471526665611E-16,   4.8849813083506888E-15
32,3,1,187,   1.1205830794980322E+04,   5.3077374141036789E-16,   4.8849813083506888E-15
32,3,1,188,   1.1207946132092768E+04,   4.9637081358306616E-16,   4.8849813083506888E-15
32,3,1,189,   1.1209153556778954E+04,   5.9564425203626819E-16,   4.8849813083506888E-15
32,3,1,190,   1.1210922685067622E+04,   4.0173099010588849E-16,   4.8849813083506888E-15
32,3,1,191,   1.1213058788279550E+04,   3.6386738415777839E-16,   4.8849813083506888E-15
32,3,1,192,   2.8107862206460860E+07,   1.4700888853839489E-15,   4.8849813083506888E-15
32,3,1,193,   1.0228006738907266E+08,   1.2665633542541429E-15,   4.8849813083506888E-15
32,3,1,194,   2.0493418341348955E+08,   9.2756000152730396E-16,   4.8849813083506888E-15
32,3,1,195,   3.3867938804457521E+08,   6.0179043927277712E-16,   4.8849813083506888E-15
32,3,1,196,   5.0374625644816631E+08,   3.6691662125005179E-16,   4.8849813083506888E-15
32,3,1,197,   7.0019599283364546E+08,   2.2919821370729717E-16,   4.8849813083506888E-15
32,3,1,198,   9.2805861883588278E+08,   1.4656629302945880E-16,   4.8849813083506888E-15
32,3,1,199,   1.1873621822415082E+09,   9.0693672927196313E-17,   4.8849813083506888E-15
32,3,1,200,   1.4780884400670514E+09,   6.3978284562205858E-17,   4.8849813083506888E-15
32,3,1,201,   1.7997690055241778E+09,   4.4431619465511496E-17,   4.8849813083506888E-15
32,3,1,202,   2.1493391740600491E+09,   2.6225247956270333E-17,   4.8849813083506888E-15
32,3,1,203,   2.5110551807561522E+09,   1.2944502836998794E-17,   4.8849813083506888E-15
32,3,1,204,   2.8387410592592101E+09,   7.6218464142860843E-18,   4.8849813083506888E-15
32,3,1,205,   3.1732700050378218E+09,   1.0500382829344704E-17,   4.8849813083506888E-15
32,3,1,206,   3.6133848901815152E+09,   1.8946885235314171E-17,   4.8849813083506888E-15
32,3,1,207,   4.1311229242861090E+09,   3.0890939515424025E-17,   4.8849813083506888E-15
32,3,1,208,   4.7021109410253735E+09,   3.4792279180985598E-17,   4.8849813083506888E-15
32,3,1,209,   5.3192257146022186E+09,   3.1017197210062145E-17,   4.8849813083506888E-15
32,3,1,210,   5.9861444191931515E+09,   2.7947693660127936E-17,   4.8849813083506888E-15
32,3,1,211,   6.7118761715056601E+09,   2.5094741427681543E-17,   4.8849813083506888E-15
32,3,1,212,   7.4981888592823524E+09,   2.6946762409829630E-17,   4.8849813083506888E-15
32,3,1,213,   8.3345868340813980E+09,   2.6364024593387095E-17,   4.8849813083506888E-15
32,3,1,214,   9.2147926438062191E+09,   2.1533005460421410E-17,   4.8849813083506888E-15
32,3,1,215,   1.0159080153419470E+10,   1.9095797974104865E-17,   4.8849813083506888E-15
32,3,1,216,   1.1184547948737928E+10,   1.8722392079129946E-17,   4.8849813083506888E-15
32,3,1,217,   1.2264869210586180E+10,   1.8157853588206071E-17,   4.8849813083506888E-15
32,3,1,218,   1.3384267851929058E+10,   1.5088976415709889E-17,   4.8849813083506888E-15
32,3,1,219,   1.4596424599913794E+10,   1.6643132152438006E-17,   4.8849813083506888E-15
32,3,1,220,   1.5888726374179197E+10,   1.4384288698172529E-17,   4.8849813083506888E-15
32,3,1,221,   1.7192592249735432E+10,   1.4423824685182074E-17,   4.8849813083506888E-15
32,3,1,222,   1.8586270995318790E+10,   1.3283649507045215E-17,   4.8849813083506888E-15
32,3,1,223,   1.9967561233780277E+10,   1.0104479469702727E-17,   4.8849813083506888E-15
32,3,1,224,   2.1244720926932312E+10,   7.6567984935006435E-18,   4.8849813083506888E-15
32,3,1,225,   2.2532446143927311E+10,   7.2901032601549076E-18,   4.8849813083506888E-15
32,3,1,226,   2.4036756659857079E+10,   8.6859555189186464E-18,   4.8849813083506888E-15
32,3,1,227,   2.5757230337180073E+10,   7.2818980481422173E-18,   4.8849813083506888E-15
32,3,1,228,   2.7616742853983688E+10,   8.0527201669456378E-18,   4.8849813083506888E-15
32,3,1,229,   2.9629915716491302E+10,   7.3905239071806044E-18,   4.8849813083506888E-15
32,3,1,230,   3.1743720481847618E+10,   8.7619096252699088E-18,   4.8849813083506888E-15
32,3,1,231,   3.3976534831842407E+10,   7.3939547744754398E-18,   4.8849813083506888E-15
32,3,1,232,   3.6380282154232834E+10,   6.2582922956918748E-18,   4.8849813083506888E-15
32,3,1,233,   3.8734161171190247E+10,   5.7163680363279315E-18,   4.8849813083506888E-15
32,3,1,234,   4.1003940303121078E+10,   2.9859334837012808E-18,   4.8849813083506888E-15
32,3,1,235,   4.2533951603427765E+10,   2.7779502510071941E-18,   4.8849813083506888E-15
32,3,1,236,   4.4821896904393326E+10,   5.5350769057830560E-18,   4.8849813083506888E-15
32,3,1,237,   4.7647570994615280E+10,   4.6450635467185362E-18,   4.8849813083506888E-15
32,3,1,238,   5.0849546029274445E+10,   4.3914345475511207E-18,   4.8849813083506888E-15
32,3,1,239,   5.4289398629364746E+10,   4.7387055712220700E-18,   4.8849813083506888E-15
32,3,1,240,   5.7854320174097237E+10,   3.8462354222163233E-18,   4.8849813083506888E-15
32,3,1,241,   6.1126634735196365E+10,   2.3891276021520094E-18,   4.8849813083506888E-15
32,3,1,242,   6.2635425476726852E+10,   2.2828536781814528E-18,   4.8849813083506888E-15
32,3,1,243,   6.6094544208692703E+10,   3.5427642202905287E-18,   4.8849813083506888E-15
32,3,1,244,   7.0395370959966644E+10,   3.2415141880306160E-18,   4.8849813083506888E-15
32,3,1,245,   7.5052374170058517E+10,   2.7767198868962048E-18,   4.8849813083506888E-15
32,3,1,246,   7.9928490560556580E+10,   2.3345012975017620E-18,   4.8849813083506888E-15
32,3,1,247,   8.2166319447074890E+10,   8.2321192424245411E-19,   4.8849813083506888E-15
32,3,1,248,   8.5792344159569244E+10,   2.7462696388953101E-18,   4.8849813083506888E-15
32,3,1,249,   9.1603661971616531E+10,   2.5491747027783736E-18,   4.8849813083506888E-15
32,3,1,250,   9.7942680023276108E+10,   1.9892330834691404E-18,   4.8849813083506888E-15
32,3,1,251,   1.0210048311281381E+11,   7.5938029567371231E-19,   4.8849813083506888E-15
32,3,1,252,   1.0520887310671254E+11,   1.9724455219796552E-18,   4.8849813083506888E-15
32,3,1,253,   1.1279411120311629E+11,   2.2759537581346904E-18,   4.8849813083506888E-15
32,3,1,254,   1.2105041281484444E+11,   1.6114104363951850E-18,   4.8849813083506888E-15
32,3,1,255,   1.2260126492359941E+11,   8.2502302523020177E-19,   4.8849813083506888E-15
32,3,1,256,   1.3092538853058159E+11,   2.0186707459747994E-18,   4.8849813083506888E-15
32,3,1,257,   1.4143037122976663E+11,   1.4298394280101580E-18,   4.8849813083506888E-15
32,3,1,258,   1.4278640663780798E+11,   8.6451422683171660E-19,   4.8849813083506888E-15
32,3,1,259,   1.5416986447613016E+11,   1.5446036232483003E-18,   4.8849813083506888E-15
32,3,1,260,   1.6267348233238287E+11,   5.0341538546664824E-19,   4.8849813083506888E-15
32,3,1,261,   1.6889105860358145E+11,   1.4288510952106404E-18,   4.8849813083506888E-15
32,3,1,262,   1.8285267085890530E+11,   5.0655203470432227E-19,   4.8849813083506888E-15
32,3,1,263,   1.8690645215802386E+11,   1.2366247912362485E-18,   4.8849813083506888E-15
32,3,1,264,   2.0310373384001285E+11,   5.9327850609490426E-19,   4.8849813083506888E-15
32,3,1,265,   2.1059599799577527E+11,   1.3638443634693953E-18,   4.8849813083506888E-15
32,3,1,266,   2.2335833316336459E+11,   4.8931627967729703E-19,   4.8849813083506888E-15
32,3,1,267,   2.4356201730302844E+11,   4.9507338654123338E-19,   4.8849813083506888E-15
32,3,1,268,   2.5015756527589316E+11,   7.3677291413005213E-19,   4.8849813083506888E-15
32,3,1,269,   2.6384515297897482E+11,   4.6550596036099580E-19,   4.8849813083506888E-15
32,3,1,270,   2.8408717550102454E+11,   4.6899345124216805E-19,   4.8849813083506888E-15
32,3,1,271,   3.0435253671421649E+11,   4.8279597865812998E-19,   4.8849813083506888E-15
32,3,1,272,   3.2467455473758502E+11,   4.9253733584432383E-19,   4.8849813083506888E-15
32,3,1,273,   3.4518444585709570E+11,   4.6285840405336317E-19,   4.8849813083506888E-15
32,3,1,274,   3.6621091644734656E+11,   3.9781634812783268E-19,   4.8849813083506888E-15
32,3,1,275,   3.8829916389167444E+11,   4.0005750700594553E-19,   4.8849813083506888E-15
32,3,1,276,   4.1203851369178680E+11,   4.0987634768497592E-19,   4.8849813083506888E-15
32,3,1,277,   4.3789507064235785E+11,   3.6514776066188026E-19,   4.8849813083506888E-15
32,3,1,278,   4.6622726324321002E+11,   3.6469013888153001E-19,   4.8849813083506888E-15
32,3,1,279,   4.9738100493792059E+11,   3.8159302850222475E-19,   4.8849813083506888E-15
32,3,1,280,   5.3176314750198206E+11,   3.5963691195488379E-19,   4.8849813083506888E-15
32,3,1,281,   5.6989444824065088E+11,   4.0150299761600704E-19,   4.8849813083506888E-15
32,3,1,282,   6.1247059659808777E+11,   4.3264683681405322E-19,   4.8849813083506888E-15
32,3,1,283,   6.6046232253056995E+11,   2.7711305401847308E-19,   4.8849813083506888E-15
32,3,1,284,   7.1530848354487671E+11,   3.5917892046661172E-19,   4.8849813083506888E-15
32,3,1,285,   7.7934484288832776E+11,   3.0851951144826179E-19,   4.8849813083506888E-15
32,3,1,286,   8.5697404901586780E+11,   2.4587514758658160E-19,   4.8849813083506888E-15
32,3,1,287,   9.5935394310801074E+11,   1.7221353762909855E-19,   4.8849813083506888E-15
32,3,2,1,   2.3145364705446840E+00,   3.1995050938128343E-16,   5.5511151231257827E-15
32,3,2,2,   2.3148602297849012E+00,   2.2181582710895175E-16,   5.5511151231257827E-15
32,3,2,3,   2.3152260949285060E+00,   3.1872628228811367E-16,   5.5511151231257827E-15
32,3,2,4,   2.3154482426623475E+00,   2.8162866766190911E-16,   5.5511151231257827E-15
32,3,2,5,   2.3158377640128265E+00,   2.0362466162806516E-16,   5.5511151231257827E-15
32,3,2,6,   2.3162279413126581E+00,   2.8847879221503719E-16,   5.5511151231257827E-15
32,3,2,7,   2.3164550561352217E+00,   3.0271926957399031E-16,   5.5511151231257827E-15
32,3,2,8,   2.3168470218039654E+00,   2.5368898682808513E-16,   5.5511151231257827E-15
32,3,2,9,   2.3172354544629106E+00,   3.0298506826867851E-16,   5.5511151231257827E-15
32,3,2,10,   2.3174626584541604E+00,   3.4319021550910314E-16,   5.5511151231257827E-15
32,3,2,11,   2.3178575900199712E+00,   3.2715910526378393E-16,   5.5511151231257827E-15
32,3,2,12,   2.3182421882983215E+00,   3.5930196884806520E-16,   5.5511151231257827E-15
32,3,2,13,   2.3184732037222200E+00,   3.2002688471270673E-16,   5.5511151231257827E-15
32,3,2,14,   2.3188619084373716E+00,   2.9918805079038813E-16,   5.5511151231257827E-15
32,3,2,15,   2.3192579903869417E+00,   4.6490644666255250E-16,   5.5511151231257827E-15
32,3,2,16,   2.3194779713993579E+00,   5.7316809069494056E-16,   5.5511151231257827E-15
32,3,2,17,   2.3198753776500638E+00,   2.8683176088196271E-16,   5.5511151231257827E-15
32,3,2,18,   2.3202712674768029E+00,   5.5910363234173033E-16,   5.5511151231257827E-15
32,3,2,19,   2.3204959329649117E+00,   4.8839923330735166E-16,   5.5511151231257827E-15
32,3,2,20,   2.3208799949574228E+00,   4.1938315482008715E-16,   5.5511151231257827E-15
32,3,2,21,   2.3212857579830595E+00,   6.6302271713233469E-16,   5.5511151231257827E-15
32,3,2,22,   2.3215116363167287E+00,   5.8519145835517263E-16,   5.5511151231257827E-15
32,3,2,23,   2.3219069613384211E+00,   4.8023230720008809E-16,   5.5511151231257827E-15
32,3,2,24,   2.3222992179518767E+00,   7.1676445409895600E-16,   5.5511151231257827E-15
32,3,2,25,   2.3225221730334322E+00,   6.3254411643531947E-16,   5.5511151231257827E-15
32,3,2,26,   2.3229218866277819E+00,   5.7320021661375548E-16,   5.5511151231257827E-15
32,3,2,27,   2.3233089412473236E+00,   9.5285408268631607E-16,   5.5511151231257827E-15
32,3,2,28,   2.3235342522546398E+00,   9.1434638336516389E-16,   5.5511151231257827E-15
32,3,2,29,   2.3239304256917959E+00,   5.5250606431331275E-16,   5.5511151231257827E-15
32,3,2,30,   2.3243108845690790E+00,   1.0891057182833648E-15,   5.5511151231257827E-15
32,3,2,31,   2.3245417496682608E+00,   1.2248504437424499E-15,   5.5511151231257827E-15
32,3,2,32,   2.3249480537240919E+00,   5.3125807443714748E-16,   5.5511151231257827E-15
32,3,2,33,   2.3253526195478269E+00,   1.3502066960260892E-15,   5.5511151231257827E-15
32,3,2,34,   2.3255827339361339E+00,   9.8350150535879941E-16,   5.5511151231257827E-15
32,3,2,35,   2.3259762275262452E+00,   7.6786073777410450E-16,   5.5511151231257827E-15
32,3,2,36,   2.3263650284809403E+00,   7.1779194865454489E-16,   5.5511151231257827E-15
32,3,2,37,   2.3265741715486254E+00,   1.6336593437054366E-15,   5.5511151231257827E-15
32,3,2,38,   2.3269950685880012E+00,   6.8903674954256958E-16,   5.5511151231257827E-15
32,3,2,39,   2.3273753486890141E+00,   1.1468549917875679E-15,   5.5511151231257827E-15
32,3,2,40,   2.3276243346140641E+00,   9.0460225939012210E-16,   5.5511151231257827E-15
32,3,2,41,   2.3280077924716736E+00,   8.4317839546707598E-16,   5.5511151231257827E-15
32,3,2,42,   2.3284003674200537E+00,   1.3418355976506757E-15,   5.5511151231257827E-15
32,3,2,43,   2.3286155247342997E+00,   2.3242809963514806E-15,   5.5511151231257827E-15
32,3,2,44,   2.3290021074013967E+00,   1.4645806931732124E-15,   5.5511151231257827E-15
32,3,2,45,   2.3293959440139860E+00,   2.6081625757786105E-15,   5.5511151231257827E-15
32,3,2,46,   2.3296346722734862E+00,   2.2393928204449217E-15,   5.5511151231257827E-15
32,3,2,47,   2.3300693753723709E+00,   1.5423673136518911E-15,   5.5511151231257827E-15
32,3,2,48,   2.3304408589861936E+00,   1.5327076526417288E-15,   5.5511151231257827E-15
32,3,2,49,   2.3307103570690804E+00,   2.0250740343556652E-15,   5.5511151231257827E-15
32,3,2,50,   2.3310833059321956E+00,   1.0706374166015618E-15,   5.5511151231257827E-15
32,3,2,51,   2.3314601480831278E+00,   1.9597456294608636E-15,   5.5511151231257827E-15
32,3,2,52,   2.3317257017524597E+00,   2.5396173331270771E-15,   5.5511151231257827E-15
32,3,2,53,   2.3321210182031415E+00,   1.1291343980017718E-15,   5.5511151231257827E-15
32,3,2,54,   2.3325108041403295E+00,   2.0144984491291052E-15,   5.5511151231257827E-15
32,3,2,55,   2.3327575272733592E+00,   1.9460784524231083E-15,   5.5511151231257827E-15
32,3,2,56,   2.3331514803683273E+00,   1.7462070020013776E-15,   5.5511151231257827E-15
32,3,2,57,   2.3335477801309108E+00,   2.6748126473566219E-15,   5.5511151231257827E-15
32,3,2,58,   2.3337638663077493E+00,   2.8338614572617541E-15,   5.5511151231257827E-15
32,3,2,59,   2.3341684617888463E+00,   1.2216654347681370E-15,   5.5511151231257827E-15
32,3,2,60,   2.3345249718930559E+00,   3.8546236481210868E-15,   5.5511151231257827E-15
32,3,2,61,   2.3347355265281711E+00,   4.3196036728569990E-15,   5.5511151231257827E-15
32,3,2,62,   2.3351409106045775E+00,   2.8623408652641029E-15,   5.5511151231257827E-15
32,3,2,63,   2.3355645399021370E+00,   4.1869726544992703E-15,   5.5511151231257827E-15
32,3,2,64,   2.3358122053508104E+00,   2.5927517738875293E-15,   5.5511151231257827E-15
32,3,2,65,   2.3362347347245267E+00,   1.9758819966083423E-15,   5.5511151231257827E-15
32,3,2,66,   2.3366513063931778E+00,   2.1907630268604988E-15,   5.5511151231257827E-15
32,3,2,67,   2.3368299272930493E+00,   3.4238856790001792E-15,   5.5511151231257827E-15
32,3,2,68,   2.3372261031536836E+00,   2.1181420255996366E-15,   5.5511151231257827E-15
32,3,2,69,   2.3377207829941242E+00,   4.1500786602479934E-15,   5.5511151231257827E-15
32,3,2,70,   2.3379126944664619E+00,   2.6016977981640486E-15,   5.5511151231257827E-15
32,3,2,71,   2.3382912490737571E+00,   3.1257584511595281E-15,   5.5511151231257827E-15
32,3,2,72,   2.3386824381366926E+00,   3.7788812735327252E-15,   5.5511151231257827E-15
32,3,2,73,   2.3388491443480524E+00,   6.3868663975289266E-15,   5.5511151231257827E-15
32,3,2,74,   2.3392942693405421E+00,   2.8763008660243060E-15,   5.5511151231257827E-15
32,3,2,75,   2.3396761659189691E+00,   5.3357023667809772E-15,   5.5511151231257827E-15
32,3,2,76,   2.3399357124462568E+00,   5.8922841375626395E-15,   5.5511151231257827E-15
32,3,2,77,   2.3402628767915918E+00,   5.4292513467700715E-15,   5.5511151231257827E-15
32,3,2,78,   2.3407364497646332E+00,   3.8707005692302976E-15,   5.5511151231257827E-15
32,3,2,79,   2.3408734281196697E+00,   6.0177204687360431E-15,   5.5511151231257827E-15
32,3,2,80,   2.3412569085433264E+00,   6.5922453530798422E-15,   5.5511151231257827E-15
32,3,2,81,   2.3419097780132039E+00,   7.7831409576441240E-15,   5.5511151231257827E-15
32,3,2,82,   2.3419792710119309E+00,   4.5278561733187332E-15,   5.5511151231257827E-15
32,3,2,83,   2.3424634350908389E+00,   5.6791636120828988E-15,   5.5511151231257827E-15
32,3,2,84,   2.3427682994255656E+00,   7.5406333915339635E-15,   5.5511151231257827E-15
32,3,2,85,   2.3430250814402793E+00,   4.2656667965664548E-15,   5.5511151231257827E-15
32,3,2,86,   2.3434167378748993E+00,   4.8935911235951276E-15,   5.5511151231257827E-15
32,3,2,87,   2.3439521946753139E+00,   5.6613008124633733E-15,   5.5511151231257827E-15
32,3,2,88,   2.3441133161391399E+00,   4.3859677201778631E-15,   5.5511151231257827E-15
32,3,2,89,   2.3443835028986837E+00,   8.1641144817018672E-15,   5.5511151231257827E-15
32,3,2,90,   2.3448241172533626E+00,   8.0874815197343171E-15,   5.5511151231257827E-15
32,3,2,91,   2.3451686758782189E+00,   3.7641955463100013E-15,   5.5511151231257827E-15
32,3,2,92,   2.3455561754314873E+00,   3.1676516741283054E-15,   5.5511151231257827E-15
32,3,2,93,   2.3461496152511851E+00,   9.1012449259333844E-15,   5.5511151231257827E-15
32,3,2,94,   2.3463441300768411E+00,   1.3849934178492364E-14,   5.5511151231257827E-15
32,3,2,95,   2.3465768368023578E+00,   2.7240009140533668E-14,   5.5511151231257827E-15
32,3,2,96,   2.3468188766942011E+00,   1.0142613478479653E-14,   5.5511151231257827E-15
32,3,2,97,   1.1059264532783096E+04,   1.7019653458761569E-18,   5.5511151231257827E-15
32,3,2,98,   1.1060988699353939E+04,   3.9683043150039726E-18,   5.5511151231257827E-15
32,3,2,99,   1.1061977940549923E+04,   1.1987195637366413E-17,   5.5511151231257827E-15
32,3,2,100,   1.1063516952873877E+04,   1.0712817560470327E-17,   5.5511151231257827E-15
32,3,2,101,   1.1065537037881413E+04,   1.8511441210064918E-17,   5.5511151231257827E-15
32,3,2,102,   1.1066763545040114E+04,   3.0626238181232961E-17,   5.5511151231257827E-15
32,3,2,103,   1.1068293703179334E+04,   2.7387139260301430E-17,   5.5511151231257827E-15
32,3,2,104,   1.1070332864845595E+04,   3.8523396256432637E-17,   5.5511151231257827E-15
32,3,2,105,   1.1071572361927567E+04,   5.8624040892875708E-17,   5.5511151231257827E-15
32,3,2,106,   1.1073087307891563E+04,   4.8551160785935460E-17,   5.5511151231257827E-15
32,3,2,107,   1.1075137644986393E+04,   5.9389787509184748E-17,   5.5511151231257827E-15
32,3,2,108,   1.1076389469709555E+04,   8.5454338683958114E-17,   5.5511151231257827E-15
32,3,2,109,   1.1077895455974809E+04,   6.3580376061057283E-17,   5.5511151231257827E-15
32,3,2,110,   1.1079953097235570E+04,   7.3593853534469309E-17,   5.5511151231257827E-15
32,3,2,111,   1.1081214071214794E+04,   9.8493845246946753E-17,   5.5511151231257827E-15
32,3,2,112,   1.1082714713926622E+04,   7.7762671289811091E-17,   5.5511151231257827E-15
32,3,2,113,   1.1084777861323868E+04,   8.9141187358331182E-17,   5.5511151231257827E-15
32,3,2,114,   1.1086045746598360E+04,   1.0024140617694118E-16,   5.5511151231257827E-15
32,3,2,115,   1.1087543309553586E+04,   9.1935830566360426E-17,   5.5511151231257827E-15
32,3,2,116,   1.1089611024379999E+04,   1.3016163412217509E-16,   5.5511151231257827E-15
32,3,2,117,   1.1090884297352166E+04,   1.6928638160448707E-16,   5.5511151231257827E-15
32,3,2,118,   1.1092380325437634E+04,   1.4556615424998065E-16,   5.5511151231257827E-15
32,3,2,119,   1.1094452065912001E+04,   1.3579513888127730E-16,   5.5511151231257827E-15
32,3,2,120,   1.1095729633427069E+04,   1.8267538942737981E-16,   5.5511151231257827E-15
32,3,2,121,   1.1097225266805477E+04,   1.5074130633799792E-16,   5.5511151231257827E-15
32,3,2,122,   1.1099300692364242E+04,   1.5221896898046246E-16,   5.5511151231257827E-15
32,3,2,123,   1.1100581718524676E+04,   1.6522770924391508E-16,   5.5511151231257827E-15
32,3,2,124,   1.1102077860355974E+04,   1.4595739541062168E-16,   5.5511151231257827E-15
32,3,2,125,   1.1104156739509786E+04,   1.6055586688445099E-16,   5.5511151231257827E-15
32,3,2,126,   1.1105440545770845E+04,   2.2423626818628503E-16,   5.5511151231257827E-15
32,3,2,127,   1.1106937958011646E+04,   1.9073428287581140E-16,   5.5511151231257827E-15
32,3,2,128,   1.1109020123008051E+04,   2.3121261511923838E-16,   5.5511151231257827E-15
32,3,2,129,   1.1110306126836867E+04,   2.6809484924736270E-16,   5.5511151231257827E-15
32,3,2,130,   1.1111805486186126E+04,   2.3773040231278038E-16,   5.5511151231257827E-15
32,3,2,131,   1.1113890807233991E+04,   2.5131389832118248E-16,   5.5511151231257827E-15
32,3,2,132,   1.1115178483738215E+04,   2.8291548411297132E-16,   5.5511151231257827E-15
32,3,2,133,   1.1116680418687381E+04,   2.4821594611684172E-16,   5.5511151231257827E-15
32,3,2,134,   1.1118768786821653E+04,   2.2816915435595593E-16,   5.5511151231257827E-15
32,3,2,135,   1.1120057645228837E+04,   2.5875673575423591E-16,   5.5511151231257827E-15
32,3,2,136,   1.1121562760199773E+04,   2.3101055570378066E-16,   5.5511151231257827E-15
32,3,2,137,   1.1123654078970309E+04,   2.4217828701467772E-16,   5.5511151231257827E-15
32,3,2,138,   1.1124943646718364E+04,   2.9572509462692729E-16,   5.5511151231257827E-15
32,3,2,139,   1.1126452538725298E+04,   2.4107298965633358E-16,   5.5511151231257827E-15
32,3,2,140,   1.1128546716373021E+04,   2.5513806619811760E-16,   5.5511151231257827E-15
32,3,2,141,   1.1129836527485822E+04,   2.9201546287680009E-16,   5.5511151231257827E-15
32,3,2,142,   1.1131349798341043E+04,   2.3437481217358121E-16,   5.5511151231257827E-15
32,3,2,143,   1.1133446743486664E+04,   2.2200268394453852E-16,   5.5511151231257827E-15
32,3,2,144,   1.1134736331455573E+04,   2.5212170913400465E-16,   5.5511151231257827E-15
32,3,2,145,   1.1136254599464419E+04,   2.2341669003558906E-16,   5.5511151231257827E-15
32,3,2,146,   1.1138354216702230E+04,   2.5674731712897103E-16,   5.5511151231257827E-15
32,3,2,147,   1.1139643107550202E+04,   3.6132841501742356E-16,   5.5511151231257827E-15
32,3,2,148,   1.1141167015156212E+04,   3.3169362613537842E-16,   5.5511151231257827E-15
32,3,2,149,   1.1143269202276817E+04,   3.0041666462550862E-16,   5.5511151231257827E-15
32,3,2,150,   1.1144556909444702E+04,   3.6373887017713978E-16,   5.5511151231257827E-15
32,3,2,151,   1.1146087134278758E+04,   3.5420363444788459E-16,   5.5511151231257827E-15
32,3,2,152,   1.1148191777830607E+04,   3.3796816340989079E-16,   5.5511151231257827E-15
32,3,2,153,   1.1149477798296357E+04,   3.5280867384910593E-16,   5.5511151231257827E-15
32,3,2,154,   1.1151015062214656E+04,   3.3782885960811216E-16,   5.5511151231257827E-15
32,3,2,155,   1.1153122034999027E+04,   3.5462540049707427E-16,   5.5511151231257827E-15
32,3,2,156,   1.1154405844116363E+04,   4.2125681320661377E-16,   5.5511151231257827E-15
32,3,2,157,   1.1155950925860232E+04,   4.0426191187778541E-16,   5.5511151231257827E-15
32,3,2,158,   1.1158060082614944E+04,   4.6406700747112800E-16,   5.5511151231257827E-15
32,3,2,159,   1.1159341128491791E+04,   4.8114411379369216E-16,   5.5511151231257827E-15
32,3,2,160,   1.1160894879084597E+04,   4.8700853985031016E-16,   5.5511151231257827E-15
32,3,2,161,   1.1163006051867414E+04,   5.3537678396891819E-16,   5.5511151231257827E-15
32,3,2,162,   1.1164283749506971E+04,   5.7644486686783100E-16,   5.5511151231257827E-15
32,3,2,163,   1.1165847111721643E+04,   5.2582494559029242E-16,   5.5511151231257827E-15
32,3,2,164,   1.1167960104604255E+04,   5.0752671107006032E-16,   5.5511151231257827E-15
32,3,2,165,   1.1169233827918728E+04,   5.4773699441467147E-16,   5.5511151231257827E-15
32,3,2,166,   1.1170807865148905E+04,   5.0405619293897777E-16,   5.5511151231257827E-15
32,3,2,167,   1.1172922446757842E+04,   5.0476722553263871E-16,   5.5511151231257827E-15
32,3,2,168,   1.1174191517205365E+04,   6.4786446373338592E-16,   5.5511151231257827E-15
32,3,2,169,   1.1175777453526794E+04,   5.2345788797087070E-16,   5.5511151231257827E-15
32,3,2,170,   1.1177893348698315E+04,   5.1968082493714923E-16,   5.5511151231257827E-15
32,3,2,171,   1.1179157020284818E+04,   5.6686592467089988E-16,   5.5511151231257827E-15
32,3,2,172,   1.1180756302347110E+04,   4.8792314957050041E-16,   5.5511151231257827E-15
32,3,2,173,   1.1182873179901058E+04,   4.4621668571360672E-16,   5.5511151231257827E-15
32,3,2,174,   1.1184130617545541E+04,   5.1251692993551975E-16,   5.5511151231257827E-15
32,3,2,175,   1.1185745013430835E+04,   4.7147657452137841E-16,   5.5511151231257827E-15
32,3,2,176,   1.1187862472628143E+04,   4.7020055096264531E-16,   5.5511151231257827E-15
32,3,2,177,   1.1189112719088578E+04,   5.2624032985583684E-16,   5.5511151231257827E-15
32,3,2,178,   1.1190744492044991E+04,   4.1289729453515031E-16,   5.5511151231257827E-15
32,3,2,179,   1.1192862047015775E+04,   4.5705879800529765E-16,   5.5511151231257827E-15
32,3,2,180,   1.1194103972483716E+04,   5.3944048590498612E-16,   5.5511151231257827E-15
32,3,2,181,   1.1195756215779034E+04,   4.7632504689173982E-16,   5.5511151231257827E-15
32,3,2,182,   1.1197873294177842E+04,   4.6094796407765012E-16,   5.5511151231257827E-15
32,3,2,183,   1.1199105515609050E+04,   5.1715546131388801E-16,   5.5511151231257827E-15
32,3,2,184,   1.1200782912773380E+04,   4.5580363831859373E-16,   5.5511151231257827E-15
32,3,2,185,   1.1202898953815902E+04,   4.6054672593965508E-16,   5.5511151231257827E-15
32,3,2,186,   1.1204119725060849E+04,   5.3620904501725689E-16,   5.5511151231257827E-15
32,3,2,187,   1.1205830795021448E+04,   4.8588189148487000E-16,   5.5511151231257827E-15
32,3,2,188,   1.1207946132192686E+04,   5.2510094449288513E-16,   5.5511151231257827E-15
32,3,2,189,   1.1209153556849726E+04,   6.5522016053300264E-16,   5.5511151231257827E-15
32,3,2,190,   1.1210922685183201E+04,   5.3528252289793845E-16,   5.5511151231257827E-15
32,3,2,191,   1.1213058787916512E+04,   4.3266846045781904E-16,   5.5511151231257827E-15
32,3,2,192,   2.8107862206478145E+07,   1.2434480404070947E-15,   5.5511151231257827E-15
32,3,2,193,   1.0228006738910036E+08,   7.0660617202343055E-16,   5.5511151231257827E-15
32,3,2,194,   2.0493418341351318E+08,   5.6287352788452716E-16,   5.5511151231257827E-15
32,3,2,195,   3.3867938804461205E+08,   4.0100082954966505E-16,   5.5511151231257827E-15
32,3,2,196,   5.0374625644819546E+08,   3.2836631389703482E-16,   5.5511151231257827E-15
32,3,2,197,   7.0019599283366656E+08,   2.4516241370153784E-16,   5.5511151231257827E-15
32,3,2,198,   9.2805861883589041E+08,   1.6865853791954020E-16,   5.5511151231257827E-15
32,3,2,199,   1.1873621822415211E+09,   1.0761966742056294E-16,   5.5511151231257827E-15
32,3,2,200,   1.4780884400670636E+09,   6.4282081618771804E-17,   5.5511151231257827E-15
32,3,2,201,   1.7997690055241842E+09,   3.7928215990386722E-17,   5.5511151231257827E-15
32,3,2,202,   2.1493391740600600E+09,   2.3125798262313903E-17,   5.5511151231257827E-15
32,3,2,203,   2.5110551807561550E+09,   1.1920121419518472E-17,   5.5511151231257827E-15
32,3,2,204,   2.8387410592592082E+09,   7.5369149575423620E-18,   5.5511151231257827E-15
32,3,2,205,   3.1732700050378189E+09,   1.0867315600851161E-17,   5.5511151231257827E-15
32,3,2,206,   3.6133848901815038E+09,   1.7432064030889951E-17,   5.5511151231257827E-15
32,3,2,207,   4.1311229242861066E+09,   2.4708529620705583E-17,   5.5511151231257827E-15
32,3,2,208,   4.7021109410253668E+09,   3.1310897527389413E-17,   5.5511151231257827E-15
32,3,2,209,   5.3192257146022129E+09,   3.1940423433514489E-17,   5.5511151231257827E-15
32,3,2,210,   5.9861444191931524E+09,   3.3314279579513280E-17,   5.5511151231257827E-15
32,3,2,211,   6.7118761715056543E+09,   2.9154643703633386E-17,   5.5511151231257827E-15
32,3,2,212,   7.4981888592823591E+09,   2.8238765018966143E-17,   5.5511151231257827E-15
32,3,2,213,   8.3345868340813980E+09,   2.5115623560069126E-17,   5.5511151231257827E-15
32,3,2,214,   9.2147926438062000E+09,   2.6424495426133769E-17,   5.5511151231257827E-15
32,3,2,215,   1.0159080153419416E+10,   2.9050618757260619E-17,   5.5511151231257827E-15
32,3,2,216,   1.1184547948737865E+10,   2.6470745366085469E-17,   5.5511151231257827E-15
32,3,2,217,   1.2264869210586119E+10,   2.4048492508154977E-17,   5.5511151231257827E-15
32,3,2,218,   1.3384267851929008E+10,   1.9411017097016005E-17,   5.5511151231257827E-15
32,3,2,219,   1.4596424599913759E+10,   1.8725895661861224E-17,   5.5511151231257827E-15
32,3,2,220,   1.5888726374179171E+10,   1.7993728782543364E-17,   5.5511151231257827E-15
32,3,2,221,   1.7192592249735394E+10,   1.4519635979351848E-17,   5.5511151231257827E-15
32,3,2,222,   1.8586270995318802E+10,   1.1608659006619992E-17,   5.5511151231257827E-15
32,3,2,223,   1.9967561233780300E+10,   9.5413177665196614E-18,   5.5511151231257827E-15
32,3,2,224,   2.1244720926932339E+10,   8.0720600864361718E-18,   5.5511151231257827E-15
32,3,2,225,   2.2532446143927303E+10,   6.7660761514311599E-18,   5.5511151231257827E-15
32,3,2,226,   2.4036756659857113E+10,   8.2975183681077862E-18,   5.5511151231257827E-15
32,3,2,227,   2.5757230337180119E+10,   9.3850683396373325E-18,   5.5511151231257827E-15
32,3,2,228,   2.7616742853983723E+10,   9.4742816573480523E-18,   5.5511151231257827E-15
32,3,2,229,   2.9629915716491314E+10,   8.4735537037168681E-18,   5.5511151231257827E-15
32,3,2,230,   3.1743720481847630E+10,   7.5386400825928106E-18,   5.5511151231257827E-15
32,3,2,231,   3.3976534831842403E+10,   6.8072303291074382E-18,   5.5511151231257827E-15
32,3,2,232,   3.6380282154232880E+10,   6.8906670399032337E-18,   5.5511151231257827E-15
32,3,2,233,   3.8734161171190262E+10,   4.9053212221872416E-18,   5.5511151231257827E-15
32,3,2,234,   4.1003940303121109E+10,   2.4673199114201373E-18,   5.5511151231257827E-15
32,3,2,235,   4.2533951603427773E+10,   2.2563275100735813E-18,   5.5511151231257827E-15
32,3,2,236,   4.4821896904393379E+10,   4.0774095803604072E-18,   5.5511151231257827E-15
32,3,2,237,   4.7647570994615257E+10,   4.3877408022386710E-18,   5.5511151231257827E-15
32,3,2,238,   5.0849546029274422E+10,   4.0978746852626821E-18,   5.5511151231257827E-15
32,3,2,239,   5.4289398629364761E+10,   4.0558465636845114E-18,   5.5511151231257827E-15
32,3,2,240,   5.7854320174097229E+10,   3.4350263135294729E-18,   5.5511151231257827E-15
32,3,2,241,   6.1126634735196365E+10,   1.6781529968253158E-18,   5.5511151231257827E-15
32,3,2,242,   6.2635425476726799E+10,   1.5590434036214896E-18,   5.5511151231257827E-15
32,3,2,243,   6.6094544208692749E+10,   3.1416008344197174E-18,   5.5511151231257827E-15
32,3,2,244,   7.0395370959966766E+10,   2.7472254338373332E-18,   5.5511151231257827E-15
32,3,2,245,   7.5052374170058533E+10,   3.1677389994221451E-18,   5.5511151231257827E-15
32,3,2,246,   7.9928490560556458E+10,   2.3215507974940335E-18,   5.5511151231257827E-15
32,3,2,247,   8.2166319447074768E+10,   7.4814304755280759E-19,   5.5511151231257827E-15
32,3,2,248,   8.5792344159569290E+10,   2.0868857476678911E-18,   5.5511151231257827E-15
32,3,2,249,   9.1603661971616516E+10,   2.5817634813565780E-18,   5.5511151231257827E-15
32,3,2,250,   9.7942680023275970E+10,   2.2548371273622951E-18,   5.5511151231257827E-15
32,3,2,251,   1.0210048311281384E+11,   6.3589420153055908E-19,   5.5511151231257827E-15
32,3,2,252,   1.0520887310671249E+11,   1.7291993405316772E-18,   5.5511151231257827E-15
32,3,2,253,   1.1279411120311632E+11,   2.1745954103608666E-18,   5.5511151231257827E-15
32,3,2,254,   1.2105041281484435E+11,   1.1100928543458375E-18,   5.5511151231257827E-15
32,3,2,255,   1.2260126492359937E+11,   5.9659416322345537E-19,   5.5511151231257827E-15
32,3,2,256,   1.3092538853058177E+11,   1.6847972677695380E-18,   5.5511151231257827E-15
32,3,2,257,   1.4143037122976691E+11,   1.0841897279490701E-18,   5.5511151231257827E-15
32,3,2,258,   1.4278640663780807E+11,   6.2512308771946922E-19,   5.5511151231257827E-15
32,3,2,259,   1.5416986447613016E+11,   1.3723044142297807E-18,   5.5511151231257827E-15
32,3,2,260,   1.6267348233238278E+11,   6.8296111216090392E-19,   5.5511151231257827E-15
32,3,2,261,   1.6889105860358167E+11,   1.4968628789188371E-18,   5.5511151231257827E-15
32,3,2,262,   1.8285267085890536E+11,   5.2283535037680452E-19,   5.5511151231257827E-15
32,3,2,263,   1.8690645215802368E+11,   1.2870012087598775E-18,   5.5511151231257827E-15
32,3,2,264,   2.0310373384001285E+11,   4.7250005531047266E-19,   5.5511151231257827E-15
32,3,2,265,   2.1059599799577557E+11,   1.3083397077620992E-18,   5.5511151231257827E-15
32,3,2,266,   2.2335833316336456E+11,   5.3386745212960278E-19,   5.5511151231257827E-15
32,3,2,267,   2.4356201730302820E+11,   6.3684944138376734E-19,   5.5511151231257827E-15
32,3,2,268,   2.5015756527589301E+11,   8.2017988956910390E-19,   5.5511151231257827E-15
32,3,2,269,   2.6384515297897482E+11,   5.8455495314724248E-19,   5.5511151231257827E-15
32,3,2,270,   2.8408717550102435E+11,   4.1539929131279342E-19,   5.5511151231257827E-15
32,3,2,271,   3.0435253671421680E+11,   4.9878133805305089E-19,   5.5511151231257827E-15
32,3,2,272,   3.2467455473758453E+11,   4.9185294770019589E-19,   5.5511151231257827E-15
32,3,2,273,   3.4518444585709619E+11,   5.3424736549899681E-19,   5.5511151231257827E-15
32,3,2,274,   3.6621091644734564E+11,   4.1451708126527158E-19,   5.5511151231257827E-15
32,3,2,275,   3.8829916389167444E+11,   4.6877049560232311E-19,   5.5511151231257827E-15
32,3,2,276,   4.1203851369178717E+11,   3.8351418511141034E-19,   5.5511151231257827E-15
32,3,2,277,   4.3789507064235779E+11,   3.1871193802679686E-19,   5.5511151231257827E-15
32,3,2,278,   4.6622726324321027E+11,   3.2887065353034610E-19,   5.5511151231257827E-15
32,3,2,279,   4.9738100493792065E+11,   3.2153139767861076E-19,   5.5511151231257827E-15
32,3,2,280,   5.3176314750198254E+11,   2.4311606400790092E-19,   5.5511151231257827E-15
32,3,2,281,   5.6989444824064868E+11,   2.8555439101257062E-19,   5.5511151231257827E-15
32,3,2,282,   6.1247059659808984E+11,   3.6528282633383640E-19,   5.5511151231257827E-15
32,3,2,283,   6.6046232253057166E+11,   2.5641189849519484E-19,   5.5511151231257827E-15
32,3,2,284,   7.1530848354487561E+11,   2.8224132945750427E-19,   5.5511151231257827E-15
32,3,2,285,   7.7934484288832727E+11,   2.1895267697698277E-19,   5.5511151231257827E-15
32,3,2,286,   8.5697404901586853E+11,   2.4202352730941244E-19,   5.5511151231257827E-15
32,3,2,287,   9.5935394310801172E+11,   1.4859767446835283E-19,   5.5511151231257827E-15
32,4,1,1,   2.3144907346487753E+00,   2.8956068621825854E-16,   5.9952043329758453E-15
32,4,1,2,   2.3147033388516878E+00,   1.1519742593718722E-16,   5.9952043329758453E-15
32,4,1,3,   2.3150141631339785E+00,   1.0283692670245590E-16,   5.9952043329758453E-15
32,4,1,4,   2.3152681802607540E+00,   1.6959135031740034E-16,   5.9952043329758453E-15
32,4,1,5,   2.3154067152538964E+00,   1.9921784522037611E-16,   5.9952043329758453E-15
32,4,1,6,   2.3156667415292720E+00,   1.3215009298970256E-16,   5.9952043329758453E-15
32,4,1,7,   2.3160073283347691E+00,   1.6590433639714226E-16,   5.9952043329758453E-15
32,4,1,8,   2.3162718910083644E+00,   2.5807188687935621E-16,   5.9952043329758453E-15
32,4,1,9,   2.3164116342253998E+00,   1.9777483255302388E-16,   5.9952043329758453E-15
32,4,1,10,   2.3166742996546437E+00,   1.6241836960449155E-16,   5.9952043329758453E-15
32,4,1,11,   2.3170130776190159E+00,   1.6210148490876460E-16,   5.9952043329758453E-15
32,4,1,12,   2.3172797271773744E+00,   2.8497775038077888E-16,   5.9952043329758453E-15
32,4,1,13,   2.3174200926383364E+00,   2.6381015101803857E-16,   5.9952043329758453E-15
32,4,1,14,   2.3176809105261027E+00,   1.4400060839985752E-16,   5.9952043329758453E-15
32,4,1,15,   2.3180257556296144E+00,   1.2574309945086052E-16,   5.9952043329758453E-15
32,4,1,16,   2.3182889642335511E+00,   2.9560918887069866E-16,   5.9952043329758453E-15
32,4,1,17,   2.3184397282331592E+00,   4.1298687185285002E-16,   5.9952043329758453E-15
32,4,1,18,   2.3186855216243831E+00,   3.2749803811081510E-16,   5.9952043329758453E-15
32,4,1,19,   2.3190355616305833E+00,   2.0414005166275876E-16,   5.9952043329758453E-15
32,4,1,20,   2.3192923558444196E+00,   3.5835976019115156E-16,   5.9952043329758453E-15
32,4,1,21,   2.3194467395143108E+00,   3.5936731277382003E-16,   5.9952043329758453E-15
32,4,1,22,   2.3196983739498109E+00,   2.1987276117508869E-16,   5.9952043329758453E-15
32,4,1,23,   2.3200469911274242E+00,   2.3390274574501657E-16,   5.9952043329758453E-15
32,4,1,24,   2.3203206369866680E+00,   3.4839709268165596E-16,   5.9952043329758453E-15
32,4,1,25,   2.3204636320770291E+00,   4.2155722597981583E-16,   5.9952043329758453E-15
32,4,1,26,   2.3207157247049350E+00,   2.1406302264299191E-16,   5.9952043329758453E-15
32,4,1,27,   2.3210699594655599E+00,   3.2979621211291280E-16,   5.9952043329758453E-15
32,4,1,28,   2.3213306879191729E+00,   4.8657246499860400E-16,   5.9952043329758453E-15
32,4,1,29,   2.3214654185823527E+00,   3.8971068013034660E-16,   5.9952043329758453E-15
32,4,1,30,   2.3217256037557084E+00,   2.5535065990766075E-16,   5.9952043329758453E-15
32,4,1,31,   2.3220717461587372E+00,   2.3687483492884540E-16,   5.9952043329758453E-15
32,4,1,32,   2.3223351663217118E+00,   5.2091229899285241E-16,   5.9952043329758453E-15
32,4,1,33,   2.3224825164874394E+00,   5.2410909079153112E-16,   5.9952043329758453E-15
32,4,1,34,   2.3227507330615738E+00,   3.4701792675852493E-16,   5.9952043329758453E-15
32,4,1,35,   2.3230697620512415E+00,   4.8583488156198143E-16,   5.9952043329758453E-15
32,4,1,36,   2.3233440243498045E+00,   4.9175825963949051E-16,   5.9952043329758453E-15
32,4,1,37,   2.3235130102351707E+00,   7.4204722707297333E-16,   5.9952043329758453E-15
32,4,1,38,   2.3237769382020250E+00,   5.0141975694323096E-16,   5.9952043329758453E-15
32,4,1,39,   2.3241042825544054E+00,   4.2772520266850737E-16,   5.9952043329758453E-15
32,4,1,40,   2.3243766768868377E+00,   6.9168584544838791E-16,   5.9952043329758453E-15
32,4,1,41,   2.3245145727151666E+00,   6.0054203089805742E-16,   5.9952043329758453E-15
32,4,1,42,   2.3247635563921509E+00,   4.3863289019180908E-16,   5.9952043329758453E-15
32,4,1,43,   2.3251153298678990E+00,   3.9785437108332173E-16,   5.9952043329758453E-15
32,4,1,44,   2.3253991769816484E+00,   5.3643661221617368E-16,   5.9952043329758453E-15
32,4,1,45,   2.3255468183022954E+00,   9.4161691206317978E-16,   5.9952043329758453E-15
32,4,1,46,   2.3257910142669940E+00,   7.7075508783621096E-16,   5.9952043329758453E-15
32,4,1,47,   2.3261495479876362E+00,   4.8596381877835128E-16,   5.9952043329758453E-15
32,4,1,48,   2.3263573795051813E+00,   1.4248592695505826E-15,   5.9952043329758453E-15
32,4,1,49,   2.3265456135884102E+00,   7.9975592514409969E-16,   5.9952043329758453E-15
32,4,1,50,   2.3268401561416088E+00,   5.2452018495518664E-16,   5.9952043329758453E-15
32,4,1,51,   2.3271925963104358E+00,   3.9362327706443649E-16,   5.9952043329758453E-15
32,4,1,52,   2.3274128403780066E+00,   9.6200285504353204E-16,   5.9952043329758453E-15
32,4,1,53,   2.3275652001612945E+00,   9.2040416169928505E-16,   5.9952043329758453E-15
32,4,1,54,   2.3278644452990358E+00,   9.3113051386884753E-16,   5.9952043329758453E-15
32,4,1,55,   2.3281767488044487E+00,   5.4593824923487224E-16,   5.9952043329758453E-15
32,4,1,56,   2.3284504255878367E+00,   9.1024180100867862E-16,   5.9952043329758453E-15
32,4,1,57,   2.3285909980886146E+00,   8.6997882088451197E-16,   5.9952043329758453E-15
32,4,1,58,   2.3288611114685924E+00,   6.0892430409660641E-16,   5.9952043329758453E-15
32,4,1,59,   2.3291541713058632E+00,   6.9567035947030796E-16,   5.9952043329758453E-15
32,4,1,60,   2.3295020602796392E+00,   1.6933771836514683E-15,   5.9952043329758453E-15
32,4,1,61,   2.3296420668524167E+00,   1.4090777642021988E-15,   5.9952043329758453E-15
32,4,1,62,   2.3298660858972404E+00,   7.9686785857179352E-16,   5.9952043329758453E-15
32,4,1,63,   2.3302461482301324E+00,   6.9665136702481636E-16,   5.9952043329758453E-15
32,4,1,64,   2.3304949413370086E+00,   1.0155514786089854E-15,   5.9952043329758453E-15
32,4,1,65,   2.3306779625470733E+00,   1.2153565225587600E-15,   5.9952043329758453E-15
32,4,1,66,   2.3309214631497754E+00,   7.0314359785660543E-16,   5.9952043329758453E-15
32,4,1,67,   2.3312811895489163E+00,   9.5625717415696111E-16,   5.9952043329758453E-15
32,4,1,68,   2.3315440649248544E+00,   1.8009163202090576E-15,   5.9952043329758453E-15
32,4,1,69,   2.3316531461490171E+00,   1.3809159403605310E-15,   5.9952043329758453E-15
32,4,1,70,   2.3319587293465611E+00,   1.2078167854033806E-15,   5.9952043329758453E-15
32,4,1,71,   2.3323031913380614E+00,   9.0597537755129452E-16,   5.9952043329758453E-15
32,4,1,72,   2.3325802829161995E+00,   2.4030537239444516E-15,   5.9952043329758453E-15
32,4,1,73,   2.3326511537669945E+00,   2.3023775127898178E-15,   5.9952043329758453E-15
32,4,1,74,   2.3329336390449762E+00,   1.0030761482202894E-15,   5.9952043329758453E-15
32,4,1,75,   2.3332799473032537E+00,   1.3331839157689662E-15,   5.9952043329758453E-15
32,4,1,76,   2.3336408861253548E+00,   2.8379750004073592E-15,   5.9952043329758453E-15
32,4,1,77,   2.3336874202660511E+00,   1.6559901801986786E-15,   5.9952043329758453E-15
32,4,1,78,   2.3339850294158686E+00,   1.0847837243021679E-15,   5.9952043329758453E-15
32,4,1,79,   2.3343571493747222E+00,   1.5289338171154718E-15,   5.9952043329758453E-15
32,4,1,80,   2.3345797925836651E+00,   2.7687665277228371E-15,   5.9952043329758453E-15
32,4,1,81,   2.3347181462699949E+00,   2.2688401020108033E-15,   5.9952043329758453E-15
32,4,1,82,   2.3350926797919005E+00,   1.1853004172501814E-15,   5.9952043329758453E-15
32,4,1,83,   2.3353674274383129E+00,   1.4224036851132088E-15,   5.9952043329758453E-15
32,4,1,84,   2.3357134606375718E+00,   3.8944186988448411E-15,   5.9952043329758453E-15
32,4,1,85,   2.3357831222993317E+00,   2.9020762077365580E-15,   5.9952043329758453E-15
32,4,1,86,   2.3359395025584342E+00,   2.0001032191460815E-15,   5.9952043329758453E-15
32,4,1,87,   2.3364420903611429E+00,   1.5584120848309740E-15,   5.9952043329758453E-15
32,4,1,88,   2.3366575884103620E+00,   2.2550145701362279E-15,   5.9952043329758453E-15
32,4,1,89,   2.3367942053341948E+00,   2.8356500715956682E-15,   5.9952043329758453E-15
32,4,1,90,   2.3371545671413720E+00,   2.2505620091753481E-15,   5.9952043329758453E-15
32,4,1,91,   2.3374819158621856E+00,   1.7996810314630308E-15,   5.9952043329758453E-15
32,4,1,92,   2.3377065917676334E+00,   1.9296743397201808E-15,   5.9952043329758453E-15
32,4,1,93,   2.3378542295639564E+00,   3.1930548456505547E-15,   5.9952043329758453E-15
32,4,1,94,   2.3380534019604928E+00,   2.5577307615404052E-15,   5.9952043329758453E-15
32,4,1,95,   2.3384980964886717E+00,   1.5514420967744926E-15,   5.9952043329758453E-15
32,4,1,96,   2.3387340119819053E+00,   4.8549632923550761E-15,   5.9952043329758453E-15
32,4,1,97,   2.3389321892377435E+00,   3.2646974910682924E-15,   5.9952043329758453E-15
32,4,1,98,   2.3391912724212309E+00,   1.9290942965260364E-15,   5.9952043329758453E-15
32,4,1,99,   2.3393776647014950E+00,   2.5734303937359770E-15,   5.9952043329758453E-15
32,4,1,100,   2.3398318254375527E+00,   3.0860119848127846E-15,   5.9952043329758453E-15
32,4,1,101,   2.3398730463789690E+00,   4.0884829772070474E-15,   5.9952043329758453E-15
32,4,1,102,   2.3402192520767180E+00,   1.6693551959093997E-15,   5.9952043329758453E-15
32,4,1,103,   2.3407309139664769E+00,   2.7652179401519476E-15,   5.9952043329758453E-15
32,4,1,104,   2.3407909829566647E+00,   4.1128270543931584E-15,   5.9952043329758453E-15
32,4,1,105,   2.3409294871822057E+00,   3.0794830044190512E-15,   5.9952043329758453E-15
32,4,1,106,   2.3414137006805613E+00,   4.0197084439669530E-15,   5.9952043329758453E-15
32,4,1,107,   2.3416842112084724E+00,   1.1257246194061507E-14,   5.9952043329758453E-15
32,4,1,108,   2.3418383049574820E+00,   3.0787624076022414E-15,   5.9952043329758453E-15
32,4,1,109,   2.3419853606036733E+00,   3.2918735024722938E-15,   5.9952043329758453E-15
32,4,1,110,   2.3422499092463811E+00,   2.3102937460492896E-15,   5.9952043329758453E-15
32,4,1,111,   2.3426426688388857E+00,   1.8957066228429277E-15,   5.9952043329758453E-15
32,4,1,112,   2.3428438652298804E+00,   5.4556692278756630E-15,   5.9952043329758453E-15
32,4,1,113,   2.3430707169594234E+00,   3.7457646509541078E-15,   5.9952043329758453E-15
32,4,1,114,   2.3433171961639778E+00,   1.6051297889285022E-15,   5.9952043329758453E-15
32,4,1,115,   2.3436899316911308E+00,   2.9858428264798032E-15,   5.9952043329758453E-15
32,4,1,116,   2.3439327938339205E+00,   3.2592288636142452E-15,   5.9952043329758453E-15
32,4,1,117,   2.3441815103785859E+00,   6.5117140393423593E-15,   5.9952043329758453E-15
32,4,1,118,   2.3443643863394215E+00,   4.2474324688040340E-15,   5.9952043329758453E-15
32,4,1,119,   2.3446698223211544E+00,   5.3992351788846862E-15,   5.9952043329758453E-15
32,4,1,120,   2.3448796116203328E+00,   8.4836099476188492E-15,   5.9952043329758453E-15
32,4,1,121,   2.3449899288461005E+00,   7.3310867944331446E-15,   5.9952043329758453E-15
32,4,1,122,   2.3452455574836675E+00,   7.4502576431085854E-15,   5.9952043329758453E-15
32,4,1,123,   2.3454089552304600E+00,   5.8568659719475114E-15,   5.9952043329758453E-15
32,4,1,124,   2.3457691452806695E+00,   9.0751835585764045E-15,   5.9952043329758453E-15
32,4,1,125,   2.3460584127977557E+00,   2.7042944488512797E-15,   5.9952043329758453E-15
32,4,1,126,   2.3465414701020992E+00,   7.3527015088998272E-15,   5.9952043329758453E-15
32,4,1,127,   2.3469438946708681E+00,   2.1204785173339637E-15,   5.9952043329758453E-15
32,4,1,128,   2.3485873778477053E+00,   1.7004985996608862E-14,   5.9952043329758453E-15
32,4,1,129,   1.1058612496786936E+04,   1.1991008573907659E-18,   5.9952043329758453E-15
32,4,1,130,   1.1060089171008089E+04,   2.0834146291743341E-18,   5.9952043329758453E-15
32,4,1,131,   1.1061289530503327E+04,   3.8145739538715620E-18,   5.9952043329758453E-15
32,4,1,132,   1.1061926409349679E+04,   7.4548761263227570E-18,   5.9952043329758453E-15
32,4,1,133,   1.1062918380208308E+04,   8.5764311995092110E-18,   5.9952043329758453E-15
32,4,1,134,   1.1064504655324432E+04,   7.7525494831368261E-18,   5.9952043329758453E-15
32,4,1,135,   1.1065949608263130E+04,   1.4294291869895322E-17,   5.9952043329758453E-15
32,4,1,136,   1.1066722413880307E+04,   2.3147812437734919E-17,   5.9952043329758453E-15
32,4,1,137,   1.1067700647899375E+04,   2.0192386337649195E-17,   5.9952043329758453E-15
32,4,1,138,   1.1069289281618781E+04,   2.1919950234398792E-17,   5.9952043329758453E-15
32,4,1,139,   1.1070752042608514E+04,   2.2125535463490459E-17,   5.9952043329758453E-15
32,4,1,140,   1.1071533746680965E+04,   4.3785289302522335E-17,   5.9952043329758453E-15
32,4,1,141,   1.1072500639548216E+04,   2.9979975314303879E-17,   5.9952043329758453E-15
32,4,1,142,   1.1074088509312947E+04,   2.6761836330840134E-17,   5.9952043329758453E-15
32,4,1,143,   1.1075563271712510E+04,   3.1641678810983799E-17,   5.9952043329758453E-15
32,4,1,144,   1.1076352394982767E+04,   5.1524688251813166E-17,   5.9952043329758453E-15
32,4,1,145,   1.1077313044465274E+04,   4.4678106826277179E-17,   5.9952043329758453E-15
32,4,1,146,   1.1078900478943227E+04,   4.9167580044062643E-17,   5.9952043329758453E-15
32,4,1,147,   1.1080383433979092E+04,   5.7859516535743939E-17,   5.9952043329758453E-15
32,4,1,148,   1.1081177941214313E+04,   8.3252208031978896E-17,   5.9952043329758453E-15
32,4,1,149,   1.1082135003932848E+04,   5.8971649203845446E-17,   5.9952043329758453E-15
32,4,1,150,   1.1083722606693716E+04,   6.0553617923661972E-17,   5.9952043329758453E-15
32,4,1,151,   1.1085211650626015E+04,   6.8340239937058500E-17,   5.9952043329758453E-15
32,4,1,152,   1.1086010185846022E+04,   9.2287504047084891E-17,   5.9952043329758453E-15
32,4,1,153,   1.1086965245542049E+04,   6.8933280474056292E-17,   5.9952043329758453E-15
32,4,1,154,   1.1088553525020647E+04,   8.0067962580123650E-17,   5.9952043329758453E-15
32,4,1,155,   1.1090047395159088E+04,   9.0362989574911905E-17,   5.9952043329758453E-15
32,4,1,156,   1.1090849042862481E+04,   1.1022652394755784E-16,   5.9952043329758453E-15
32,4,1,157,   1.1091803149094838E+04,   9.3615188190095948E-17,   5.9952043329758453E-15
32,4,1,158,   1.1093392509923016E+04,   9.1657573241858711E-17,   5.9952043329758453E-15
32,4,1,159,   1.1094890377464251E+04,   1.0086699672276768E-16,   5.9952043329758453E-15
32,4,1,160,   1.1095694478653199E+04,   1.4774328513030975E-16,   5.9952043329758453E-15
32,4,1,161,   1.1096648396969655E+04,   1.2227833815847045E-16,   5.9952043329758453E-15
32,4,1,162,   1.1098239166428400E+04,   1.1815795155099531E-16,   5.9952043329758453E-15
32,4,1,163,   1.1099740442275575E+04,   1.3639919164346822E-16,   5.9952043329758453E-15
32,4,1,164,   1.1100546487324114E+04,   1.8773028860308076E-16,   5.9952043329758453E-15
32,4,1,165,   1.1101500821727068E+04,   1.4984537576596471E-16,   5.9952043329758453E-15
32,4,1,166,   1.1103093276481613E+04,   1.6458391703990325E-16,   5.9952043329758453E-15
32,4,1,167,   1.1104597510075500E+04,   1.6177063129270885E-16,   5.9952043329758453E-15
32,4,1,168,   1.1105405076247582E+04,   1.9162316233926971E-16,   5.9952043329758453E-15
32,4,1,169,   1.1106360337309749E+04,   1.5740175968666347E-16,   5.9952043329758453E-15
32,4,1,170,   1.1107954720171962E+04,   1.4974514574854967E-16,   5.9952043329758453E-15
32,4,1,171,   1.1109461543580794E+04,   1.6891379012922752E-16,   5.9952043329758453E-15
32,4,1,172,   1.1110270262144400E+04,   2.0841165892657576E-16,   5.9952043329758453E-15
32,4,1,173,   1.1111226906763286E+04,   1.7143065546452130E-16,   5.9952043329758453E-15
32,4,1,174,   1.1112823438073758E+04,   1.7061642120060713E-16,   5.9952043329758453E-15
32,4,1,175,   1.1114332534807181E+04,   2.0186877943781449E-16,   5.9952043329758453E-15
32,4,1,176,   1.1115142066913571E+04,   2.7189552385803456E-16,   5.9952043329758453E-15
32,4,1,177,   1.1116100522705583E+04,   2.4514612141134529E-16,   5.9952043329758453E-15
32,4,1,178,   1.1117699409409799E+04,   2.2773011479041892E-16,   5.9952043329758453E-15
32,4,1,179,   1.1119210492245433E+04,   2.3795229311915265E-16,   5.9952043329758453E-15
32,4,1,180,   1.1120020515886876E+04,   3.4438209112706308E-16,   5.9952043329758453E-15
32,4,1,181,   1.1120981198657755E+04,   2.7719496279424617E-16,   5.9952043329758453E-15
32,4,1,182,   1.1122582639970900E+04,   2.3433703629921671E-16,   5.9952043329758453E-15
32,4,1,183,   1.1124095437294120E+04,   2.2137857642548694E-16,   5.9952043329758453E-15
32,4,1,184,   1.1124905637741111E+04,   3.0909569771693065E-16,   5.9952043329758453E-15
32,4,1,185,   1.1125868961107846E+04,   2.6709312470073427E-16,   5.9952043329758453E-15
32,4,1,186,   1.1127473153047136E+04,   2.6227176697650381E-16,   5.9952043329758453E-15
32,4,1,187,   1.1128987400040858E+04,   2.6708693376801746E-16,   5.9952043329758453E-15
32,4,1,188,   1.1129797462945327E+04,   3.4340320515947852E-16,   5.9952043329758453E-15
32,4,1,189,   1.1130763847675564E+04,   2.7413252002239060E-16,   5.9952043329758453E-15
32,4,1,190,   1.1132370985909231E+04,   2.7737270605615308E-16,   5.9952043329758453E-15
32,4,1,191,   1.1133886417030515E+04,   2.8047422983431873E-16,   5.9952043329758453E-15
32,4,1,192,   1.1134696024662790E+04,   3.6695690269984328E-16,   5.9952043329758453E-15
32,4,1,193,   1.1135665905616650E+04,   2.8657188323468672E-16,   5.9952043329758453E-15
32,4,1,194,   1.1137276186888983E+04,   2.6979153300835993E-16,   5.9952043329758453E-15
32,4,1,195,   1.1138792530905755E+04,   3.1432309403017946E-16,   5.9952043329758453E-15
32,4,1,196,   1.1139601358782435E+04,   4.3241436425150694E-16,   5.9952043329758453E-15
32,4,1,197,   1.1140575191294141E+04,   3.3753778069651849E-16,   5.9952043329758453E-15
32,4,1,198,   1.1142188818867504E+04,   3.1670745739732693E-16,   5.9952043329758453E-15
32,4,1,199,   1.1143705792148781E+04,   3.3090187445359418E-16,   5.9952043329758453E-15
32,4,1,200,   1.1144513504477321E+04,   4.0900123792807982E-16,   5.9952043329758453E-15
32,4,1,201,   1.1145491771438643E+04,   3.4646196983393206E-16,   5.9952043329758453E-15
32,4,1,202,   1.1147108953521223E+04,   3.6252812570487891E-16,   5.9952043329758453E-15
32,4,1,203,   1.1148626256818499E+04,   3.8534109190405943E-16,   5.9952043329758453E-15
32,4,1,204,   1.1149432504779610E+04,   4.6853468076785747E-16,   5.9952043329758453E-15
32,4,1,205,   1.1150415722932754E+04,   3.6411452317911018E-16,   5.9952043329758453E-15
32,4,1,206,   1.1152036678488888E+04,   3.3419440543219871E-16,   5.9952043329758453E-15
32,4,1,207,   1.1153553990532009E+04,   3.4977319964544960E-16,   5.9952043329758453E-15
32,4,1,208,   1.1154358408549999E+04,   4.4805448512979053E-16,   5.9952043329758453E-15
32,4,1,209,   1.1155347137533994E+04,   3.9507451072149638E-16,   5.9952043329758453E-15
32,4,1,210,   1.1156972096440581E+04,   4.3002048798363213E-16,   5.9952043329758453E-15
32,4,1,211,   1.1158489068606061E+04,   4.5155458496631857E-16,   5.9952043329758453E-15
32,4,1,212,   1.1159291271303991E+04,   5.1777868525935384E-16,   5.9952043329758453E-15
32,4,1,213,   1.1160286124987937E+04,   3.7774590913961527E-16,   5.9952043329758453E-15
32,4,1,214,   1.1161915334708148E+04,   3.4547361320177856E-16,   5.9952043329758453E-15
32,4,1,215,   1.1163431582419666E+04,   3.4768148204141128E-16,   5.9952043329758453E-15
32,4,1,216,   1.1164231158979614E+04,   4.3763996619450334E-16,   5.9952043329758453E-15
32,4,1,217,   1.1165232819422725E+04,   3.1983428593077203E-16,   5.9952043329758453E-15
32,4,1,218,   1.1166866548190072E+04,   2.9372583795724498E-16,   5.9952043329758453E-15
32,4,1,219,   1.1168381641790436E+04,   3.2069727145313051E-16,   5.9952043329758453E-15
32,4,1,220,   1.1169178150916994E+04,   4.0976280036920738E-16,   5.9952043329758453E-15
32,4,1,221,   1.1170187387834376E+04,   2.7764179135556934E-16,   5.9952043329758453E-15
32,4,1,222,   1.1171825934726867E+04,   2.6621603902105743E-16,   5.9952043329758453E-15
32,4,1,223,   1.1173339385321551E+04,   3.0496219806496106E-16,   5.9952043329758453E-15
32,4,1,224,   1.1174132346698843E+04,   4.0773135916604876E-16,   5.9952043329758453E-15
32,4,1,225,   1.1175150046986606E+04,   3.3212703739593769E-16,   5.9952043329758453E-15
32,4,1,226,   1.1176793752416825E+04,   3.4628248648528893E-16,   5.9952043329758453E-15
32,4,1,227,   1.1178304994129412E+04,   3.3270323508707064E-16,   5.9952043329758453E-15
32,4,1,228,   1.1179093875801058E+04,   4.3371930485591431E-16,   5.9952043329758453E-15
32,4,1,229,   1.1180121085741501E+04,   2.9543770861049167E-16,   5.9952043329758453E-15
32,4,1,230,   1.1181770352110158E+04,   2.7855113319606666E-16,   5.9952043329758453E-15
32,4,1,231,   1.1183278713671712E+04,   3.1525226637093039E-16,   5.9952043329758453E-15
32,4,1,232,   1.1184062914673577E+04,   3.9347557694464783E-16,   5.9952043329758453E-15
32,4,1,233,   1.1185100909257948E+04,   3.1169313339863289E-16,   5.9952043329758453E-15
32,4,1,234,   1.1186756234178736E+04,   3.1642777995396188E-16,   5.9952043329758453E-15
32,4,1,235,   1.1188260897012487E+04,   3.3598086544860841E-16,   5.9952043329758453E-15
32,4,1,236,   1.1189039718977769E+04,   4.6217601549430969E-16,   5.9952043329758453E-15
32,4,1,237,   1.1190090117920034E+04,   3.7288855713444037E-16,   5.9952043329758453E-15
32,4,1,238,   1.1191752159511921E+04,   3.2991736021641558E-16,   5.9952043329758453E-15
32,4,1,239,   1.1193252086909599E+04,   3.5825593591197529E-16,   5.9952043329758453E-15
32,4,1,240,   1.1194024687577192E+04,   4.3119251009263599E-16,   5.9952043329758453E-15
32,4,1,241,   1.1195089676461594E+04,   3.3008718668799689E-16,   5.9952043329758453E-15
32,4,1,242,   1.1196759390909581E+04,   2.9890475552811690E-16,   5.9952043329758453E-15
32,4,1,243,   1.1198253207436193E+04,   2.9961112391111458E-16,   5.9952043329758453E-15
32,4,1,244,   1.1199018515589651E+04,   3.9127786407606497E-16,   5.9952043329758453E-15
32,4,1,245,   1.1200101324220752E+04,   3.1044516584519093E-16,   5.9952043329758453E-15
32,4,1,246,   1.1201780326901080E+04,   2.8436802569939366E-16,   5.9952043329758453E-15
32,4,1,247,   1.1203266093195123E+04,   3.2456130509811769E-16,   5.9952043329758453E-15
32,4,1,248,   1.1204022639535713E+04,   4.4700049006531855E-16,   5.9952043329758453E-15
32,4,1,249,   1.1205128861906363E+04,   3.3391279438113919E-16,   5.9952043329758453E-15
32,4,1,250,   1.1206820736475987E+04,   2.7838129114401828E-16,   5.9952043329758453E-15
32,4,1,251,   1.1208295608875958E+04,   3.1669881778750767E-16,   5.9952043329758453E-15
32,4,1,252,   1.1209041195119362E+04,   3.9209777252841123E-16,   5.9952043329758453E-15
32,4,1,253,   1.1210184775987078E+04,   3.5702664631227901E-16,   5.9952043329758453E-15
32,4,1,254,   1.1211906049450174E+04,   2.3847283276760937E-16,   5.9952043329758453E-15
32,4,1,255,   1.1213377485226494E+04,   2.6806406597097883E-16,   5.9952043329758453E-15
32,4,1,256,   2.8107862206380874E+07,   3.8977212819192571E-15,   5.9952043329758453E-15
32,4,1,257,   1.0228006737055129E+08,   1.8535726988974286E-15,   5.9952043329758453E-15
32,4,1,258,   2.0493418179242268E+08,   1.1756109262587603E-15,   5.9952043329758453E-15
32,4,1,259,   3.3867934831740010E+08,   8.0695790958662829E-16,   5.9952043329758453E-15
32,4,1,260,   5.0374577960169601E+08,   5.5446482795249975E-16,   5.9952043329758453E-15
32,4,1,261,   7.0019246735002947E+08,   3.8213580721998006E-16,   5.9952043329758453E-15
32,4,1,262,   9.2804085054213119E+08,   2.2654666583572280E-16,   5.9952043329758453E-15
32,4,1,263,   1.1873010661688566E+09,   1.4967655482272997E-16,   5.9952043329758453E-15
32,4,1,264,   1.4779815052845836E+09,   1.3297103426866769E-16,   5.9952043329758453E-15
32,4,1,265,   1.8000977082929125E+09,   8.5911046097733275E-17,   5.9952043329758453E-15
32,4,1,266,   2.1536798234156108E+09,   5.9939714705785040E-17,   5.9952043329758453E-15
32,4,1,267,   2.5387220463539538E+09,   4.2644871716796059E-17,   5.9952043329758453E-15
32,4,1,268,   2.9547691174144530E+09,   2.7806842645776519E-17,   5.9952043329758453E-15
32,4,1,269,   3.3988150106359458E+09,   1.5916319760275739E-17,   5.9952043329758453E-15
32,4,1,270,   3.8550420476409297E+09,   8.2528764486911711E-18,   5.9952043329758453E-15
32,4,1,271,   4.2618397896584377E+09,   4.1214138318788263E-18,   5.9952043329758453E-15
32,4,1,272,   4.6376108088410110E+09,   4.9273505808672422E-18,   5.9952043329758453E-15
32,4,1,273,   5.1425207775389013E+09,   9.4979213570093533E-18,   5.9952043329758453E-15
32,4,1,274,   5.7418355412970285E+09,   1.5153651351528111E-17,   5.9952043329758453E-15
32,4,1,275,   6.4015722752225637E+09,   1.8594181445350322E-17,   5.9952043329758453E-15
32,4,1,276,   7.1143352872720423E+09,   2.5290120090626862E-17,   5.9952043329758453E-15
32,4,1,277,   7.8779491756688747E+09,   2.3985362033007732E-17,   5.9952043329758453E-15
32,4,1,278,   8.6912260000686436E+09,   2.4835291524363965E-17,   5.9952043329758453E-15
32,4,1,279,   9.5545516563630428E+09,   2.6437810728299953E-17,   5.9952043329758453E-15
32,4,1,280,   1.0468124165089191E+10,   2.7222455362636452E-17,   5.9952043329758453E-15
32,4,1,281,   1.1428671773011896E+10,   2.4905888798399410E-17,   5.9952043329758453E-15
32,4,1,282,   1.2432747850001728E+10,   2.5385372715044000E-17,   5.9952043329758453E-15
32,4,1,283,   1.3478850793709503E+10,   2.2264946648059863E-17,   5.9952043329758453E-15
32,4,1,284,   1.4562440212911343E+10,   1.9235587726448718E-17,   5.9952043329758453E-15
32,4,1,285,   1.5688745813279327E+10,   1.7541451332839058E-17,   5.9952043329758453E-15
32,4,1,286,   1.6873391403761053E+10,   1.7475693987583795E-17,   5.9952043329758453E-15
32,4,1,287,   1.8127433016909470E+10,   1.8619872468480322E-17,   5.9952043329758453E-15
32,4,1,288,   1.9464442275820423E+10,   1.9551144584522152E-17,   5.9952043329758453E-15
32,4,1,289,   2.0878644207704426E+10,   1.8338690033737043E-17,   5.9952043329758453E-15
32,4,1,290,   2.2366737219472092E+10,   1.6426546486264148E-17,   5.9952043329758453E-15
32,4,1,291,   2.3911333377176434E+10,   1.2997994303401262E-17,   5.9952043329758453E-15
32,4,1,292,   2.5492108275251373E+10,   1.1755534125097988E-17,   5.9952043329758453E-15
32,4,1,293,   2.7087225878207043E+10,   9.3610316220643172E-18,   5.9952043329758453E-15
32,4,1,294,   2.8721257019156837E+10,   7.5594187837808048E-18,   5.9952043329758453E-15
32,4,1,295,   3.0453017737187527E+10,   9.0259561071444050E-18,   5.9952043329758453E-15
32,4,1,296,   3.2329967003819065E+10,   1.0061930131215473E-17,   5.9952043329758453E-15
32,4,1,297,   3.4328737228227150E+10,   1.0232388638795472E-17,   5.9952043329758453E-15
32,4,1,298,   3.6409442161015594E+10,   1.0027739595207520E-17,   5.9952043329758453E-15
32,4,1,299,   3.8501271286283714E+10,   8.9360198850887893E-18,   5.9952043329758453E-15
32,4,1,300,   4.0537265814335175E+10,   8.5162995359842254E-18,   5.9952043329758453E-15
32,4,1,301,   4.2639083236573959E+10,   8.0788386061155084E-18,   5.9952043329758453E-15
32,4,1,302,   4.4974078790263969E+10,   8.8516000972744459E-18,   5.9952043329758453E-15
32,4,1,303,   4.7487631691994629E+10,   7.0734975971963478E-18,   5.9952043329758453E-15
32,4,1,304,   4.9911425981221367E+10,   5.5738376844388094E-18,   5.9952043329758453E-15
32,4,1,305,   5.1805385523391495E+10,   3.6384748447396455E-18,   5.9952043329758453E-15
32,4,1,306,   5.3834474092662186E+10,   3.8728426887684504E-18,   5.9952043329758453E-15
32,4,1,307,   5.6035211278802719E+10,   3.3577965466431668E-18,   5.9952043329758453E-15
32,4,1,308,   5.8437592436483223E+10,   4.8322224682112438E-18,   5.9952043329758453E-15
32,4,1,309,   6.1443908339226036E+10,   5.5057334582849087E-18,   5.9952043329758453E-15
32,4,1,310,   6.4689401595841026E+10,   5.2035444247514865E-18,   5.9952043329758453E-15
32,4,1,311,   6.7690729422726456E+10,   3.5885083297763309E-18,   5.9952043329758453E-15
32,4,1,312,   7.0627955795087494E+10,   3.9859162302290456E-18,   5.9952043329758453E-15
32,4,1,313,   7.4211876427355881E+10,   4.5663175806106314E-18,   5.9952043329758453E-15
32,4,1,314,   7.8071449820018341E+10,   3.0068471569956386E-18,   5.9952043329758453E-15
32,4,1,315,   8.1442265745156967E+10,   2.2353950212615114E-18,   5.9952043329758453E-15
32,4,1,316,   8.4962265138718231E+10,   3.0258611073484993E-18,   5.9952043329758453E-15
32,4,1,317,   8.9382963721193787E+10,   2.8643876780167526E-18,   5.9952043329758453E-15
32,4,1,318,   9.3531226121853638E+10,   2.6408355118506770E-18,   5.9952043329758453E-15
32,4,1,319,   9.7162750290226196E+10,   2.6678680854868762E-18,   5.9952043329758453E-15
32,4,1,320,   1.0194766387377516E+11,   1.9638089331365227E-18,   5.9952043329758453E-15
32,4,1,321,   1.0394720569470436E+11,   6.3492567009115693E-19,   5.9952043329758453E-15
32,4,1,322,   1.0737909152190985E+11,   1.7221333956686637E-18,   5.9952043329758453E-15
32,4,1,323,   1.1125562976854060E+11,   1.8238698895396577E-18,   5.9952043329758453E-15
32,4,1,324,   1.1702484022228990E+11,   2.1527905192321094E-18,   5.9952043329758453E-15
32,4,1,325,   1.2188447902131007E+11,   1.6767106116467124E-18,   5.9952043329758453E-15
32,4,1,326,   1.2714792601329665E+11,   1.8858301310775856E-18,   5.9952043329758453E-15
32,4,1,327,   1.3359144912570982E+11,   1.7167129753748942E-18,   5.9952043329758453E-15
32,4,1,328,   1.3844798871664539E+11,   1.6998423335400896E-18,   5.9952043329758453E-15
32,4,1,329,   1.4595731423364157E+11,   1.4713843310966603E-18,   5.9952043329758453E-15
32,4,1,330,   1.5099332318593115E+11,   1.3949475248918018E-18,   5.9952043329758453E-15
32,4,1,331,   1.5468169581521680E+11,   3.2678813497224660E-19,   5.9952043329758453E-15
32,4,1,332,   1.5958042326057932E+11,   1.3222051415897849E-18,   5.9952043329758453E-15
32,4,1,333,   1.6509706006520773E+11,   1.6711283599632574E-18,   5.9952043329758453E-15
32,4,1,334,   1.7412034940095917E+11,   1.2043402752289167E-18,   5.9952043329758453E-15
32,4,1,335,   1.8102345992716183E+11,   1.5605636262878488E-18,   5.9952043329758453E-15
32,4,1,336,   1.8929240624306638E+11,   1.0592184964301788E-18,   5.9952043329758453E-15
32,4,1,337,   1.9963008510286783E+11,   1.2705630536014674E-18,   5.9952043329758453E-15
32,4,1,338,   2.0538310446902756E+11,   2.8481106458793225E-19,   5.9952043329758453E-15
32,4,1,339,   2.0729770045106552E+11,   1.2522353355747248E-18,   5.9952043329758453E-15
32,4,1,340,   2.1674999124174716E+11,   1.1888000991217018E-18,   5.9952043329758453E-15
32,4,1,341,   2.2860313351218445E+11,   1.0998035009848286E-18,   5.9952043329758453E-15
32,4,1,342,   2.4076169425058807E+11,   9.6127473925266576E-19,   5.9952043329758453E-15
32,4,1,343,   2.5281312814467514E+11,   1.0140617513558185E-18,   5.9952043329758453E-15
32,4,1,344,   2.5640464896660995E+11,   2.3598066619814590E-19,   5.9952043329758453E-15
32,4,1,345,   2.6518151278964548E+11,   9.8420894483384349E-19,   5.9952043329758453E-15
32,4,1,346,   2.7839771806821069E+11,   8.7992929574485676E-19,   5.9952043329758453E-15
32,4,1,347,   2.9289260396485242E+11,   8.3349464707615636E-19,   5.9952043329758453E-15
32,4,1,348,   3.0733096567422729E+11,   2.3886631844976075E-19,   5.9952043329758453E-15
32,4,1,349,   3.0883941645128650E+11,   9.3243331483127768E-19,   5.9952043329758453E-15
32,4,1,350,   3.2625237572818768E+11,   8.5408369109094088E-19,   5.9952043329758453E-15
32,4,1,351,   3.4549026507419855E+11,   8.8223884197316926E-19,   5.9952043329758453E-15
32,4,1,352,   3.5840025292855188E+11,   1.9791271469726463E-19,   5.9952043329758453E-15
32,4,1,353,   3.6688247045472321E+11,   7.6681360161109560E-19,   5.9952043329758453E-15
32,4,1,354,   3.9092432584681989E+11,   7.1186974639894798E-19,   5.9952043329758453E-15
32,4,1,355,   4.0945761900463324E+11,   1.7570689868614201E-19,   5.9952043329758453E-15
32,4,1,356,   4.1838804517884229E+11,   6.2342317999548410E-19,   5.9952043329758453E-15
32,4,1,357,   4.5046856398855884E+11,   4.8205293047596553E-19,   5.9952043329758453E-15
32,4,1,358,   4.6053290813536816E+11,   2.0664977820756247E-19,   5.9952043329758453E-15
32,4,1,359,   4.8931754948806183E+11,   4.2166729558208562E-19,   5.9952043329758453E-15
32,4,1,360,   5.1161746963121533E+11,   1.9373910604681652E-19,   5.9952043329758453E-15
32,4,1,361,   5.3966828773264917E+11,   4.7527305575089219E-19,   5.9952043329758453E-15
32,4,1,362,   5.6271058278604688E+11,   2.5755769094296068E-19,   5.9952043329758453E-15
32,4,1,363,   6.1380931465477100E+11,   2.6513484806336165E-19,   5.9952043329758453E-15
32,4,1,364,   6.2151241292962549E+11,   3.6152980702695049E-19,   5.9952043329758453E-15
32,4,1,365,   6.6491286530053210E+11,   2.4586659479269237E-19,   5.9952043329758453E-15
32,4,1,366,   7.1601964918164673E+11,   2.1965192292033538E-19,   5.9952043329758453E-15
32,4,1,367,   7.6712925086277686E+11,   1.8698525925357841E-19,   5.9952043329758453E-15
32,4,1,368,   8.1824182869269958E+11,   2.3125450446320411E-19,   5.9952043329758453E-15
32,4,1,369,   8.6936214655360120E+11,   2.3449331763880468E-19,   5.9952043329758453E-15
32,4,1,370,   9.2052414259973962E+11,   1.9673599278637217E-19,   5.9952043329758453E-15
32,4,1,371,   9.7190757281740002E+11,   2.0363389821989442E-19,   5.9952043329758453E-15
32,4,1,372,   1.0241708045549899E+12,   1.9895962723619387E-19,   5.9952043329758453E-15
32,4,1,373,   1.0787998868713126E+12,   2.2760745614963152E-19,   5.9952043329758453E-15
32,4,1,374,   1.1377443127251809E+12,   2.6943888806514944E-19,   5.9952043329758453E-15
32,4,1,375,   1.2026069338250662E+12,   2.1340789089979600E-19,   5.9952043329758453E-15
32,4,1,376,   1.2745204593731589E+12,   1.8910769760008225E-19,   5.9952043329758453E-15
32,4,1,377,   1.3545467303624658E+12,   1.8306650564013413E-19,   5.9952043329758453E-15
32,4,1,378,   1.4440286118051602E+12,   1.9691225802503977E-19,   5.9952043329758453E-15
32,4,1,379,   1.5448724062461599E+12,   2.0258112663664988E-19,   5.9952043329758453E-15
32,4,1,380,   1.6599590255274683E+12,   2.0397876968343889E-19,   5.9952043329758453E-15
32,4,1,381,   1.7940238056658311E+12,   1.4148573384284566E-19,   5.9952043329758453E-15
32,4,1,382,   1.9560583607040017E+12,   1.8215109952311589E-19,   5.9952043329758453E-15
32,4,1,383,   2.1689530628805227E+12,   1.1971641503020429E-19,   5.9952043329758453E-15
32,4,2,1,   2.3144906273384871E+00,   2.6025054248090265E-16,   1.0880185641326534E-14
32,4,2,2,   2.3147018820495293E+00,   1.1307712836476893E-16,   1.0880185641326534E-14
32,4,2,3,   2.3150160572531937E+00,   1.1454783749589346E-16,   1.0880185641326534E-14
32,4,2,4,   2.3152675965606360E+00,   1.4984488956965704E-16,   1.0880185641326534E-14
32,4,2,5,   2.3154067904540714E+00,   1.2904082748707636E-16,   1.0880185641326534E-14
32,4,2,6,   2.3156667259272088E+00,   1.3956278028129159E-16,   1.0880185641326534E-14
32,4,2,7,   2.3160113221117555E+00,   1.5360499359033991E-16,   1.0880185641326534E-14
32,4,2,8,   2.3162712846266453E+00,   1.9931760571358167E-16,   1.0880185641326534E-14
32,4,2,9,   2.3164081484263161E+00,   2.4034185314440740E-16,   1.0880185641326534E-14
32,4,2,10,   2.3166745685869197E+00,   1.4960035263907375E-16,   1.0880185641326534E-14
32,4,2,11,   2.3170154842086426E+00,   1.4256821684387719E-16,   1.0880185641326534E-14
32,4,2,12,   2.3172830196673089E+00,   2.3258693184258350E-16,   1.0880185641326534E-14
32,4,2,13,   2.3174170991729732E+00,   2.4666226511528658E-16,   1.0880185641326534E-14
32,4,2,14,   2.3176847092018411E+00,   1.5440628544030923E-16,   1.0880185641326534E-14
32,4,2,15,   2.3180302144540170E+00,   1.7033689148225413E-16,   1.0880185641326534E-14
32,4,2,16,   2.3182930984782764E+00,   2.4198716663356876E-16,   1.0880185641326534E-14
32,4,2,17,   2.3184401053195760E+00,   3.5941249475733677E-16,   1.0880185641326534E-14
32,4,2,18,   2.3186806246217992E+00,   3.0435799174137455E-16,   1.0880185641326534E-14
32,4,2,19,   2.3190365085744751E+00,   1.6887636661326585E-16,   1.0880185641326534E-14
32,4,2,20,   2.3192896609675775E+00,   4.2770653164359858E-16,   1.0880185641326534E-14
32,4,2,21,   2.3194474203059912E+00,   4.1269684914317154E-16,   1.0880185641326534E-14
32,4,2,22,   2.3196885650502863E+00,   2.8419020140009987E-16,   1.0880185641326534E-14
32,4,2,23,   2.3200452497383957E+00,   1.7356185205687005E-16,   1.0880185641326534E-14
32,4,2,24,   2.3203153853361775E+00,   3.4754700490241046E-16,   1.0880185641326534E-14
32,4,2,25,   2.3204688514157827E+00,   5.6564941060302040E-16,   1.0880185641326534E-14
32,4,2,26,   2.3207273404699222E+00,   3.0514066024527761E-16,   1.0880185641326534E-14
32,4,2,27,   2.3210704910761377E+00,   2.2367979980912229E-16,   1.0880185641326534E-14
32,4,2,28,   2.3213212716745808E+00,   3.6599749922245835E-16,   1.0880185641326534E-14
32,4,2,29,   2.3214394670443363E+00,   6.3912818908365890E-16,   1.0880185641326534E-14
32,4,2,30,   2.3217280382888035E+00,   2.7526455230069649E-16,   1.0880185641326534E-14
32,4,2,31,   2.3220775478136977E+00,   3.3259383774981696E-16,   1.0880185641326534E-14
32,4,2,32,   2.3223207815187621E+00,   6.8514798340193866E-16,   1.0880185641326534E-14
32,4,2,33,   2.3224819082892556E+00,   5.9983323781118831E-16,   1.0880185641326534E-14
32,4,2,34,   2.3227477779121464E+00,   3.5295570684118149E-16,   1.0880185641326534E-14
32,4,2,35,   2.3230805358411328E+00,   2.5841988674781756E-16,   1.0880185641326534E-14
32,4,2,36,   2.3233657401927563E+00,   6.1515413852406431E-16,   1.0880185641326534E-14
32,4,2,37,   2.3235009910083742E+00,   7.7073078837721220E-16,   1.0880185641326534E-14
32,4,2,38,   2.3237618390587786E+00,   4.0910502144998286E-16,   1.0880185641326534E-14
32,4,2,39,   2.3241129049213880E+00,   4.0547830315769793E-16,   1.0880185641326534E-14
32,4,2,40,   2.3243498860528331E+00,   8.7121546021695658E-16,   1.0880185641326534E-14
32,4,2,41,   2.3245118372624995E+00,   5.5358626151745163E-16,   1.0880185641326534E-14
32,4,2,42,   2.3247712883146732E+00,   4.8423328701833690E-16,   1.0880185641326534E-14
32,4,2,43,   2.3251175358632463E+00,   4.0667838193354929E-16,   1.0880185641326534E-14
32,4,2,44,   2.3253924995227209E+00,   5.3654385446665581E-16,   1.0880185641326534E-14
32,4,2,45,   2.3255368042194995E+00,   9.6941401662137755E-16,   1.0880185641326534E-14
32,4,2,46,   2.3257649583877562E+00,   5.4205333781748219E-16,   1.0880185641326534E-14
32,4,2,47,   2.3261402490245966E+00,   6.0040227979661474E-16,   1.0880185641326534E-14
32,4,2,48,   2.3264266147490540E+00,   1.5048077248336995E-15,   1.0880185641326534E-14
32,4,2,49,   2.3265491049794598E+00,   8.0526943917438268E-16,   1.0880185641326534E-14
32,4,2,50,   2.3268211803971623E+00,   5.2048245783026626E-16,   1.0880185641326534E-14
32,4,2,51,   2.3271650519888816E+00,   4.6550450189832814E-16,   1.0880185641326534E-14
32,4,2,52,   2.3274274056537858E+00,   5.3795348980685131E-16,   1.0880185641326534E-14
32,4,2,53,   2.3276143537969873E+00,   1.2161665458074810E-15,   1.0880185641326534E-14
32,4,2,54,   2.3278087469258901E+00,   8.5897424938035820E-16,   1.0880185641326534E-14
32,4,2,55,   2.3281524537820633E+00,   1.0798292907039011E-15,   1.0880185641326534E-14
32,4,2,56,   2.3284261612868549E+00,   9.6163552693216964E-16,   1.0880185641326534E-14
32,4,2,57,   2.3286067701085993E+00,   9.8260777495753859E-16,   1.0880185641326534E-14
32,4,2,58,   2.3288219126372462E+00,   6.7723809474683697E-16,   1.0880185641326534E-14
32,4,2,59,   2.3291774284610924E+00,   6.0100476747116391E-16,   1.0880185641326534E-14
32,4,2,60,   2.3294508284245277E+00,   9.8629438927225540E-16,   1.0880185641326534E-14
32,4,2,61,   2.3296335455163613E+00,   1.2330742607809109E-15,   1.0880185641326534E-14
32,4,2,62,   2.3298456167255064E+00,   8.4292127431263657E-16,   1.0880185641326534E-14
32,4,2,63,   2.3302300558804090E+00,   6.6158131574259782E-16,   1.0880185641326534E-14
32,4,2,64,   2.3304752069621668E+00,   9.5496091922861145E-16,   1.0880185641326534E-14
32,4,2,65,   2.3306707742288286E+00,   1.2941280837254015E-15,   1.0880185641326534E-14
32,4,2,66,   2.3309273486278177E+00,   6.6170021661327503E-16,   1.0880185641326534E-14
32,4,2,67,   2.3312520620097241E+00,   1.0795571599804706E-15,   1.0880185641326534E-14
32,4,2,68,   2.3315168272429001E+00,   1.2788859245529623E-15,   1.0880185641326534E-14
32,4,2,69,   2.3316476170112277E+00,   1.3477024866579100E-15,   1.0880185641326534E-14
32,4,2,70,   2.3319584302262633E+00,   8.7447777972406195E-16,   1.0880185641326534E-14
32,4,2,71,   2.3322690779759281E+00,   1.1016154296172453E-15,   1.0880185641326534E-14
32,4,2,72,   2.3325511399033680E+00,   2.1287994958526264E-15,   1.0880185641326534E-14
32,4,2,73,   2.3326601978169976E+00,   1.8688666532047586E-15,   1.0880185641326534E-14
32,4,2,74,   2.3329517041412946E+00,   9.5638094681532198E-16,   1.0880185641326534E-14
32,4,2,75,   2.3333414618073562E+00,   1.1569959168622803E-15,   1.0880185641326534E-14
32,4,2,76,   2.3334889807189381E+00,   3.3771097154609383E-15,   1.0880185641326534E-14
32,4,2,77,   2.3337694047878861E+00,   1.7472218531013405E-15,   1.0880185641326534E-14
32,4,2,78,   2.3339568589347808E+00,   1.0505328200298334E-15,   1.0880185641326534E-14
32,4,2,79,   2.3343679123851975E+00,   1.2734671368384629E-15,   1.0880185641326534E-14
32,4,2,80,   2.3345320551050790E+00,   2.6964111947580068E-15,   1.0880185641326534E-14
32,4,2,81,   2.3347542998530857E+00,   2.1714571435062139E-15,   1.0880185641326534E-14
32,4,2,82,   2.3351149698776013E+00,   1.1598726909590616E-15,   1.0880185641326534E-14
32,4,2,83,   2.3354042668913340E+00,   1.2894449472202305E-15,   1.0880185641326534E-14
32,4,2,84,   2.3356449281795681E+00,   2.0898897274071938E-15,   1.0880185641326534E-14
32,4,2,85,   2.3358328262864112E+00,   2.4839478483444334E-15,   1.0880185641326534E-14
32,4,2,86,   2.3359914043876779E+00,   1.8217021786087886E-15,   1.0880185641326534E-14
32,4,2,87,   2.3363820347617632E+00,   1.1490889481972269E-15,   1.0880185641326534E-14
32,4,2,88,   2.3365922600202169E+00,   4.5445686303945597E-15,   1.0880185641326534E-14
32,4,2,89,   2.3367806871117747E+00,   2.7924278095554657E-15,   1.0880185641326534E-14
32,4,2,90,   2.3371766425973770E+00,   3.3086349089768791E-15,   1.0880185641326534E-14
32,4,2,91,   2.3375000466373286E+00,   1.5578938896889074E-15,   1.0880185641326534E-14
32,4,2,92,   2.3376893931229712E+00,   3.1209937338512378E-15,   1.0880185641326534E-14
32,4,2,93,   2.3377686557356889E+00,   2.8894262359828205E-15,   1.0880185641326534E-14
32,4,2,94,   2.3380763067876060E+00,   2.2251459628543080E-15,   1.0880185641326534E-14
32,4,2,95,   2.3385899642993206E+00,   3.6572988062612331E-15,   1.0880185641326534E-14
32,4,2,96,   2.3387146838664070E+00,   3.3721689925230078E-15,   1.0880185641326534E-14
32,4,2,97,   2.3389955846248927E+00,   3.9819656463795019E-15,   1.0880185641326534E-14
32,4,2,98,   2.3391772691562229E+00,   3.6460072168129688E-15,   1.0880185641326534E-14
32,4,2,99,   2.3395274916095472E+00,   2.0064698849329260E-15,   1.0880185641326534E-14
32,4,2,100,   2.3398153182923616E+00,   4.2436635824455439E-15,   1.0880185641326534E-14
32,4,2,101,   2.3398967873190961E+00,   2.7822376776187078E-15,   1.0880185641326534E-14
32,4,2,102,   2.3402991228005181E+00,   2.7682336875209491E-15,   1.0880185641326534E-14
32,4,2,103,   2.3406057694580018E+00,   2.7259044337203686E-15,   1.0880185641326534E-14
32,4,2,104,   2.3407537398358853E+00,   6.0526711029336187E-15,   1.0880185641326534E-14
32,4,2,105,   2.3408295360629068E+00,   2.3086433043266277E-15,   1.0880185641326534E-14
32,4,2,106,   2.3412435367375584E+00,   1.7860244285754819E-15,   1.0880185641326534E-14
32,4,2,107,   2.3416608689218021E+00,   3.6752334241888748E-15,   1.0880185641326534E-14
32,4,2,108,   2.3417784080153807E+00,   7.7814731682714961E-15,   1.0880185641326534E-14
32,4,2,109,   2.3419074545964622E+00,   2.6111607278663662E-15,   1.0880185641326534E-14
32,4,2,110,   2.3422068548476656E+00,   3.2970741752360353E-15,   1.0880185641326534E-14
32,4,2,111,   2.3424421785544220E+00,   3.8562388200191629E-15,   1.0880185641326534E-14
32,4,2,112,   2.3427133086538481E+00,   8.8901462552137626E-15,   1.0880185641326534E-14
32,4,2,113,   2.3430943521703425E+00,   4.4653099416090577E-15,   1.0880185641326534E-14
32,4,2,114,   2.3433145675916642E+00,   2.3678784502628607E-15,   1.0880185641326534E-14
32,4,2,115,   2.3437398388403947E+00,   3.7463901763971497E-15,   1.0880185641326534E-14
32,4,2,116,   2.3439562547064039E+00,   3.9705226794448320E-15,   1.0880185641326534E-14
32,4,2,117,   2.3440821096117008E+00,   4.8503181952075286E-15,   1.0880185641326534E-14
32,4,2,118,   2.3444201268052591E+00,   3.7452379395889929E-15,   1.0880185641326534E-14
32,4,2,119,   2.3447684522409538E+00,   1.0067532623113791E-14,   1.0880185641326534E-14
32,4,2,120,   2.3449010826113073E+00,   3.4732302061255738E-15,   1.0880185641326534E-14
32,4,2,121,   2.3450113198841236E+00,   4.9130932976280796E-15,   1.0880185641326534E-14
32,4,2,122,   2.3451483769006982E+00,   5.7224244027698409E-15,   1.0880185641326534E-14
32,4,2,123,   2.3453950513311761E+00,   9.3860571399100161E-15,   1.0880185641326534E-14
32,4,2,124,   2.3456240009629301E+00,   7.6447210260821917E-15,   1.0880185641326534E-14
32,4,2,125,   2.3460355439100744E+00,   4.1880929391234959E-15,   1.0880185641326534E-14
32,4,2,126,   2.3462028211924157E+00,   8.3982877276046158E-15,   1.0880185641326534E-14
32,4,2,127,   2.3466664701565891E+00,   6.1737534089611774E-15,   1.0880185641326534E-14
32,4,2,128,   2.3476638862897135E+00,   6.5224982615002392E-15,   1.0880185641326534E-14
32,4,2,129,   1.1058612498021013E+04,   1.0869373283131964E-18,   1.0880185641326534E-14
32,4,2,130,   1.1060089171850450E+04,   1.7307394796854715E-18,   1.0880185641326534E-14
32,4,2,131,   1.1061289529570649E+04,   2.4812371523910850E-18,   1.0880185641326534E-14
32,4,2,132,   1.1061926408724046E+04,   8.7000647771832442E-18,   1.0880185641326534E-14
32,4,2,133,   1.1062918378862985E+04,   9.8177355382775635E-18,   1.0880185641326534E-14
32,4,2,134,   1.1064504654090717E+04,   1.0059287417454278E-17,   1.0880185641326534E-14
32,4,2,135,   1.1065949607976530E+04,   1.1615859125578250E-17,   1.0880185641326534E-14
32,4,2,136,   1.1066722414142534E+04,   1.9466960494181650E-17,   1.0880185641326534E-14
32,4,2,137,   1.1067700647227570E+04,   1.7843030417303432E-17,   1.0880185641326534E-14
32,4,2,138,   1.1069289281835423E+04,   1.6308692734403055E-17,   1.0880185641326534E-14
32,4,2,139,   1.1070752042198668E+04,   2.4873927760856801E-17,   1.0880185641326534E-14
32,4,2,140,   1.1071533747084535E+04,   4.3304216501825258E-17,   1.0880185641326534E-14
32,4,2,141,   1.1072500639866099E+04,   3.4265944331137211E-17,   1.0880185641326534E-14
32,4,2,142,   1.1074088510072215E+04,   3.0358586504259247E-17,   1.0880185641326534E-14
32,4,2,143,   1.1075563271469377E+04,   3.8676012158809280E-17,   1.0880185641326534E-14
32,4,2,144,   1.1076352394877886E+04,   5.2784357523759519E-17,   1.0880185641326534E-14
32,4,2,145,   1.1077313044254777E+04,   4.2543936791615390E-17,   1.0880185641326534E-14
32,4,2,146,   1.1078900479026441E+04,   4.5417268911286981E-17,   1.0880185641326534E-14
32,4,2,147,   1.1080383433890653E+04,   4.8213119913810066E-17,   1.0880185641326534E-14
32,4,2,148,   1.1081177941212993E+04,   7.0458610275785446E-17,   1.0880185641326534E-14
32,4,2,149,   1.1082135003878471E+04,   5.6393835493044244E-17,   1.0880185641326534E-14
32,4,2,150,   1.1083722606578873E+04,   5.9814515288333658E-17,   1.0880185641326534E-14
32,4,2,151,   1.1085211650827880E+04,   7.7028128379069574E-17,   1.0880185641326534E-14
32,4,2,152,   1.1086010185752342E+04,   1.1068067325771347E-16,   1.0880185641326534E-14
32,4,2,153,   1.1086965245573751E+04,   9.2423395780006963E-17,   1.0880185641326534E-14
32,4,2,154,   1.1088553524873229E+04,   9.8426645988270968E-17,   1.0880185641326534E-14
32,4,2,155,   1.1090047395331929E+04,   1.2450930412511372E-16,   1.0880185641326534E-14
32,4,2,156,   1.1090849042922262E+04,   1.4697917552440187E-16,   1.0880185641326534E-14
32,4,2,157,   1.1091803149221432E+04,   1.2144131904014106E-16,   1.0880185641326534E-14
32,4,2,158,   1.1093392510011734E+04,   1.1039041765749897E-16,   1.0880185641326534E-14
32,4,2,159,   1.1094890377334639E+04,   1.2560202252871130E-16,   1.0880185641326534E-14
32,4,2,160,   1.1095694478420970E+04,   1.5560219351004757E-16,   1.0880185641326534E-14
32,4,2,161,   1.1096648396618302E+04,   1.2288358868632917E-16,   1.0880185641326534E-14
32,4,2,162,   1.1098239166162753E+04,   1.2305188501926687E-16,   1.0880185641326534E-14
32,4,2,163,   1.1099740442133962E+04,   1.4037231635524236E-16,   1.0880185641326534E-14
32,4,2,164,   1.1100546487092737E+04,   1.7938530291896314E-16,   1.0880185641326534E-14
32,4,2,165,   1.1101500821366373E+04,   1.5381076199373115E-16,   1.0880185641326534E-14
32,4,2,166,   1.1103093276060976E+04,   1.4568382656326123E-16,   1.0880185641326534E-14
32,4,2,167,   1.1104597509826917E+04,   1.5354020693171034E-16,   1.0880185641326534E-14
32,4,2,168,   1.1105405076073554E+04,   1.8946942378094621E-16,   1.0880185641326534E-14
32,4,2,169,   1.1106360336919202E+04,   1.5515214127038367E-16,   1.0880185641326534E-14
32,4,2,170,   1.1107954719908512E+04,   1.5410403512981800E-16,   1.0880185641326534E-14
32,4,2,171,   1.1109461543343003E+04,   1.8229481393448431E-16,   1.0880185641326534E-14
32,4,2,172,   1.1110270262011658E+04,   1.9546433960322822E-16,   1.0880185641326534E-14
32,4,2,173,   1.1111226906233733E+04,   1.6009503700047578E-16,   1.0880185641326534E-14
32,4,2,174,   1.1112823437681587E+04,   1.4066794098110330E-16,   1.0880185641326534E-14
32,4,2,175,   1.1114332534777237E+04,   1.7396757792858242E-16,   1.0880185641326534E-14
32,4,2,176,   1.1115142066867511E+04,   2.1595438451963221E-16,   1.0880185641326534E-14
32,4,2,177,   1.1116100522958250E+04,   1.9018519679628550E-16,   1.0880185641326534E-14
32,4,2,178,   1.1117699409741528E+04,   1.8905547586360561E-16,   1.0880185641326534E-14
32,4,2,179,   1.1119210492288285E+04,   2.2264099983793989E-16,   1.0880185641326534E-14
32,4,2,180,   1.1120020516147752E+04,   2.7276877284610105E-16,   1.0880185641326534E-14
32,4,2,181,   1.1120981198676483E+04,   2.1641157470886042E-16,   1.0880185641326534E-14
32,4,2,182,   1.1122582640377574E+04,   2.1500402149532895E-16,   1.0880185641326534E-14
32,4,2,183,   1.1124095437410397E+04,   2.3062299032028773E-16,   1.0880185641326534E-14
32,4,2,184,   1.1124905637795715E+04,   3.2388283895750442E-16,   1.0880185641326534E-14
32,4,2,185,   1.1125868961325985E+04,   2.5177855814899723E-16,   1.0880185641326534E-14
32,4,2,186,   1.1127473152887324E+04,   2.4430894023454512E-16,   1.0880185641326534E-14
32,4,2,187,   1.1128987400056787E+04,   2.5916853739061220E-16,   1.0880185641326534E-14
32,4,2,188,   1.1129797462921930E+04,   3.7449339147255559E-16,   1.0880185641326534E-14
32,4,2,189,   1.1130763847519638E+04,   3.1632691673469677E-16,   1.0880185641326534E-14
32,4,2,190,   1.1132370985711876E+04,   3.3069019001302288E-16,   1.0880185641326534E-14
32,4,2,191,   1.1133886416846832E+04,   3.2899714565235734E-16,   1.0880185641326534E-14
32,4,2,192,   1.1134696024582243E+04,   3.9205270249857358E-16,   1.0880185641326534E-14
32,4,2,193,   1.1135665905581502E+04,   3.3754943060593706E-16,   1.0880185641326534E-14
32,4,2,194,   1.1137276186993662E+04,   3.0834103889222285E-16,   1.0880185641326534E-14
32,4,2,195,   1.1138792530823232E+04,   3.3822126511687854E-16,   1.0880185641326534E-14
32,4,2,196,   1.1139601358800139E+04,   4.2059027741029695E-16,   1.0880185641326534E-14
32,4,2,197,   1.1140575191258991E+04,   3.3383720935858501E-16,   1.0880185641326534E-14
32,4,2,198,   1.1142188818947057E+04,   3.2156852822634643E-16,   1.0880185641326534E-14
32,4,2,199,   1.1143705792028999E+04,   3.4285642772958038E-16,   1.0880185641326534E-14
32,4,2,200,   1.1144513504561795E+04,   4.2422817924185401E-16,   1.0880185641326534E-14
32,4,2,201,   1.1145491771372330E+04,   3.8352894982031547E-16,   1.0880185641326534E-14
32,4,2,202,   1.1147108953529007E+04,   3.6905182700632707E-16,   1.0880185641326534E-14
32,4,2,203,   1.1148626256724283E+04,   3.5014642319974677E-16,   1.0880185641326534E-14
32,4,2,204,   1.1149432504707842E+04,   4.7468708198943134E-16,   1.0880185641326534E-14
32,4,2,205,   1.1150415722659372E+04,   3.5494442440827356E-16,   1.0880185641326534E-14
32,4,2,206,   1.1152036678178092E+04,   3.3965582530947989E-16,   1.0880185641326534E-14
32,4,2,207,   1.1153553990410765E+04,   3.2928680546976327E-16,   1.0880185641326534E-14
32,4,2,208,   1.1154358408425685E+04,   4.4755506543987783E-16,   1.0880185641326534E-14
32,4,2,209,   1.1155347137368402E+04,   3.6043450045264494E-16,   1.0880185641326534E-14
32,4,2,210,   1.1156972096472195E+04,   3.5178997343895653E-16,   1.0880185641326534E-14
32,4,2,211,   1.1158489068569172E+04,   3.6796110056111259E-16,   1.0880185641326534E-14
32,4,2,212,   1.1159291271315295E+04,   4.7439172164137656E-16,   1.0880185641326534E-14
32,4,2,213,   1.1160286125085815E+04,   3.6789710228520264E-16,   1.0880185641326534E-14
32,4,2,214,   1.1161915334774885E+04,   3.8023796216006693E-16,   1.0880185641326534E-14
32,4,2,215,   1.1163431582433599E+04,   3.9537474408262600E-16,   1.0880185641326534E-14
32,4,2,216,   1.1164231158925748E+04,   4.8496527831150282E-16,   1.0880185641326534E-14
32,4,2,217,   1.1165232819238963E+04,   4.2733026784721854E-16,   1.0880185641326534E-14
32,4,2,218,   1.1166866547996324E+04,   3.9632946567502322E-16,   1.0880185641326534E-14
32,4,2,219,   1.1168381641687774E+04,   4.0345247940021143E-16,   1.0880185641326534E-14
32,4,2,220,   1.1169178150881857E+04,   5.2688231503084641E-16,   1.0880185641326534E-14
32,4,2,221,   1.1170187387677710E+04,   4.1744100838064990E-16,   1.0880185641326534E-14
32,4,2,222,   1.1171825934739778E+04,   4.1983622984241515E-16,   1.0880185641326534E-14
32,4,2,223,   1.1173339385246874E+04,   4.1739105251814644E-16,   1.0880185641326534E-14
32,4,2,224,   1.1174132346703398E+04,   5.1319124926030203E-16,   1.0880185641326534E-14
32,4,2,225,   1.1175150046765504E+04,   4.0305464127317261E-16,   1.0880185641326534E-14
32,4,2,226,   1.1176793752301772E+04,   4.1696350436758321E-16,   1.0880185641326534E-14
32,4,2,227,   1.1178304994171011E+04,   3.8127439985905928E-16,   1.0880185641326534E-14
32,4,2,228,   1.1179093875761586E+04,   5.0149593936323336E-16,   1.0880185641326534E-14
32,4,2,229,   1.1180121085557446E+04,   4.0366719635090283E-16,   1.0880185641326534E-14
32,4,2,230,   1.1181770352072810E+04,   3.9901446363479099E-16,   1.0880185641326534E-14
32,4,2,231,   1.1183278713749167E+04,   4.6665924318340451E-16,   1.0880185641326534E-14
32,4,2,232,   1.1184062914625574E+04,   5.8326384987887803E-16,   1.0880185641326534E-14
32,4,2,233,   1.1185100909112245E+04,   4.1162540682641720E-16,   1.0880185641326534E-14
32,4,2,234,   1.1186756234080671E+04,   3.7666162003930612E-16,   1.0880185641326534E-14
32,4,2,235,   1.1188260896957934E+04,   3.8982190091516784E-16,   1.0880185641326534E-14
32,4,2,236,   1.1189039718949480E+04,   5.1922079439757388E-16,   1.0880185641326534E-14
32,4,2,237,   1.1190090117873346E+04,   4.0114139780397107E-16,   1.0880185641326534E-14
32,4,2,238,   1.1191752159457656E+04,   3.7463712610878964E-16,   1.0880185641326534E-14
32,4,2,239,   1.1193252086866230E+04,   3.6919289294497086E-16,   1.0880185641326534E-14
32,4,2,240,   1.1194024687626434E+04,   4.9170951654473495E-16,   1.0880185641326534E-14
32,4,2,241,   1.1195089676560325E+04,   3.9881420723544425E-16,   1.0880185641326534E-14
32,4,2,242,   1.1196759391034482E+04,   3.4269612839365919E-16,   1.0880185641326534E-14
32,4,2,243,   1.1198253207447437E+04,   3.7108851178501602E-16,   1.0880185641326534E-14
32,4,2,244,   1.1199018515621081E+04,   4.8433584373311015E-16,   1.0880185641326534E-14
32,4,2,245,   1.1200101324218229E+04,   3.9048743808901910E-16,   1.0880185641326534E-14
32,4,2,246,   1.1201780326853092E+04,   3.3699118771781003E-16,   1.0880185641326534E-14
32,4,2,247,   1.1203266093222926E+04,   3.6195332422055192E-16,   1.0880185641326534E-14
32,4,2,248,   1.1204022639553457E+04,   4.6420137207905424E-16,   1.0880185641326534E-14
32,4,2,249,   1.1205128861835597E+04,   3.6685307222637889E-16,   1.0880185641326534E-14
32,4,2,250,   1.1206820736491225E+04,   3.0734949667306783E-16,   1.0880185641326534E-14
32,4,2,251,   1.1208295608793545E+04,   4.4039448973197068E-16,   1.0880185641326534E-14
32,4,2,252,   1.1209041194879021E+04,   5.8837861193295146E-16,   1.0880185641326534E-14
32,4,2,253,   1.1210184776012129E+04,   3.6043993741986786E-16,   1.0880185641326534E-14
32,4,2,254,   1.1211906049096613E+04,   2.9548771700742131E-16,   1.0880185641326534E-14
32,4,2,255,   1.1213377484953515E+04,   3.0770131498067859E-16,   1.0880185641326534E-14
32,4,2,256,   2.8107862206448257E+07,   1.4424363709709589E-15,   1.0880185641326534E-14
32,4,2,257,   1.0228006737059355E+08,   1.2737892348826361E-15,   1.0880185641326534E-14
32,4,2,258,   2.0493418179247257E+08,   8.0172601072624127E-16,   1.0880185641326534E-14
32,4,2,259,   3.3867934831748033E+08,   5.7158683275369970E-16,   1.0880185641326534E-14
32,4,2,260,   5.0374577960175169E+08,   4.3539156641959718E-16,   1.0880185641326534E-14
32,4,2,261,   7.0019246735006142E+08,   3.0387490216000100E-16,   1.0880185641326534E-14
32,4,2,262,   9.2804085054216373E+08,   2.3048635624787874E-16,   1.0880185641326534E-14
32,4,2,263,   1.1873010661689024E+09,   2.0077066662183125E-16,   1.0880185641326534E-14
32,4,2,264,   1.4779815052846384E+09,   1.4457066576201321E-16,   1.0880185641326534E-14
32,4,2,265,   1.8000977082929535E+09,   9.3647576529807418E-17,   1.0880185641326534E-14
32,4,2,266,   2.1536798234156294E+09,   5.7427058872512332E-17,   1.0880185641326534E-14
32,4,2,267,   2.5387220463539648E+09,   4.0184509995625626E-17,   1.0880185641326534E-14
32,4,2,268,   2.9547691174144578E+09,   2.8157239917965592E-17,   1.0880185641326534E-14
32,4,2,269,   3.3988150106359444E+09,   1.7794505329735912E-17,   1.0880185641326534E-14
32,4,2,270,   3.8550420476409411E+09,   9.6412171743705819E-18,   1.0880185641326534E-14
32,4,2,271,   4.2618397896584487E+09,   5.0307303091089825E-18,   1.0880185641326534E-14
32,4,2,272,   4.6376108088410387E+09,   6.0123220116502854E-18,   1.0880185641326534E-14
32,4,2,273,   5.1425207775389147E+09,   1.2246013622954728E-17,   1.0880185641326534E-14
32,4,2,274,   5.7418355412970057E+09,   1.9798584329759442E-17,   1.0880185641326534E-14
32,4,2,275,   6.4015722752225208E+09,   2.3597141725772678E-17,   1.0880185641326534E-14
32,4,2,276,   7.1143352872719803E+09,   2.8573030241593938E-17,   1.0880185641326534E-14
32,4,2,277,   7.8779491756688347E+09,   2.8379416309204355E-17,   1.0880185641326534E-14
32,4,2,278,   8.6912260000686321E+09,   2.9887279551834068E-17,   1.0880185641326534E-14
32,4,2,279,   9.5545516563630180E+09,   2.9478096091644522E-17,   1.0880185641326534E-14
32,4,2,280,   1.0468124165089151E+10,   2.5192719620697813E-17,   1.0880185641326534E-14
32,4,2,281,   1.1428671773011845E+10,   2.3208359986120243E-17,   1.0880185641326534E-14
32,4,2,282,   1.2432747850001696E+10,   2.5144104070772391E-17,   1.0880185641326534E-14
32,4,2,283,   1.3478850793709463E+10,   2.3198510420005203E-17,   1.0880185641326534E-14
32,4,2,284,   1.4562440212911341E+10,   1.9864167527904820E-17,   1.0880185641326534E-14
32,4,2,285,   1.5688745813279335E+10,   1.5568642484732186E-17,   1.0880185641326534E-14
32,4,2,286,   1.6873391403761049E+10,   1.6035742093852387E-17,   1.0880185641326534E-14
32,4,2,287,   1.8127433016909420E+10,   1.6159847078443631E-17,   1.0880185641326534E-14
32,4,2,288,   1.9464442275820370E+10,   1.3619795976219036E-17,   1.0880185641326534E-14
32,4,2,289,   2.0878644207704426E+10,   1.4137281352432587E-17,   1.0880185641326534E-14
32,4,2,290,   2.2366737219472092E+10,   1.5290575881080689E-17,   1.0880185641326534E-14
32,4,2,291,   2.3911333377176418E+10,   1.2090966156929458E-17,   1.0880185641326534E-14
32,4,2,292,   2.5492108275251385E+10,   1.1004913703341181E-17,   1.0880185641326534E-14
32,4,2,293,   2.7087225878207001E+10,   1.0037349693518976E-17,   1.0880185641326534E-14
32,4,2,294,   2.8721257019156822E+10,   9.9164126961149502E-18,   1.0880185641326534E-14
32,4,2,295,   3.0453017737187580E+10,   8.9269513354052908E-18,   1.0880185641326534E-14
32,4,2,296,   3.2329967003819046E+10,   9.4588568203759998E-18,   1.0880185641326534E-14
32,4,2,297,   3.4328737228227139E+10,   9.6597143862215633E-18,   1.0880185641326534E-14
32,4,2,298,   3.6409442161015564E+10,   8.6387397950366426E-18,   1.0880185641326534E-14
32,4,2,299,   3.8501271286283653E+10,   6.7666023952912182E-18,   1.0880185641326534E-14
32,4,2,300,   4.0537265814335152E+10,   6.6333384113265751E-18,   1.0880185641326534E-14
32,4,2,301,   4.2639083236573929E+10,   7.2978369926289055E-18,   1.0880185641326534E-14
32,4,2,302,   4.4974078790263954E+10,   7.9926441710817993E-18,   1.0880185641326534E-14
32,4,2,303,   4.7487631691994720E+10,   7.1309482259357621E-18,   1.0880185641326534E-14
32,4,2,304,   4.9911425981221466E+10,   4.7997331711150861E-18,   1.0880185641326534E-14
32,4,2,305,   5.1805385523391525E+10,   2.8283339304288755E-18,   1.0880185641326534E-14
32,4,2,306,   5.3834474092662239E+10,   3.4966089659152645E-18,   1.0880185641326534E-14
32,4,2,307,   5.6035211278802734E+10,   3.5178178733183244E-18,   1.0880185641326534E-14
32,4,2,308,   5.8437592436483299E+10,   4.4682371752586738E-18,   1.0880185641326534E-14
32,4,2,309,   6.1443908339226143E+10,   5.1271834212854978E-18,   1.0880185641326534E-14
32,4,2,310,   6.4689401595841179E+10,   5.7037941043931570E-18,   1.0880185641326534E-14
32,4,2,311,   6.7690729422726486E+10,   4.0584588746075504E-18,   1.0880185641326534E-14
32,4,2,312,   7.0627955795087540E+10,   4.5517212541803406E-18,   1.0880185641326534E-14
32,4,2,313,   7.4211876427356110E+10,   5.5360303664240112E-18,   1.0880185641326534E-14
32,4,2,314,   7.8071449820018387E+10,   4.3590352538055049E-18,   1.0880185641326534E-14
32,4,2,315,   8.1442265745156998E+10,   2.8131190229491921E-18,   1.0880185641326534E-14
32,4,2,316,   8.4962265138718338E+10,   3.8239943230952613E-18,   1.0880185641326534E-14
32,4,2,317,   8.9382963721193878E+10,   3.7444237139701928E-18,   1.0880185641326534E-14
32,4,2,318,   9.3531226121853653E+10,   2.6768102610300984E-18,   1.0880185641326534E-14
32,4,2,319,   9.7162750290226273E+10,   2.6771055458818560E-18,   1.0880185641326534E-14
32,4,2,320,   1.0194766387377515E+11,   1.8545149125835617E-18,   1.0880185641326534E-14
32,4,2,321,   1.0394720569470407E+11,   5.7389404221452502E-19,   1.0880185641326534E-14
32,4,2,322,   1.0737909152190976E+11,   1.5393446668572623E-18,   1.0880185641326534E-14
32,4,2,323,   1.1125562976854057E+11,   2.1237827525272567E-18,   1.0880185641326534E-14
32,4,2,324,   1.1702484022228986E+11,   2.2296413881897806E-18,   1.0880185641326534E-14
32,4,2,325,   1.2188447902130995E+11,   1.6750709446366423E-18,   1.0880185641326534E-14
32,4,2,326,   1.2714792601329654E+11,   2.3574966929474789E-18,   1.0880185641326534E-14
32,4,2,327,   1.3359144912570975E+11,   1.8433659981962944E-18,   1.0880185641326534E-14
32,4,2,328,   1.3844798871664539E+11,   2.2685817572323727E-18,   1.0880185641326534E-14
32,4,2,329,   1.4595731423364145E+11,   1.9562509357931019E-18,   1.0880185641326534E-14
32,4,2,330,   1.5099332318593091E+11,   1.8734623481637622E-18,   1.0880185641326534E-14
32,4,2,331,   1.5468169581521530E+11,   3.6061428584300366E-19,   1.0880185641326534E-14
32,4,2,332,   1.5958042326057928E+11,   2.0620212997071887E-18,   1.0880185641326534E-14
32,4,2,333,   1.6509706006520755E+11,   1.9080123846902457E-18,   1.0880185641326534E-14
32,4,2,334,   1.7412034940095911E+11,   1.4168936442341832E-18,   1.0880185641326534E-14
32,4,2,335,   1.8102345992716177E+11,   1.5607200003045417E-18,   1.0880185641326534E-14
32,4,2,336,   1.8929240624306619E+11,   1.1487735609294539E-18,   1.0880185641326534E-14
32,4,2,337,   1.9963008510286746E+11,   1.2660717371480533E-18,   1.0880185641326534E-14
32,4,2,338,   2.0538310446902634E+11,   2.6301538576505454E-19,   1.0880185641326534E-14
32,4,2,339,   2.0729770045106509E+11,   1.1963136388594251E-18,   1.0880185641326534E-14
32,4,2,340,   2.1674999124174695E+11,   9.5614365634621636E-19,   1.0880185641326534E-14
32,4,2,341,   2.2860313351218414E+11,   1.0785257952708511E-18,   1.0880185641326534E-14
32,4,2,342,   2.4076169425058749E+11,   9.2627190115479414E-19,   1.0880185641326534E-14
32,4,2,343,   2.5281312814467462E+11,   8.3980766518390399E-19,   1.0880185641326534E-14
32,4,2,344,   2.5640464896660846E+11,   2.2062706368306837E-19,   1.0880185641326534E-14
32,4,2,345,   2.6518151278964499E+11,   9.2371550239894767E-19,   1.0880185641326534E-14
32,4,2,346,   2.7839771806820972E+11,   8.7670810179551954E-19,   1.0880185641326534E-14
32,4,2,347,   2.9289260396485162E+11,   8.8840397459268131E-19,   1.0880185641326534E-14
32,4,2,348,   3.0733096567422595E+11,   2.1380248617352877E-19,   1.0880185641326534E-14
32,4,2,349,   3.0883941645128534E+11,   8.4408891729691429E-19,   1.0880185641326534E-14
32,4,2,350,   3.2625237572818756E+11,   8.4596447490608516E-19,   1.0880185641326534E-14
32,4,2,351,   3.4549026507419806E+11,   7.8345318904094400E-19,   1.0880185641326534E-14
32,4,2,352,   3.5840025292855042E+11,   2.2064755899815173E-19,   1.0880185641326534E-14
32,4,2,353,   3.6688247045472253E+11,   7.6386965645431725E-19,   1.0880185641326534E-14
32,4,2,354,   3.9092432584681934E+11,   6.1223948350256256E-19,   1.0880185641326534E-14
32,4,2,355,   4.0945761900463110E+11,   2.1730719032794279E-19,   1.0880185641326534E-14
32,4,2,356,   4.1838804517884229E+11,   6.3316951576380977E-19,   1.0880185641326534E-14
32,4,2,357,   4.5046856398855933E+11,   5.2718221181047800E-19,   1.0880185641326534E-14
32,4,2,358,   4.6053290813536566E+11,   2.5459196703117599E-19,   1.0880185641326534E-14
32,4,2,359,   4.8931754948806104E+11,   4.7064010487566641E-19,   1.0880185641326534E-14
32,4,2,360,   5.1161746963121191E+11,   2.4130686729528580E-19,   1.0880185641326534E-14
32,4,2,361,   5.3966828773264679E+11,   3.6284662442751036E-19,   1.0880185641326534E-14
32,4,2,362,   5.6271058278604456E+11,   2.0046504094819857E-19,   1.0880185641326534E-14
32,4,2,363,   6.1380931465476733E+11,   1.8656725680413575E-19,   1.0880185641326534E-14
32,4,2,364,   6.2151241292962488E+11,   3.5116343340935845E-19,   1.0880185641326534E-14
32,4,2,365,   6.6491286530052905E+11,   2.3677684488146902E-19,   1.0880185641326534E-14
32,4,2,366,   7.1601964918164185E+11,   2.4680250351184104E-19,   1.0880185641326534E-14
32,4,2,367,   7.6712925086277185E+11,   2.1390078636735483E-19,   1.0880185641326534E-14
32,4,2,368,   8.1824182869269507E+11,   2.2079655841423429E-19,   1.0880185641326534E-14
32,4,2,369,   8.6936214655359680E+11,   2.2084817372435749E-19,   1.0880185641326534E-14
32,4,2,370,   9.2052414259973413E+11,   2.2804867089149345E-19,   1.0880185641326534E-14
32,4,2,371,   9.7190757281739148E+11,   2.2426134468975037E-19,   1.0880185641326534E-14
32,4,2,372,   1.0241708045549817E+12,   1.8298936805073217E-19,   1.0880185641326534E-14
32,4,2,373,   1.0787998868713073E+12,   2.0032805599128858E-19,   1.0880185641326534E-14
32,4,2,374,   1.1377443127251692E+12,   2.5739181097131051E-19,   1.0880185641326534E-14
32,4,2,375,   1.2026069338250603E+12,   1.9283053254409780E-19,   1.0880185641326534E-14
32,4,2,376,   1.2745204593731531E+12,   1.6252679725202651E-19,   1.0880185641326534E-14
32,4,2,377,   1.3545467303624585E+12,   1.8089372269313021E-19,   1.0880185641326534E-14
32,4,2,378,   1.4440286118051538E+12,   1.6221084177978565E-19,   1.0880185641326534E-14
32,4,2,379,   1.5448724062461528E+12,   1.4246688447938470E-19,   1.0880185641326534E-14
32,4,2,380,   1.6599590255274661E+12,   1.9942331588141354E-19,   1.0880185641326534E-14
32,4,2,381,   1.7940238056658198E+12,   1.3960939840505758E-19,   1.0880185641326534E-14
32,4,2,382,   1.9560583607039856E+12,   1.8315320638488732E-19,   1.0880185641326534E-14
32,4,2,383,   2.1689530628804883E+12,   1.2284449812777406E-19,   1.0880185641326534E-14
