surfaces,degree,parity,index,omega2_s_minus2,relative_residual,mass_orthogonality
8,1,1,1,   9.2573200579716666E+00,   2.7880361123991762E-15,   1.5543122344752192E-15
8,1,1,2,   9.2573203706464788E+00,   1.7439265714587150E-15,   1.5543122344752192E-15
8,1,1,3,   9.2573204311827784E+00,   1.6237355654328599E-15,   1.5543122344752192E-15
8,1,1,4,   9.2573205463896482E+00,   1.8152888065139430E-15,   1.5543122344752192E-15
8,1,1,5,   9.2573206994229746E+00,   1.9551862983103838E-15,   1.5543122344752192E-15
8,1,1,6,   9.2573210374900743E+00,   2.9673906041982757E-15,   1.5543122344752192E-15
8,1,1,7,   9.2573212167674281E+00,   9.2425824329992377E-16,   1.5543122344752192E-15
8,1,1,8,   9.2573232053628427E+00,   1.9032169242704006E-15,   1.5543122344752192E-15
8,1,1,9,   4.4209706413651911E+04,   3.1137810531505899E-15,   1.5543122344752192E-15
8,1,1,10,   4.4209706413996588E+04,   1.3999116486773410E-15,   1.5543122344752192E-15
8,1,1,11,   4.4209706414027845E+04,   8.4021909713256648E-16,   1.5543122344752192E-15
8,1,1,12,   4.4209706414560314E+04,   5.7052764240626523E-16,   1.5543122344752192E-15
8,1,1,13,   4.4209706414701133E+04,   5.0118181434047379E-16,   1.5543122344752192E-15
8,1,1,14,   4.4209706414895016E+04,   6.7463904553210515E-16,   1.5543122344752192E-15
8,1,1,15,   4.4209706415342858E+04,   2.4673130931298077E-15,   1.5543122344752192E-15
8,1,1,16,   2.8095063562446278E+07,   4.9463862468977950E-16,   1.5543122344752192E-15
8,1,1,17,   1.0194734765672290E+08,   5.7917449397079875E-17,   1.5543122344752192E-15
8,1,1,18,   1.9411612326800650E+08,   2.5874959433540264E-17,   1.5543122344752192E-15
8,1,1,19,   3.0723547237385976E+08,   1.4473927893522861E-17,   1.5543122344752192E-15
8,1,1,20,   5.3017331162535405E+08,   1.0219367610849455E-17,   1.5543122344752192E-15
8,1,1,21,   9.2154571556395626E+08,   8.3523125292034080E-18,   1.5543122344752192E-15
8,1,1,22,   1.5714418046090493E+09,   3.6458451730107087E-18,   1.5543122344752192E-15
8,1,1,23,   2.7116143987394667E+09,   3.9020342103341458E-18,   1.5543122344752192E-15
8,1,2,1,   9.2573198485325818E+00,   4.0886974798076623E-15,   1.3322676295501878E-15
8,1,2,2,   9.2573203378447371E+00,   1.7090031919617458E-15,   1.3322676295501878E-15
8,1,2,3,   9.2573203744364800E+00,   9.8332217075638506E-16,   1.3322676295501878E-15
8,1,2,4,   9.2573204661552051E+00,   8.5384421498488584E-16,   1.3322676295501878E-15
8,1,2,5,   9.2573206966724211E+00,   8.4894834793274219E-16,   1.3322676295501878E-15
8,1,2,6,   9.2573211644605014E+00,   1.4832265477633757E-15,   1.3322676295501878E-15
8,1,2,7,   9.2573213526598046E+00,   2.8563883037112136E-15,   1.3322676295501878E-15
8,1,2,8,   9.2573236170945101E+00,   1.4705018280354496E-15,   1.3322676295501878E-15
8,1,2,9,   4.4209706414186665E+04,   9.3662917692957206E-16,   1.3322676295501878E-15
8,1,2,10,   4.4209706414265995E+04,   1.4688805203062139E-16,   1.3322676295501878E-15
8,1,2,11,   4.4209706414362074E+04,   2.0321715481947549E-16,   1.3322676295501878E-15
8,1,2,12,   4.4209706414440268E+04,   1.5447826038857567E-16,   1.3322676295501878E-15
8,1,2,13,   4.4209706414621985E+04,   3.9337090732075375E-16,   1.3322676295501878E-15
8,1,2,14,   4.4209706414764929E+04,   1.3359279747977378E-15,   1.3322676295501878E-15
8,1,2,15,   4.4209706414878368E+04,   1.7949278650060014E-15,   1.3322676295501878E-15
8,1,2,16,   2.8095063562445715E+07,   3.1294725721736261E-16,   1.3322676295501878E-15
8,1,2,17,   1.0194734765672268E+08,   3.9007311018535837E-17,   1.3322676295501878E-15
8,1,2,18,   1.9411612326800710E+08,   2.0234138295910448E-17,   1.3322676295501878E-15
8,1,2,19,   3.0723547237385994E+08,   1.5783944652642051E-17,   1.3322676295501878E-15
8,1,2,20,   5.3017331162535435E+08,   1.3503090495933050E-17,   1.3322676295501878E-15
8,1,2,21,   9.2154571556395662E+08,   5.3255024407007790E-18,   1.3322676295501878E-15
8,1,2,22,   1.5714418046090479E+09,   3.4348481278831532E-18,   1.3322676295501878E-15
8,1,2,23,   2.7116143987394667E+09,   2.7424079149083996E-18,   1.3322676295501878E-15
8,2,1,1,   9.2573063388610208E+00,   2.4483913313175169E-14,   2.6645352591003757E-15
8,2,1,2,   9.2573148399868952E+00,   1.1294721175470123E-14,   2.6645352591003757E-15
8,2,1,3,   9.2573155226138333E+00,   1.3015602070924827E-14,   2.6645352591003757E-15
8,2,1,4,   9.2573155346321645E+00,   1.4372713434151385E-14,   2.6645352591003757E-15
8,2,1,5,   9.2573175435146062E+00,   8.7163377889332088E-15,   2.6645352591003757E-15
8,2,1,6,   9.2573179364930382E+00,   1.1951456294442464E-14,   2.6645352591003757E-15
8,2,1,7,   9.2573182150097129E+00,   5.6079292782636522E-15,   2.6645352591003757E-15
8,2,1,8,   9.2573189045138911E+00,   3.4136222905727320E-15,   2.6645352591003757E-15
8,2,1,9,   9.2573197994366367E+00,   2.2003449177015947E-15,   2.6645352591003757E-15
8,2,1,10,   9.2573203758820259E+00,   1.1720153164997892E-15,   2.6645352591003757E-15
8,2,1,11,   9.2573205922515154E+00,   1.0978446541099462E-15,   2.6645352591003757E-15
8,2,1,12,   9.2573210365366254E+00,   1.1857678618107142E-15,   2.6645352591003757E-15
8,2,1,13,   9.2573215144887424E+00,   2.0285930554528388E-15,   2.6645352591003757E-15
8,2,1,14,   9.2573220919985477E+00,   4.1785773351181136E-15,   2.6645352591003757E-15
8,2,1,15,   9.2573240385975719E+00,   1.1166098746762466E-14,   2.6645352591003757E-15
8,2,1,16,   9.2573260788603946E+00,   1.1299928176100228E-14,   2.6645352591003757E-15
8,2,1,17,   4.4209706408506187E+04,   1.2407406634541105E-14,   2.6645352591003757E-15
8,2,1,18,   4.4209706411684412E+04,   4.1773740829654476E-15,   2.6645352591003757E-15
8,2,1,19,   4.4209706412773492E+04,   1.9598609156300061E-15,   2.6645352591003757E-15
8,2,1,20,   4.4209706412779473E+04,   4.2789462872880750E-15,   2.6645352591003757E-15
8,2,1,21,   4.4209706413000524E+04,   2.0557802019577761E-15,   2.6645352591003757E-15
8,2,1,22,   4.4209706413704254E+04,   5.1119037414538868E-16,   2.6645352591003757E-15
8,2,1,23,   4.4209706414632325E+04,   2.8392492729481307E-16,   2.6645352591003757E-15
8,2,1,24,   4.4209706415101435E+04,   1.0408820950882851E-15,   2.6645352591003757E-15
8,2,1,25,   4.4209706415770568E+04,   3.8143535975867304E-15,   2.6645352591003757E-15
8,2,1,26,   4.4209706415929300E+04,   1.2711897593919952E-15,   2.6645352591003757E-15
8,2,1,27,   4.4209706416131412E+04,   1.8390088697847389E-15,   2.6645352591003757E-15
8,2,1,28,   4.4209706416170069E+04,   2.6224592219905179E-15,   2.6645352591003757E-15
8,2,1,29,   4.4209706416365072E+04,   1.2498050314309493E-15,   2.6645352591003757E-15
8,2,1,30,   4.4209706419231101E+04,   1.2686814556377929E-14,   2.6645352591003757E-15
8,2,1,31,   4.4209706419712980E+04,   5.2677622725239130E-15,   2.6645352591003757E-15
8,2,1,32,   2.8140966008647379E+07,   2.9791869066056084E-15,   2.6645352591003757E-15
8,2,1,33,   1.0231870319149366E+08,   3.0042165113005671E-16,   2.6645352591003757E-15
8,2,1,34,   2.0491818776596847E+08,   1.6746684306368868E-16,   2.6645352591003757E-15
8,2,1,35,   3.3301751758148217E+08,   8.3242479280191154E-17,   2.6645352591003757E-15
8,2,1,36,   4.4743017548027682E+08,   4.1308740505176834E-17,   2.6645352591003757E-15
8,2,1,37,   6.1137094150723350E+08,   3.7849024854320562E-17,   2.6645352591003757E-15
8,2,1,38,   9.0417530342972505E+08,   2.7093064203687117E-17,   2.6645352591003757E-15
8,2,1,39,   1.3050100150922303E+09,   1.5745572078067196E-17,   2.6645352591003757E-15
8,2,1,40,   1.6988706744887106E+09,   9.9008165098240509E-18,   2.6645352591003757E-15
8,2,1,41,   2.4786523964434967E+09,   6.6590334132459976E-18,   2.6645352591003757E-15
8,2,1,42,   3.1180425455477633E+09,   4.7413966233477582E-18,   2.6645352591003757E-15
8,2,1,43,   4.2988612363004770E+09,   3.3541918830400528E-18,   2.6645352591003757E-15
8,2,1,44,   5.8622333346119328E+09,   2.4381959456495839E-18,   2.6645352591003757E-15
8,2,1,45,   7.9693286090087738E+09,   3.4700466342261965E-18,   2.6645352591003757E-15
8,2,1,46,   1.1009261167761879E+10,   1.4042235252308029E-18,   2.6645352591003757E-15
8,2,1,47,   1.5843995895236410E+10,   1.1495679737308945E-18,   2.6645352591003757E-15
8,2,2,1,   9.2573131296897788E+00,   1.4783400125587045E-14,   2.6645352591003757E-15
8,2,2,2,   9.2573156405468406E+00,   1.2935257839115220E-14,   2.6645352591003757E-15
8,2,2,3,   9.2573167034771071E+00,   1.0252993947835203E-14,   2.6645352591003757E-15
8,2,2,4,   9.2573188885968136E+00,   4.3603947274949633E-15,   2.6645352591003757E-15
8,2,2,5,   9.2573201731085106E+00,   1.7067332537625297E-15,   2.6645352591003757E-15
8,2,2,6,   9.2573202307102278E+00,   5.0148445966812868E-16,   2.6645352591003757E-15
8,2,2,7,   9.2573204912517557E+00,   5.1022174548715762E-16,   2.6645352591003757E-15
8,2,2,8,   9.2573205915863799E+00,   2.2230688584473895E-15,   2.6645352591003757E-15
8,2,2,9,   9.2573211691115276E+00,   2.0388424941889604E-15,   2.6645352591003757E-15
8,2,2,10,   9.2573218912493171E+00,   4.3506252916030935E-15,   2.6645352591003757E-15
8,2,2,11,   9.2573222209513659E+00,   5.7879417617738401E-15,   2.6645352591003757E-15
8,2,2,12,   9.2573225053013761E+00,   6.4430702130210162E-15,   2.6645352591003757E-15
8,2,2,13,   9.2573227235172890E+00,   4.8726758962846230E-15,   2.6645352591003757E-15
8,2,2,14,   9.2573230753153570E+00,   5.6485234221645546E-15,   2.6645352591003757E-15
8,2,2,15,   9.2573233697144808E+00,   3.9590232460922051E-15,   2.6645352591003757E-15
8,2,2,16,   9.2573270129195606E+00,   1.8474809685742416E-14,   2.6645352591003757E-15
8,2,2,17,   4.4209706410261279E+04,   1.2117366867717815E-14,   2.6645352591003757E-15
8,2,2,18,   4.4209706412188643E+04,   1.6578581646322439E-15,   2.6645352591003757E-15
8,2,2,19,   4.4209706413984015E+04,   5.9616353871026484E-16,   2.6645352591003757E-15
8,2,2,20,   4.4209706414256179E+04,   2.3716456528011539E-16,   2.6645352591003757E-15
8,2,2,21,   4.4209706414718596E+04,   8.2850919365273481E-16,   2.6645352591003757E-15
8,2,2,22,   4.4209706415170185E+04,   4.9610897102927571E-16,   2.6645352591003757E-15
8,2,2,23,   4.4209706415171961E+04,   1.8953931585367021E-15,   2.6645352591003757E-15
8,2,2,24,   4.4209706415601206E+04,   2.9378967768210799E-15,   2.6645352591003757E-15
8,2,2,25,   4.4209706416553432E+04,   5.4901070464242356E-15,   2.6645352591003757E-15
8,2,2,26,   4.4209706416798610E+04,   2.9157876784829440E-15,   2.6645352591003757E-15
8,2,2,27,   4.4209706417557813E+04,   1.5997683233691009E-15,   2.6645352591003757E-15
8,2,2,28,   4.4209706417560708E+04,   6.9074303654262628E-15,   2.6645352591003757E-15
8,2,2,29,   4.4209706418741676E+04,   4.7249148684908582E-15,   2.6645352591003757E-15
8,2,2,30,   4.4209706418882866E+04,   2.8155515528114982E-15,   2.6645352591003757E-15
8,2,2,31,   4.4209706418976690E+04,   3.9231059579945080E-15,   2.6645352591003757E-15
8,2,2,32,   2.8140966008642547E+07,   2.6263798230781210E-15,   2.6645352591003757E-15
8,2,2,33,   1.0231870319148850E+08,   4.9983895000163003E-16,   2.6645352591003757E-15
8,2,2,34,   2.0491818776596457E+08,   1.0336423759948535E-16,   2.6645352591003757E-15
8,2,2,35,   3.3301751758148193E+08,   5.6206157261068078E-17,   2.6645352591003757E-15
8,2,2,36,   4.4743017548027676E+08,   2.4246998750628473E-17,   2.6645352591003757E-15
8,2,2,37,   6.1137094150723374E+08,   1.7466880287915820E-17,   2.6645352591003757E-15
8,2,2,38,   9.0417530342972505E+08,   1.4730790369977414E-17,   2.6645352591003757E-15
8,2,2,39,   1.3050100150922306E+09,   1.8790764568426849E-17,   2.6645352591003757E-15
8,2,2,40,   1.6988706744887111E+09,   1.1810846715514014E-17,   2.6645352591003757E-15
8,2,2,41,   2.4786523964435024E+09,   9.8185044627377398E-18,   2.6645352591003757E-15
8,2,2,42,   3.1180425455477633E+09,   4.1771610778852265E-18,   2.6645352591003757E-15
8,2,2,43,   4.2988612363004646E+09,   5.3543990605600069E-18,   2.6645352591003757E-15
8,2,2,44,   5.8622333346119270E+09,   2.3800100264611367E-18,   2.6645352591003757E-15
8,2,2,45,   7.9693286090087595E+09,   2.3773388009874958E-18,   2.6645352591003757E-15
8,2,2,46,   1.1009261167761866E+10,   1.5809654217565823E-18,   2.6645352591003757E-15
8,2,2,47,   1.5843995895236427E+10,   1.2790984347723221E-18,   2.6645352591003757E-15
8,3,1,1,   9.2573099284906064E+00,   1.3223465330474958E-14,   3.7747582837255322E-15
8,3,1,2,   9.2573125056139336E+00,   1.1855013801206128E-14,   3.7747582837255322E-15
8,3,1,3,   9.2573126754798540E+00,   7.4007218596626055E-15,   3.7747582837255322E-15
8,3,1,4,   9.2573130993944570E+00,   4.8064375436637009E-15,   3.7747582837255322E-15
8,3,1,5,   9.2573141830958328E+00,   5.7062515773889482E-15,   3.7747582837255322E-15
8,3,1,6,   9.2573159427453593E+00,   3.8699128226142883E-15,   3.7747582837255322E-15
8,3,1,7,   9.2573169403715632E+00,   8.6888287568460456E-15,   3.7747582837255322E-15
8,3,1,8,   9.2573174791135830E+00,   4.4285834117193019E-15,   3.7747582837255322E-15
8,3,1,9,   9.2573182525537518E+00,   2.4236572078068560E-15,   3.7747582837255322E-15
8,3,1,10,   9.2573190298199659E+00,   6.9023732799542946E-15,   3.7747582837255322E-15
8,3,1,11,   9.2573204066287769E+00,   1.1444705756705934E-15,   3.7747582837255322E-15
8,3,1,12,   9.2573204957936923E+00,   3.5831325427211558E-16,   3.7747582837255322E-15
8,3,1,13,   9.2573209314789455E+00,   7.9912333385089782E-16,   3.7747582837255322E-15
8,3,1,14,   9.2573221483148078E+00,   5.4509569532035857E-15,   3.7747582837255322E-15
8,3,1,15,   9.2573238525057828E+00,   3.5718441933309345E-15,   3.7747582837255322E-15
8,3,1,16,   9.2573244685993465E+00,   4.9412806739310292E-15,   3.7747582837255322E-15
8,3,1,17,   9.2573261464636580E+00,   3.9502234406474393E-15,   3.7747582837255322E-15
8,3,1,18,   9.2573270185355359E+00,   6.4011488533520148E-15,   3.7747582837255322E-15
8,3,1,19,   9.2573271531076244E+00,   6.6469195235836354E-15,   3.7747582837255322E-15
8,3,1,20,   9.2573304855579686E+00,   1.1958386958624727E-14,   3.7747582837255322E-15
8,3,1,21,   9.2573310059897587E+00,   7.7130295390071837E-15,   3.7747582837255322E-15
8,3,1,22,   9.2573322078374343E+00,   1.7129913169223840E-14,   3.7747582837255322E-15
8,3,1,23,   9.2573327791811657E+00,   1.0364847753445580E-14,   3.7747582837255322E-15
8,3,1,24,   9.2573340924374765E+00,   2.2852158173786800E-14,   3.7747582837255322E-15
8,3,1,25,   4.4209706389992571E+04,   3.1911196389365719E-14,   3.7747582837255322E-15
8,3,1,26,   4.4209706398458569E+04,   5.9869073703033412E-15,   3.7747582837255322E-15
8,3,1,27,   4.4209706398629452E+04,   1.2391208312441234E-14,   3.7747582837255322E-15
8,3,1,28,   4.4209706399630792E+04,   1.9221344779579439E-14,   3.7747582837255322E-15
8,3,1,29,   4.4209706404685872E+04,   6.0289106483160891E-15,   3.7747582837255322E-15
8,3,1,30,   4.4209706405397963E+04,   4.5109736404025093E-15,   3.7747582837255322E-15
8,3,1,31,   4.4209706405696685E+04,   7.7728531983345019E-15,   3.7747582837255322E-15
8,3,1,32,   4.4209706405754703E+04,   5.7201574322006386E-15,   3.7747582837255322E-15
8,3,1,33,   4.4209706406349294E+04,   1.7174661411903203E-15,   3.7747582837255322E-15
8,3,1,34,   4.4209706406593279E+04,   1.6869865039386557E-14,   3.7747582837255322E-15
8,3,1,35,   4.4209706407851547E+04,   1.3933418101102350E-15,   3.7747582837255322E-15
8,3,1,36,   4.4209706408067192E+04,   1.5558622239174777E-14,   3.7747582837255322E-15
8,3,1,37,   4.4209706413030617E+04,   9.9998242463249819E-16,   3.7747582837255322E-15
8,3,1,38,   4.4209706414014247E+04,   7.5638210587346495E-16,   3.7747582837255322E-15
8,3,1,39,   4.4209706415176544E+04,   9.1738843285948450E-16,   3.7747582837255322E-15
8,3,1,40,   4.4209706415613116E+04,   2.1916159001394495E-16,   3.7747582837255322E-15
8,3,1,41,   4.4209706417679823E+04,   1.0256664526773010E-15,   3.7747582837255322E-15
8,3,1,42,   4.4209706418751128E+04,   4.9621892413455242E-15,   3.7747582837255322E-15
8,3,1,43,   4.4209706424229298E+04,   4.0352892529571708E-15,   3.7747582837255322E-15
8,3,1,44,   4.4209706425352771E+04,   3.7678053144677706E-15,   3.7747582837255322E-15
8,3,1,45,   4.4209706425569471E+04,   5.5117050566524955E-15,   3.7747582837255322E-15
8,3,1,46,   4.4209706425915305E+04,   2.1443356683727993E-15,   3.7747582837255322E-15
8,3,1,47,   4.4209706434285144E+04,   1.2316714139285759E-14,   3.7747582837255322E-15
8,3,1,48,   2.8140922244217221E+07,   2.3336007329678554E-15,   3.7747582837255322E-15
8,3,1,49,   1.0231322102788180E+08,   6.9201938624946857E-16,   3.7747582837255322E-15
8,3,1,50,   2.0497182106347510E+08,   4.7519276110239420E-16,   3.7747582837255322E-15
8,3,1,51,   3.3876370585415322E+08,   1.9800656273105027E-16,   3.7747582837255322E-15
8,3,1,52,   5.0286123826494664E+08,   7.8640307874785241E-17,   3.7747582837255322E-15
8,3,1,53,   6.6970562822486091E+08,   4.3102881613642271E-17,   3.7747582837255322E-15
8,3,1,54,   8.0585524343380713E+08,   2.1792772876111949E-17,   3.7747582837255322E-15
8,3,1,55,   1.0558474954800924E+09,   3.1817302476852212E-17,   3.7747582837255322E-15
8,3,1,56,   1.3933325763499177E+09,   2.3148743335338617E-17,   3.7747582837255322E-15
8,3,1,57,   1.8246944862042751E+09,   1.9934152043642502E-17,   3.7747582837255322E-15
8,3,1,58,   2.3529181478905048E+09,   2.0305067743051399E-17,   3.7747582837255322E-15
8,3,1,59,   3.0275932813385105E+09,   1.1106721960289213E-17,   3.7747582837255322E-15
8,3,1,60,   3.8510763032350707E+09,   9.0266848688686496E-18,   3.7747582837255322E-15
8,3,1,61,   4.8039811197234211E+09,   5.8239762940894071E-18,   3.7747582837255322E-15
8,3,1,62,   5.5492409108499470E+09,   2.5412820046818537E-18,   3.7747582837255322E-15
8,3,1,63,   6.7246033856773491E+09,   5.3913776993485572E-18,   3.7747582837255322E-15
8,3,1,64,   8.8296863794024715E+09,   3.2056666282976737E-18,   3.7747582837255322E-15
8,3,1,65,   1.0477527031902218E+10,   2.2118090519585572E-18,   3.7747582837255322E-15
8,3,1,66,   1.3328210168902534E+10,   3.0234620069576552E-18,   3.7747582837255322E-15
8,3,1,67,   1.5651205098532707E+10,   1.3670708140528965E-18,   3.7747582837255322E-15
8,3,1,68,   2.0738967426726986E+10,   1.7852108142419422E-18,   3.7747582837255322E-15
8,3,1,69,   2.6768821891692284E+10,   2.0797205254319644E-18,   3.7747582837255322E-15
8,3,1,70,   3.4923427821867676E+10,   6.9958291596670121E-19,   3.7747582837255322E-15
8,3,1,71,   4.7499213961695610E+10,   7.5464502066312644E-19,   3.7747582837255322E-15
8,3,2,1,   9.2573053596339037E+00,   2.3509063214760011E-14,   3.3306690738754696E-15
8,3,2,2,   9.2573068129643961E+00,   2.1471577816319357E-14,   3.3306690738754696E-15
8,3,2,3,   9.2573075207358535E+00,   1.5842009997364879E-14,   3.3306690738754696E-15
8,3,2,4,   9.2573086199441956E+00,   1.9333682050819569E-14,   3.3306690738754696E-15
8,3,2,5,   9.2573087983633346E+00,   1.1289279595196189E-14,   3.3306690738754696E-15
8,3,2,6,   9.2573119007107856E+00,   1.7776825683819098E-14,   3.3306690738754696E-15
8,3,2,7,   9.2573172312704752E+00,   5.7813719835218426E-15,   3.3306690738754696E-15
8,3,2,8,   9.2573175148747087E+00,   4.8657008612890121E-15,   3.3306690738754696E-15
8,3,2,9,   9.2573188509857456E+00,   1.4379206440652266E-15,   3.3306690738754696E-15
8,3,2,10,   9.2573198934219327E+00,   1.1462822924597655E-15,   3.3306690738754696E-15
8,3,2,11,   9.2573205061208679E+00,   4.0942080394908602E-16,   3.3306690738754696E-15
8,3,2,12,   9.2573209227581241E+00,   8.2711634617969473E-16,   3.3306690738754696E-15
8,3,2,13,   9.2573221238182537E+00,   1.4398055653725041E-15,   3.3306690738754696E-15
8,3,2,14,   9.2573226414650929E+00,   1.8975473394935915E-15,   3.3306690738754696E-15
8,3,2,15,   9.2573239153358031E+00,   3.3794935937565376E-15,   3.3306690738754696E-15
8,3,2,16,   9.2573271600715827E+00,   7.4592052772214947E-15,   3.3306690738754696E-15
8,3,2,17,   9.2573276211025686E+00,   4.8776797057966612E-15,   3.3306690738754696E-15
8,3,2,18,   9.2573291342275557E+00,   1.4854114263175218E-14,   3.3306690738754696E-15
8,3,2,19,   9.2573294359899574E+00,   1.3206331143521452E-14,   3.3306690738754696E-15
8,3,2,20,   9.2573302554681529E+00,   9.9229261260175781E-15,   3.3306690738754696E-15
8,3,2,21,   9.2573323335287796E+00,   1.0075440149086468E-14,   3.3306690738754696E-15
8,3,2,22,   9.2573337304869519E+00,   9.6268304761773317E-15,   3.3306690738754696E-15
8,3,2,23,   9.2573367976320586E+00,   1.5499528067118321E-14,   3.3306690738754696E-15
8,3,2,24,   9.2573402816981805E+00,   1.7963206182811494E-14,   3.3306690738754696E-15
8,3,2,25,   4.4209706395438545E+04,   1.2099211925674497E-14,   3.3306690738754696E-15
8,3,2,26,   4.4209706398487004E+04,   1.3804082582239919E-14,   3.3306690738754696E-15
8,3,2,27,   4.4209706399128176E+04,   1.2825921864526056E-14,   3.3306690738754696E-15
8,3,2,28,   4.4209706399240808E+04,   1.2315638085223237E-14,   3.3306690738754696E-15
8,3,2,29,   4.4209706403016848E+04,   8.7070426862721233E-15,   3.3306690738754696E-15
8,3,2,30,   4.4209706403854550E+04,   4.6391496906518000E-15,   3.3306690738754696E-15
8,3,2,31,   4.4209706404643432E+04,   8.6826184622104413E-15,   3.3306690738754696E-15
8,3,2,32,   4.4209706406350546E+04,   6.7540168383706266E-15,   3.3306690738754696E-15
8,3,2,33,   4.4209706406434263E+04,   9.2115803526839766E-15,   3.3306690738754696E-15
8,3,2,34,   4.4209706406831923E+04,   6.5127548188214086E-15,   3.3306690738754696E-15
8,3,2,35,   4.4209706407063073E+04,   3.3177397669843486E-15,   3.3306690738754696E-15
8,3,2,36,   4.4209706408822174E+04,   3.2456920715709681E-15,   3.3306690738754696E-15
8,3,2,37,   4.4209706409701757E+04,   8.9014627569793064E-16,   3.3306690738754696E-15
8,3,2,38,   4.4209706410625113E+04,   4.0351441528615957E-15,   3.3306690738754696E-15
8,3,2,39,   4.4209706412792162E+04,   2.3616833433297852E-16,   3.3306690738754696E-15
8,3,2,40,   4.4209706413989959E+04,   3.3012110997132316E-16,   3.3306690738754696E-15
8,3,2,41,   4.4209706414241118E+04,   1.8570336507444872E-16,   3.3306690738754696E-15
8,3,2,42,   4.4209706417283851E+04,   4.2387443644605768E-15,   3.3306690738754696E-15
8,3,2,43,   4.4209706421113748E+04,   3.6161412796118278E-15,   3.3306690738754696E-15
8,3,2,44,   4.4209706421256444E+04,   6.2960922689597344E-15,   3.3306690738754696E-15
8,3,2,45,   4.4209706423759941E+04,   1.1594475391046999E-15,   3.3306690738754696E-15
8,3,2,46,   4.4209706423760443E+04,   3.4163104557643901E-15,   3.3306690738754696E-15
8,3,2,47,   4.4209706429394791E+04,   1.9962101461289211E-14,   3.3306690738754696E-15
8,3,2,48,   2.8140922244205929E+07,   9.0810316860195385E-15,   3.3306690738754696E-15
8,3,2,49,   1.0231322102787520E+08,   8.8413008522414922E-16,   3.3306690738754696E-15
8,3,2,50,   2.0497182106346336E+08,   3.1157495086956177E-16,   3.3306690738754696E-15
8,3,2,51,   3.3876370585415000E+08,   1.3017727764620452E-16,   3.3306690738754696E-15
8,3,2,52,   5.0286123826495254E+08,   5.3989014666040921E-17,   3.3306690738754696E-15
8,3,2,53,   6.6970562822485578E+08,   2.7204887888973872E-17,   3.3306690738754696E-15
8,3,2,54,   8.0585524343380868E+08,   1.8932103121928010E-17,   3.3306690738754696E-15
8,3,2,55,   1.0558474954800831E+09,   2.1034992018081734E-17,   3.3306690738754696E-15
8,3,2,56,   1.3933325763499146E+09,   1.4055866145725767E-17,   3.3306690738754696E-15
8,3,2,57,   1.8246944862042794E+09,   1.5290801662996003E-17,   3.3306690738754696E-15
8,3,2,58,   2.3529181478905067E+09,   1.1694007064901070E-17,   3.3306690738754696E-15
8,3,2,59,   3.0275932813385034E+09,   8.5816784488712608E-18,   3.3306690738754696E-15
8,3,2,60,   3.8510763032350764E+09,   8.9914647817318838E-18,   3.3306690738754696E-15
8,3,2,61,   4.8039811197234211E+09,   5.4752665307937168E-18,   3.3306690738754696E-15
8,3,2,62,   5.5492409108499422E+09,   4.8950418453408860E-18,   3.3306690738754696E-15
8,3,2,63,   6.7246033856773481E+09,   5.8677097397475248E-18,   3.3306690738754696E-15
8,3,2,64,   8.8296863794024773E+09,   3.7547941550444919E-18,   3.3306690738754696E-15
8,3,2,65,   1.0477527031902243E+10,   3.2727132051787730E-18,   3.3306690738754696E-15
8,3,2,66,   1.3328210168902540E+10,   2.5942416040378745E-18,   3.3306690738754696E-15
8,3,2,67,   1.5651205098532703E+10,   1.7120774614888700E-18,   3.3306690738754696E-15
8,3,2,68,   2.0738967426726963E+10,   1.3742216866087513E-18,   3.3306690738754696E-15
8,3,2,69,   2.6768821891692291E+10,   1.2431865167562239E-18,   3.3306690738754696E-15
8,3,2,70,   3.4923427821867661E+10,   9.3125511234203070E-19,   3.3306690738754696E-15
8,3,2,71,   4.7499213961695549E+10,   8.1080519911818368E-19,   3.3306690738754696E-15
8,4,1,1,   9.2572696458896324E+00,   3.1461024152094431E-14,   4.4408920985006262E-15
8,4,1,2,   9.2572883211533927E+00,   2.1540436880800046E-14,   4.4408920985006262E-15
8,4,1,3,   9.2572933008788620E+00,   2.2888757456071852E-14,   4.4408920985006262E-15
8,4,1,4,   9.2572942653009580E+00,   1.1721644397487612E-14,   4.4408920985006262E-15
8,4,1,5,   9.2572986061131672E+00,   1.2358227320555894E-14,   4.4408920985006262E-15
8,4,1,6,   9.2572995409318679E+00,   6.7259246380270291E-15,   4.4408920985006262E-15
8,4,1,7,   9.2573035281978662E+00,   1.2812201934354349E-14,   4.4408920985006262E-15
8,4,1,8,   9.2573067242425111E+00,   5.3626012106569008E-15,   4.4408920985006262E-15
8,4,1,9,   9.2573082170841925E+00,   8.5008430613494962E-15,   4.4408920985006262E-15
8,4,1,10,   9.2573157143968743E+00,   3.1579042516565092E-15,   4.4408920985006262E-15
8,4,1,11,   9.2573168827508887E+00,   1.2380649814594348E-15,   4.4408920985006262E-15
8,4,1,12,   9.2573173597243823E+00,   1.7598855030369937E-15,   4.4408920985006262E-15
8,4,1,13,   9.2573204913930631E+00,   2.4050077743777354E-16,   4.4408920985006262E-15
8,4,1,14,   9.2573226589264319E+00,   5.2374147395109143E-16,   4.4408920985006262E-15
8,4,1,15,   9.2573234169923779E+00,   9.5654450098113819E-16,   4.4408920985006262E-15
8,4,1,16,   9.2573255603734204E+00,   2.4095126904470213E-15,   4.4408920985006262E-15
8,4,1,17,   9.2573264417465726E+00,   2.0784645920547525E-15,   4.4408920985006262E-15
8,4,1,18,   9.2573303902790034E+00,   3.0185350442318329E-15,   4.4408920985006262E-15
8,4,1,19,   9.2573305238019223E+00,   6.8462389583344267E-15,   4.4408920985006262E-15
8,4,1,20,   9.2573317715146786E+00,   7.7163521798138443E-15,   4.4408920985006262E-15
8,4,1,21,   9.2573334165984349E+00,   3.2065537160444013E-14,   4.4408920985006262E-15
8,4,1,22,   9.2573334903943802E+00,   9.4039899829628330E-15,   4.4408920985006262E-15
8,4,1,23,   9.2573344520392684E+00,   7.8272077847744947E-15,   4.4408920985006262E-15
8,4,1,24,   9.2573357773929175E+00,   5.0738699952530277E-15,   4.4408920985006262E-15
8,4,1,25,   9.2573425533873497E+00,   5.5878809124233076E-15,   4.4408920985006262E-15
8,4,1,26,   9.2573459692943008E+00,   1.3772338534106732E-14,   4.4408920985006262E-15
8,4,1,27,   9.2573510093488061E+00,   1.3628738774922726E-14,   4.4408920985006262E-15
8,4,1,28,   9.2573522473573711E+00,   1.9825462594118287E-14,   4.4408920985006262E-15
8,4,1,29,   9.2573538056689078E+00,   1.0226745795902844E-14,   4.4408920985006262E-15
8,4,1,30,   9.2573544937425876E+00,   1.9239079063953143E-14,   4.4408920985006262E-15
8,4,1,31,   9.2573574748712524E+00,   1.1689829095813156E-14,   4.4408920985006262E-15
8,4,1,32,   9.2573655803766677E+00,   3.5098882351399001E-14,   4.4408920985006262E-15
8,4,1,33,   4.4209706387729741E+04,   5.3575113732233412E-15,   4.4408920985006262E-15
8,4,1,34,   4.4209706401526906E+04,   6.5744087364754063E-15,   4.4408920985006262E-15
8,4,1,35,   4.4209706405341560E+04,   1.8801305494091932E-15,   4.4408920985006262E-15
8,4,1,36,   4.4209706406949510E+04,   1.4005474070198002E-15,   4.4408920985006262E-15
8,4,1,37,   4.4209706407307502E+04,   3.4084369051627479E-15,   4.4408920985006262E-15
8,4,1,38,   4.4209706407517209E+04,   5.2333981743646583E-15,   4.4408920985006262E-15
8,4,1,39,   4.4209706408091057E+04,   2.6060227492028679E-15,   4.4408920985006262E-15
8,4,1,40,   4.4209706408203492E+04,   3.6950335624311492E-15,   4.4408920985006262E-15
8,4,1,41,   4.4209706409027276E+04,   2.8284952807387029E-15,   4.4408920985006262E-15
8,4,1,42,   4.4209706411163716E+04,   1.3923135972977482E-15,   4.4408920985006262E-15
8,4,1,43,   4.4209706412423388E+04,   1.0679928459860390E-15,   4.4408920985006262E-15
8,4,1,44,   4.4209706413228261E+04,   7.6056703634977118E-16,   4.4408920985006262E-15
8,4,1,45,   4.4209706414527041E+04,   4.2977606151287102E-17,   4.4408920985006262E-15
8,4,1,46,   4.4209706418033049E+04,   1.8969398534476776E-15,   4.4408920985006262E-15
8,4,1,47,   4.4209706418693080E+04,   4.6225413489963708E-16,   4.4408920985006262E-15
8,4,1,48,   4.4209706421230898E+04,   1.2609577417642224E-15,   4.4408920985006262E-15
8,4,1,49,   4.4209706423395008E+04,   1.4271625514458395E-15,   4.4408920985006262E-15
8,4,1,50,   4.4209706423633375E+04,   2.0914217072931564E-15,   4.4408920985006262E-15
8,4,1,51,   4.4209706426441640E+04,   1.0522157397514195E-14,   4.4408920985006262E-15
8,4,1,52,   4.4209706427872981E+04,   2.5531074470724495E-15,   4.4408920985006262E-15
8,4,1,53,   4.4209706436178407E+04,   8.1990122507749693E-15,   4.4408920985006262E-15
8,4,1,54,   4.4209706437945584E+04,   6.3981536060896001E-15,   4.4408920985006262E-15
8,4,1,55,   4.4209706444879048E+04,   1.5731902214251767E-14,   4.4408920985006262E-15
8,4,1,56,   4.4209706447098484E+04,   1.2315905034468280E-14,   4.4408920985006262E-15
8,4,1,57,   4.4209706447144192E+04,   1.0324516134767415E-14,   4.4408920985006262E-15
8,4,1,58,   4.4209706447541575E+04,   1.3740288821773426E-14,   4.4408920985006262E-15
8,4,1,59,   4.4209706448322737E+04,   8.5032993732455308E-15,   4.4408920985006262E-15
8,4,1,60,   4.4209706448385536E+04,   1.4263999627648836E-15,   4.4408920985006262E-15
8,4,1,61,   4.4209706453390856E+04,   1.7854392753831088E-14,   4.4408920985006262E-15
8,4,1,62,   4.4209706455790940E+04,   1.4934353508536091E-14,   4.4408920985006262E-15
8,4,1,63,   4.4209706463634953E+04,   2.0006568426081740E-14,   4.4408920985006262E-15
8,4,1,64,   2.8140922222183246E+07,   1.1275857044920614E-14,   4.4408920985006262E-15
8,4,1,65,   1.0231315434733702E+08,   2.4433377358682278E-15,   4.4408920985006262E-15
8,4,1,66,   2.0496730916665509E+08,   9.5754431154060293E-16,   4.4408920985006262E-15
8,4,1,67,   3.3871428797992462E+08,   3.3788838039461465E-16,   4.4408920985006262E-15
8,4,1,68,   5.0381241437913650E+08,   1.4966823286302920E-16,   4.4408920985006262E-15
8,4,1,69,   7.0029986698229623E+08,   7.7729650339316374E-17,   4.4408920985006262E-15
8,4,1,70,   9.2127873337813139E+08,   4.0134291270725517E-17,   4.4408920985006262E-15
8,4,1,71,   1.0930807800421939E+09,   1.4744376651576033E-17,   4.4408920985006262E-15
8,4,1,72,   1.2908560911988895E+09,   2.0184020490794116E-17,   4.4408920985006262E-15
8,4,1,73,   1.6262222985893741E+09,   3.0058860852632005E-17,   4.4408920985006262E-15
8,4,1,74,   2.0490056023199828E+09,   2.7943661491436141E-17,   4.4408920985006262E-15
8,4,1,75,   2.5546366278923798E+09,   1.3882316510456454E-17,   4.4408920985006262E-15
8,4,1,76,   3.1374148141536670E+09,   1.6902546716312930E-17,   4.4408920985006262E-15
8,4,1,77,   3.7761829076881819E+09,   1.7138548249093939E-17,   4.4408920985006262E-15
8,4,1,78,   4.5064466276711302E+09,   7.7521356693245415E-18,   4.4408920985006262E-15
8,4,1,79,   5.4354205376517715E+09,   9.3659296877970042E-18,   4.4408920985006262E-15
8,4,1,80,   6.5061650540106306E+09,   4.4547824040557204E-18,   4.4408920985006262E-15
8,4,1,81,   7.6098645544658947E+09,   4.6812727131203087E-18,   4.4408920985006262E-15
8,4,1,82,   9.1859889041584244E+09,   3.9375584776243456E-18,   4.4408920985006262E-15
8,4,1,83,   1.0691763444643797E+10,   2.5564553600257320E-18,   4.4408920985006262E-15
8,4,1,84,   1.2644244031164640E+10,   1.3682040557091487E-18,   4.4408920985006262E-15
8,4,1,85,   1.3746630117346735E+10,   1.2154280210923877E-18,   4.4408920985006262E-15
8,4,1,86,   1.6050102505723997E+10,   1.8592323947060542E-18,   4.4408920985006262E-15
8,4,1,87,   1.9495813761912949E+10,   1.6016718492142985E-18,   4.4408920985006262E-15
8,4,1,88,   2.4495689022457375E+10,   1.6548543156800443E-18,   4.4408920985006262E-15
8,4,1,89,   2.6166737279334484E+10,   1.1596352579058907E-18,   4.4408920985006262E-15
8,4,1,90,   3.4623122995904816E+10,   8.0294455488153304E-19,   4.4408920985006262E-15
8,4,1,91,   3.8752477856302116E+10,   5.9658899501204159E-19,   4.4408920985006262E-15
8,4,1,92,   5.1523891554832664E+10,   6.2124253793826705E-19,   4.4408920985006262E-15
8,4,1,93,   6.5392555386251167E+10,   5.7098715403931722E-19,   4.4408920985006262E-15
8,4,1,94,   8.2989767869121964E+10,   3.9175145887737275E-19,   4.4408920985006262E-15
8,4,1,95,   1.0952650664835942E+11,   5.2435499238800706E-19,   4.4408920985006262E-15
8,4,2,1,   9.2572770609554365E+00,   2.3797391118818583E-14,   5.8841820305133297E-15
8,4,2,2,   9.2572783985970712E+00,   2.1207945489476791E-14,   5.8841820305133297E-15
8,4,2,3,   9.2572852330764590E+00,   1.3510799779130095E-14,   5.8841820305133297E-15
8,4,2,4,   9.2572888288801742E+00,   1.8206920797747251E-14,   5.8841820305133297E-15
8,4,2,5,   9.2572916422043825E+00,   1.1166927684500944E-14,   5.8841820305133297E-15
8,4,2,6,   9.2572935841469324E+00,   1.2828133107577425E-14,   5.8841820305133297E-15
8,4,2,7,   9.2572949178725263E+00,   1.5591523406568624E-14,   5.8841820305133297E-15
8,4,2,8,   9.2572953647650689E+00,   1.9283392214660357E-14,   5.8841820305133297E-15
8,4,2,9,   9.2572975049824784E+00,   9.4576402236653289E-15,   5.8841820305133297E-15
8,4,2,10,   9.2573034348611092E+00,   8.5216536223789190E-15,   5.8841820305133297E-15
8,4,2,11,   9.2573036372921980E+00,   5.0761402302126623E-15,   5.8841820305133297E-15
8,4,2,12,   9.2573079117855617E+00,   5.2231814871895421E-15,   5.8841820305133297E-15
8,4,2,13,   9.2573120515800031E+00,   4.7492313768133063E-15,   5.8841820305133297E-15
8,4,2,14,   9.2573167709675719E+00,   2.2122983919915866E-15,   5.8841820305133297E-15
8,4,2,15,   9.2573196451654276E+00,   9.4414592086575090E-16,   5.8841820305133297E-15
8,4,2,16,   9.2573204619464562E+00,   1.3088028820009731E-16,   5.8841820305133297E-15
8,4,2,17,   9.2573212953902146E+00,   8.0713010112664902E-16,   5.8841820305133297E-15
8,4,2,18,   9.2573224180890286E+00,   1.5863820041342658E-15,   5.8841820305133297E-15
8,4,2,19,   9.2573245319625350E+00,   1.5826454019679836E-15,   5.8841820305133297E-15
8,4,2,20,   9.2573245842775833E+00,   1.8367215212821006E-15,   5.8841820305133297E-15
8,4,2,21,   9.2573251267224244E+00,   2.9827977774168149E-15,   5.8841820305133297E-15
8,4,2,22,   9.2573257042451278E+00,   3.9411739794307400E-15,   5.8841820305133297E-15
8,4,2,23,   9.2573285365581004E+00,   3.9978983162576415E-15,   5.8841820305133297E-15
8,4,2,24,   9.2573317604131571E+00,   4.9877275487873054E-15,   5.8841820305133297E-15
8,4,2,25,   9.2573360538324554E+00,   1.9956931038421718E-14,   5.8841820305133297E-15
8,4,2,26,   9.2573401077169510E+00,   8.5085203530834644E-15,   5.8841820305133297E-15
8,4,2,27,   9.2573442152007548E+00,   1.7591953666880144E-14,   5.8841820305133297E-15
8,4,2,28,   9.2573500498075276E+00,   1.0064963407735473E-14,   5.8841820305133297E-15
8,4,2,29,   9.2573503859967623E+00,   1.5116553733689648E-14,   5.8841820305133297E-15
8,4,2,30,   9.2573530271445605E+00,   9.8230582767284607E-15,   5.8841820305133297E-15
8,4,2,31,   9.2573618502317814E+00,   1.2621588321796082E-14,   5.8841820305133297E-15
8,4,2,32,   9.2573755753760238E+00,   1.5670578879236926E-14,   5.8841820305133297E-15
8,4,2,33,   4.4209706352248490E+04,   2.3375004047998883E-14,   5.8841820305133297E-15
8,4,2,34,   4.4209706378475821E+04,   7.5558218088921469E-15,   5.8841820305133297E-15
8,4,2,35,   4.4209706384175537E+04,   2.3682197527533317E-15,   5.8841820305133297E-15
8,4,2,36,   4.4209706386255180E+04,   5.6981706169945716E-15,   5.8841820305133297E-15
8,4,2,37,   4.4209706386506543E+04,   1.2236526427162915E-14,   5.8841820305133297E-15
8,4,2,38,   4.4209706392794404E+04,   2.7740192917400517E-14,   5.8841820305133297E-15
8,4,2,39,   4.4209706394300032E+04,   2.4020084115480334E-14,   5.8841820305133297E-15
8,4,2,40,   4.4209706395558605E+04,   5.8607227134699149E-15,   5.8841820305133297E-15
8,4,2,41,   4.4209706399554714E+04,   1.2221531108492204E-14,   5.8841820305133297E-15
8,4,2,42,   4.4209706401634437E+04,   1.7021071764677527E-15,   5.8841820305133297E-15
8,4,2,43,   4.4209706402757307E+04,   3.6758742848396604E-15,   5.8841820305133297E-15
8,4,2,44,   4.4209706406457844E+04,   1.4782902150608517E-15,   5.8841820305133297E-15
8,4,2,45,   4.4209706412138752E+04,   3.0468620111467192E-16,   5.8841820305133297E-15
8,4,2,46,   4.4209706413008353E+04,   5.4254551981589498E-16,   5.8841820305133297E-15
8,4,2,47,   4.4209706413887136E+04,   6.0166436748431271E-16,   5.8841820305133297E-15
8,4,2,48,   4.4209706414937144E+04,   1.4508709614165334E-16,   5.8841820305133297E-15
8,4,2,49,   4.4209706415303233E+04,   5.3985954778189820E-16,   5.8841820305133297E-15
8,4,2,50,   4.4209706415325963E+04,   1.0991332597701213E-16,   5.8841820305133297E-15
8,4,2,51,   4.4209706419097012E+04,   1.1151511083215187E-15,   5.8841820305133297E-15
8,4,2,52,   4.4209706419422990E+04,   3.2275270370465860E-15,   5.8841820305133297E-15
8,4,2,53,   4.4209706422307601E+04,   1.2067224430163471E-15,   5.8841820305133297E-15
8,4,2,54,   4.4209706423242125E+04,   9.6603137432676558E-16,   5.8841820305133297E-15
8,4,2,55,   4.4209706426636672E+04,   1.4012145646538562E-15,   5.8841820305133297E-15
8,4,2,56,   4.4209706429208636E+04,   6.9527377321401763E-15,   5.8841820305133297E-15
8,4,2,57,   4.4209706430611041E+04,   2.9870255802395518E-15,   5.8841820305133297E-15
8,4,2,58,   4.4209706431065315E+04,   4.1277398679339097E-15,   5.8841820305133297E-15
8,4,2,59,   4.4209706436899054E+04,   2.4017914241517691E-15,   5.8841820305133297E-15
8,4,2,60,   4.4209706442667135E+04,   3.4239469820107864E-15,   5.8841820305133297E-15
8,4,2,61,   4.4209706450676022E+04,   6.3526739203331407E-15,   5.8841820305133297E-15
8,4,2,62,   4.4209706457504850E+04,   3.6239158593690429E-15,   5.8841820305133297E-15
8,4,2,63,   4.4209706462797432E+04,   1.7136415029353188E-14,   5.8841820305133297E-15
8,4,2,64,   2.8140922222193822E+07,   4.6298710985109913E-15,   5.8841820305133297E-15
8,4,2,65,   1.0231315434735030E+08,   2.0800832121214271E-15,   5.8841820305133297E-15
8,4,2,66,   2.0496730916664430E+08,   7.1386555067120350E-16,   5.8841820305133297E-15
8,4,2,67,   3.3871428797991586E+08,   4.5290611564610480E-16,   5.8841820305133297E-15
8,4,2,68,   5.0381241437913018E+08,   1.3353043267424746E-16,   5.8841820305133297E-15
8,4,2,69,   7.0029986698226428E+08,   6.9813541642758620E-17,   5.8841820305133297E-15
8,4,2,70,   9.2127873337811017E+08,   2.4070095215091699E-17,   5.8841820305133297E-15
8,4,2,71,   1.0930807800421712E+09,   8.4799331830908289E-18,   5.8841820305133297E-15
8,4,2,72,   1.2908560911988816E+09,   1.6707730267597125E-17,   5.8841820305133297E-15
8,4,2,73,   1.6262222985893655E+09,   2.2832495376589799E-17,   5.8841820305133297E-15
8,4,2,74,   2.0490056023200068E+09,   2.0970250396084746E-17,   5.8841820305133297E-15
8,4,2,75,   2.5546366278923903E+09,   1.8331734507157710E-17,   5.8841820305133297E-15
8,4,2,76,   3.1374148141536732E+09,   1.3621599820087145E-17,   5.8841820305133297E-15
8,4,2,77,   3.7761829076881809E+09,   9.0085126028719644E-18,   5.8841820305133297E-15
8,4,2,78,   4.5064466276711302E+09,   8.0006289553134303E-18,   5.8841820305133297E-15
8,4,2,79,   5.4354205376517763E+09,   7.8999615270126904E-18,   5.8841820305133297E-15
8,4,2,80,   6.5061650540106192E+09,   5.4551282753658594E-18,   5.8841820305133297E-15
8,4,2,81,   7.6098645544659090E+09,   4.5407177991001497E-18,   5.8841820305133297E-15
8,4,2,82,   9.1859889041584301E+09,   3.8014763802399777E-18,   5.8841820305133297E-15
8,4,2,83,   1.0691763444643797E+10,   2.6540211161052649E-18,   5.8841820305133297E-15
8,4,2,84,   1.2644244031164654E+10,   1.3803304775189237E-18,   5.8841820305133297E-15
8,4,2,85,   1.3746630117346729E+10,   1.7715322776693743E-18,   5.8841820305133297E-15
8,4,2,86,   1.6050102505723999E+10,   1.7591459528674668E-18,   5.8841820305133297E-15
8,4,2,87,   1.9495813761912960E+10,   1.3058228146966889E-18,   5.8841820305133297E-15
8,4,2,88,   2.4495689022457394E+10,   1.5366038857754546E-18,   5.8841820305133297E-15
8,4,2,89,   2.6166737279334446E+10,   6.5785408628973395E-19,   5.8841820305133297E-15
8,4,2,90,   3.4623122995904831E+10,   8.7761615458412540E-19,   5.8841820305133297E-15
8,4,2,91,   3.8752477856302086E+10,   5.7313412902611346E-19,   5.8841820305133297E-15
8,4,2,92,   5.1523891554832733E+10,   1.2084745910369874E-18,   5.8841820305133297E-15
8,4,2,93,   6.5392555386251068E+10,   5.9283787982092249E-19,   5.8841820305133297E-15
8,4,2,94,   8.2989767869121582E+10,   3.4534335824223618E-19,   5.8841820305133297E-15
8,4,2,95,   1.0952650664835922E+11,   4.3362415806007837E-19,   5.8841820305133297E-15
16,1,1,1,   9.2573172593757356E+00,   8.6394800199517333E-15,   2.4424906541753444E-15
16,1,1,2,   9.2573181299885459E+00,   6.8391515543642850E-15,   2.4424906541753444E-15
16,1,1,3,   9.2573182467074009E+00,   5.9214995154518262E-15,   2.4424906541753444E-15
16,1,1,4,   9.2573186881094340E+00,   4.9967596860461980E-15,   2.4424906541753444E-15
16,1,1,5,   9.2573189787917780E+00,   3.9938142467227327E-15,   2.4424906541753444E-15
16,1,1,6,   9.2573194981202747E+00,   2.9578936769479695E-15,   2.4424906541753444E-15
16,1,1,7,   9.2573201692130862E+00,   1.2305039451185783E-15,   2.4424906541753444E-15
16,1,1,8,   9.2573203539650120E+00,   8.7667348754120286E-16,   2.4424906541753444E-15
16,1,1,9,   9.2573210894135336E+00,   2.1854792898998564E-15,   2.4424906541753444E-15
16,1,1,10,   9.2573216313411439E+00,   3.2738449188801487E-15,   2.4424906541753444E-15
16,1,1,11,   9.2573221655558005E+00,   4.4302388720484456E-15,   2.4424906541753444E-15
16,1,1,12,   9.2573229432875408E+00,   6.6341950080858366E-15,   2.4424906541753444E-15
16,1,1,13,   9.2573241170878369E+00,   5.4877051513460194E-15,   2.4424906541753444E-15
16,1,1,14,   9.2573248615727977E+00,   1.1072636478749593E-14,   2.4424906541753444E-15
16,1,1,15,   9.2573251826197129E+00,   1.1581967485679867E-14,   2.4424906541753444E-15
16,1,1,16,   9.2573268583704156E+00,   1.6024991342028349E-14,   2.4424906541753444E-15
16,1,1,17,   4.4209706409275590E+04,   2.9513350259294506E-15,   2.4424906541753444E-15
16,1,1,18,   4.4209706410407969E+04,   8.0333489438665809E-15,   2.4424906541753444E-15
16,1,1,19,   4.4209706411837862E+04,   2.4441829679293597E-15,   2.4424906541753444E-15
16,1,1,20,   4.4209706411842781E+04,   2.8443976182566149E-15,   2.4424906541753444E-15
16,1,1,21,   4.4209706412320411E+04,   3.3624340951022622E-15,   2.4424906541753444E-15
16,1,1,22,   4.4209706412614760E+04,   3.5937311182236563E-15,   2.4424906541753444E-15
16,1,1,23,   4.4209706412792752E+04,   3.5109987047222984E-15,   2.4424906541753444E-15
16,1,1,24,   4.4209706412923253E+04,   3.6372500408218468E-15,   2.4424906541753444E-15
16,1,1,25,   4.4209706414223001E+04,   3.1538756098944874E-16,   2.4424906541753444E-15
16,1,1,26,   4.4209706415972651E+04,   1.5442646254859799E-15,   2.4424906541753444E-15
16,1,1,27,   4.4209706416130037E+04,   4.6149583337909790E-15,   2.4424906541753444E-15
16,1,1,28,   4.4209706417044858E+04,   2.3308803730853554E-15,   2.4424906541753444E-15
16,1,1,29,   4.4209706418278489E+04,   1.9684583672595433E-15,   2.4424906541753444E-15
16,1,1,30,   4.4209706418333539E+04,   3.4162995818134145E-15,   2.4424906541753444E-15
16,1,1,31,   4.4209706418421243E+04,   1.0726606674594036E-14,   2.4424906541753444E-15
16,1,1,32,   2.8129503988486238E+07,   1.2636804929326020E-15,   2.4424906541753444E-15
16,1,1,33,   1.0233196539601514E+08,   1.4823643414823865E-16,   2.4424906541753444E-15
16,1,1,34,   2.0525359194686323E+08,   7.0559484477494554E-17,   2.4424906541753444E-15
16,1,1,35,   3.3406755682135856E+08,   3.4841833237135055E-17,   2.4424906541753444E-15
16,1,1,36,   4.7573506534824818E+08,   2.4802200096517796E-17,   2.4424906541753444E-15
16,1,1,37,   6.6831837518062365E+08,   2.4237923878043651E-17,   2.4424906541753444E-15
16,1,1,38,   9.5488239803269613E+08,   1.7081023966012043E-17,   2.4424906541753444E-15
16,1,1,39,   1.3456390659420226E+09,   1.3854121236494295E-17,   2.4424906541753444E-15
16,1,1,40,   1.8566071566385972E+09,   1.2782692907753218E-17,   2.4424906541753444E-15
16,1,1,41,   2.5134175201900897E+09,   8.3037226877154156E-18,   2.4424906541753444E-15
16,1,1,42,   3.3524737661072206E+09,   5.4770608696117106E-18,   2.4424906541753444E-15
16,1,1,43,   4.4252859336977606E+09,   5.8733916585868319E-18,   2.4424906541753444E-15
16,1,1,44,   5.8070450153150349E+09,   3.9842348291946726E-18,   2.4424906541753444E-15
16,1,1,45,   7.6156737403694267E+09,   3.4340574998078851E-18,   2.4424906541753444E-15
16,1,1,46,   1.0064056691294630E+10,   3.4413183981505650E-18,   2.4424906541753444E-15
16,1,1,47,   1.3667647490531179E+10,   2.8149892172495493E-18,   2.4424906541753444E-15
16,1,2,1,   9.2573158573896617E+00,   1.2344980579443005E-14,   3.3306690738754696E-15
16,1,2,2,   9.2573178614177305E+00,   6.9790871462973954E-15,   3.3306690738754696E-15
16,1,2,3,   9.2573191613406802E+00,   3.5975760752294705E-15,   3.3306690738754696E-15
16,1,2,4,   9.2573197042647628E+00,   2.2599425869447359E-15,   3.3306690738754696E-15
16,1,2,5,   9.2573200104542952E+00,   1.6835345975688655E-15,   3.3306690738754696E-15
16,1,2,6,   9.2573205824925626E+00,   8.2275316395135204E-16,   3.3306690738754696E-15
16,1,2,7,   9.2573208262867404E+00,   1.7002955741099362E-15,   3.3306690738754696E-15
16,1,2,8,   9.2573213064158217E+00,   1.9154409793376973E-15,   3.3306690738754696E-15
16,1,2,9,   9.2573216910036287E+00,   2.8538891288299462E-15,   3.3306690738754696E-15
16,1,2,10,   9.2573218918848905E+00,   3.7549372608391531E-15,   3.3306690738754696E-15
16,1,2,11,   9.2573219544207124E+00,   4.0457976080810320E-15,   3.3306690738754696E-15
16,1,2,12,   9.2573229680173963E+00,   6.2428491865407828E-15,   3.3306690738754696E-15
16,1,2,13,   9.2573233698673825E+00,   7.3277646960283257E-15,   3.3306690738754696E-15
16,1,2,14,   9.2573238152518140E+00,   8.0768300643841402E-15,   3.3306690738754696E-15
16,1,2,15,   9.2573252182611565E+00,   6.2549527607658876E-15,   3.3306690738754696E-15
16,1,2,16,   9.2573307209615727E+00,   2.6534638418125328E-14,   3.3306690738754696E-15
16,1,2,17,   4.4209706408262122E+04,   1.3934541188618897E-14,   3.3306690738754696E-15
16,1,2,18,   4.4209706411561281E+04,   6.0976669007407578E-15,   3.3306690738754696E-15
16,1,2,19,   4.4209706413268919E+04,   1.3915081487098716E-15,   3.3306690738754696E-15
16,1,2,20,   4.4209706413905536E+04,   8.9376730532115870E-16,   3.3306690738754696E-15
16,1,2,21,   4.4209706413988992E+04,   3.8468368924497156E-16,   3.3306690738754696E-15
16,1,2,22,   4.4209706414333996E+04,   4.0614209058588024E-16,   3.3306690738754696E-15
16,1,2,23,   4.4209706414477529E+04,   1.1358950334112585E-16,   3.3306690738754696E-15
16,1,2,24,   4.4209706415653221E+04,   1.1115585406534347E-15,   3.3306690738754696E-15
16,1,2,25,   4.4209706416164998E+04,   2.0195928483969376E-15,   3.3306690738754696E-15
16,1,2,26,   4.4209706416353270E+04,   1.6462966435374595E-15,   3.3306690738754696E-15
16,1,2,27,   4.4209706416584580E+04,   1.6380538517724314E-15,   3.3306690738754696E-15
16,1,2,28,   4.4209706416845351E+04,   5.3462817457749054E-15,   3.3306690738754696E-15
16,1,2,29,   4.4209706416913614E+04,   1.8932425535680458E-15,   3.3306690738754696E-15
16,1,2,30,   4.4209706417026595E+04,   9.2704649620375152E-15,   3.3306690738754696E-15
16,1,2,31,   4.4209706417080015E+04,   3.8904784902124445E-15,   3.3306690738754696E-15
16,1,2,32,   2.8129503988483377E+07,   1.1813987142196283E-15,   3.3306690738754696E-15
16,1,2,33,   1.0233196539601499E+08,   2.8883269630473557E-16,   3.3306690738754696E-15
16,1,2,34,   2.0525359194686091E+08,   1.2447404576764894E-16,   3.3306690738754696E-15
16,1,2,35,   3.3406755682135582E+08,   4.6255951829771566E-17,   3.3306690738754696E-15
16,1,2,36,   4.7573506534824699E+08,   2.3251771444468743E-17,   3.3306690738754696E-15
16,1,2,37,   6.6831837518062043E+08,   2.1855639874272176E-17,   3.3306690738754696E-15
16,1,2,38,   9.5488239803269410E+08,   1.9255599852666422E-17,   3.3306690738754696E-15
16,1,2,39,   1.3456390659420257E+09,   1.1872473860623492E-17,   3.3306690738754696E-15
16,1,2,40,   1.8566071566386013E+09,   9.9370314932139824E-18,   3.3306690738754696E-15
16,1,2,41,   2.5134175201900907E+09,   5.9378427849477927E-18,   3.3306690738754696E-15
16,1,2,42,   3.3524737661072249E+09,   6.1527757365999380E-18,   3.3306690738754696E-15
16,1,2,43,   4.4252859336977577E+09,   4.8500331969329586E-18,   3.3306690738754696E-15
16,1,2,44,   5.8070450153150349E+09,   3.9745477705678935E-18,   3.3306690738754696E-15
16,1,2,45,   7.6156737403694239E+09,   3.1642960764493864E-18,   3.3306690738754696E-15
16,1,2,46,   1.0064056691294617E+10,   3.9570747093981419E-18,   3.3306690738754696E-15
16,1,2,47,   1.3667647490531189E+10,   3.5473576018987887E-18,   3.3306690738754696E-15
16,2,1,1,   9.2572926640361466E+00,   1.5806976728289274E-14,   3.6637359812630166E-15
16,2,1,2,   9.2572950283650943E+00,   2.4468989748481609E-14,   3.6637359812630166E-15
16,2,1,3,   9.2573047896380807E+00,   1.3014664297521636E-14,   3.6637359812630166E-15
16,2,1,4,   9.2573098138398375E+00,   7.3586419954335710E-15,   3.6637359812630166E-15
16,2,1,5,   9.2573129986538181E+00,   5.0053187922883791E-15,   3.6637359812630166E-15
16,2,1,6,   9.2573142652608684E+00,   6.1123953349873638E-15,   3.6637359812630166E-15
16,2,1,7,   9.2573152083591665E+00,   5.2938049406993970E-15,   3.6637359812630166E-15
16,2,1,8,   9.2573162811451795E+00,   2.8563544482028730E-15,   3.6637359812630166E-15
16,2,1,9,   9.2573173405612650E+00,   4.3657274206227447E-15,   3.6637359812630166E-15
16,2,1,10,   9.2573176460272304E+00,   2.4125115022778319E-15,   3.6637359812630166E-15
16,2,1,11,   9.2573200882846880E+00,   1.0354754190530696E-15,   3.6637359812630166E-15
16,2,1,12,   9.2573204488746210E+00,   4.2062052951239164E-16,   3.6637359812630166E-15
16,2,1,13,   9.2573212706728238E+00,   1.6711526212903588E-15,   3.6637359812630166E-15
16,2,1,14,   9.2573227678058494E+00,   1.8429366306548742E-15,   3.6637359812630166E-15
16,2,1,15,   9.2573233469600744E+00,   2.0385790778784358E-15,   3.6637359812630166E-15
16,2,1,16,   9.2573240975789517E+00,   3.8279352286473123E-15,   3.6637359812630166E-15
16,2,1,17,   9.2573242645991485E+00,   1.5162240253644440E-14,   3.6637359812630166E-15
16,2,1,18,   9.2573256406268651E+00,   3.9633202994359319E-15,   3.6637359812630166E-15
16,2,1,19,   9.2573279417584224E+00,   7.2370434675327664E-15,   3.6637359812630166E-15
16,2,1,20,   9.2573289347214764E+00,   6.7834962799431079E-15,   3.6637359812630166E-15
16,2,1,21,   9.2573361839698229E+00,   1.2842182848739653E-14,   3.6637359812630166E-15
16,2,1,22,   9.2573363943627545E+00,   1.2682535200359404E-14,   3.6637359812630166E-15
16,2,1,23,   9.2573369389174562E+00,   1.0416249773694025E-14,   3.6637359812630166E-15
16,2,1,24,   9.2573411484222490E+00,   1.8952781508435594E-14,   3.6637359812630166E-15
16,2,1,25,   9.2573424163579165E+00,   1.9687841977050796E-14,   3.6637359812630166E-15
16,2,1,26,   9.2573445195200641E+00,   1.4197429670244300E-14,   3.6637359812630166E-15
16,2,1,27,   9.2573450212196331E+00,   2.0592188140079332E-14,   3.6637359812630166E-15
16,2,1,28,   9.2573472618573156E+00,   2.0252783176331099E-14,   3.6637359812630166E-15
16,2,1,29,   9.2573473920884215E+00,   1.6437196056269329E-14,   3.6637359812630166E-15
16,2,1,30,   9.2573492811269045E+00,   2.0228262886899715E-14,   3.6637359812630166E-15
16,2,1,31,   9.2573527020720832E+00,   2.2060361642106237E-14,   3.6637359812630166E-15
16,2,1,32,   9.2573576826409489E+00,   3.0800054161420052E-14,   3.6637359812630166E-15
16,2,1,33,   4.4209706362960984E+04,   1.7608747467731466E-14,   3.6637359812630166E-15
16,2,1,34,   4.4209706388945844E+04,   8.6474210115778277E-15,   3.6637359812630166E-15
16,2,1,35,   4.4209706390559462E+04,   1.5156248021009640E-14,   3.6637359812630166E-15
16,2,1,36,   4.4209706396361107E+04,   5.9375359089628765E-15,   3.6637359812630166E-15
16,2,1,37,   4.4209706398151160E+04,   5.2735134391944241E-15,   3.6637359812630166E-15
16,2,1,38,   4.4209706398808055E+04,   9.0103917945609742E-15,   3.6637359812630166E-15
16,2,1,39,   4.4209706400586692E+04,   6.4246001563637333E-15,   3.6637359812630166E-15
16,2,1,40,   4.4209706401750722E+04,   6.2095842513396635E-15,   3.6637359812630166E-15
16,2,1,41,   4.4209706402738520E+04,   3.0329010415227337E-15,   3.6637359812630166E-15
16,2,1,42,   4.4209706406052872E+04,   3.3896332067317268E-15,   3.6637359812630166E-15
16,2,1,43,   4.4209706406758749E+04,   2.9387907373345941E-15,   3.6637359812630166E-15
16,2,1,44,   4.4209706413180385E+04,   4.1066636949637812E-16,   3.6637359812630166E-15
16,2,1,45,   4.4209706413202701E+04,   1.2349121353662770E-15,   3.6637359812630166E-15
16,2,1,46,   4.4209706413341308E+04,   3.4721278096717544E-16,   3.6637359812630166E-15
16,2,1,47,   4.4209706413565000E+04,   4.2844581803231373E-16,   3.6637359812630166E-15
16,2,1,48,   4.4209706413980894E+04,   5.4583208677049107E-16,   3.6637359812630166E-15
16,2,1,49,   4.4209706416864850E+04,   1.1554883132939201E-15,   3.6637359812630166E-15
16,2,1,50,   4.4209706417573019E+04,   6.0396223844002642E-16,   3.6637359812630166E-15
16,2,1,51,   4.4209706418514288E+04,   3.4934136839645300E-15,   3.6637359812630166E-15
16,2,1,52,   4.4209706420507282E+04,   1.6449283083884240E-15,   3.6637359812630166E-15
16,2,1,53,   4.4209706421228337E+04,   2.9335718573177429E-15,   3.6637359812630166E-15
16,2,1,54,   4.4209706422990595E+04,   1.2714958461814502E-15,   3.6637359812630166E-15
16,2,1,55,   4.4209706425456257E+04,   2.5492165865304764E-15,   3.6637359812630166E-15
16,2,1,56,   4.4209706425727287E+04,   1.9740685177978897E-15,   3.6637359812630166E-15
16,2,1,57,   4.4209706430895123E+04,   8.2236313571231091E-15,   3.6637359812630166E-15
16,2,1,58,   4.4209706436093918E+04,   3.4650194815838159E-15,   3.6637359812630166E-15
16,2,1,59,   4.4209706437109235E+04,   1.5319292174347319E-14,   3.6637359812630166E-15
16,2,1,60,   4.4209706439005182E+04,   4.6158481289108014E-15,   3.6637359812630166E-15
16,2,1,61,   4.4209706439918155E+04,   8.7869398460339134E-15,   3.6637359812630166E-15
16,2,1,62,   4.4209706447146396E+04,   1.4228264361220071E-14,   3.6637359812630166E-15
16,2,1,63,   4.4209706464060539E+04,   5.2530901466940054E-14,   3.6637359812630166E-15
16,2,1,64,   2.8140925012311600E+07,   6.3078033016886710E-15,   3.6637359812630166E-15
16,2,1,65,   1.0231362545901899E+08,   1.3059604718692354E-15,   3.6637359812630166E-15
16,2,1,66,   2.0497653290783340E+08,   6.1314127475696981E-16,   3.6637359812630166E-15
16,2,1,67,   3.3874126433427942E+08,   1.7353674746510437E-16,   3.6637359812630166E-15
16,2,1,68,   5.0311449690118873E+08,   1.2284986388692531E-16,   3.6637359812630166E-15
16,2,1,69,   6.8963939250741673E+08,   5.0082430970550589E-17,   3.6637359812630166E-15
16,2,1,70,   8.6389576936989295E+08,   3.3078287394729649E-17,   3.6637359812630166E-15
16,2,1,71,   1.0658868045837023E+09,   3.5786214285089445E-17,   3.6637359812630166E-15
16,2,1,72,   1.3673686570041068E+09,   3.5657272872506462E-17,   3.6637359812630166E-15
16,2,1,73,   1.7567452255808003E+09,   3.0318085513191291E-17,   3.6637359812630166E-15
16,2,1,74,   2.2261885062157502E+09,   2.3486480804589916E-17,   3.6637359812630166E-15
16,2,1,75,   2.7384916663032999E+09,   1.6538449234072857E-17,   3.6637359812630166E-15
16,2,1,76,   3.2417275836769447E+09,   1.3228153174562255E-17,   3.6637359812630166E-15
16,2,1,77,   3.9098746496416564E+09,   1.3809502361511695E-17,   3.6637359812630166E-15
16,2,1,78,   4.8191271342466002E+09,   9.7440915048543410E-18,   3.6637359812630166E-15
16,2,1,79,   5.6543186457841988E+09,   7.2696825165465416E-18,   3.6637359812630166E-15
16,2,1,80,   6.5351953344083033E+09,   9.4023832631733818E-18,   3.6637359812630166E-15
16,2,1,81,   8.0018852195602627E+09,   6.9510653399388996E-18,   3.6637359812630166E-15
16,2,1,82,   8.9081511246668797E+09,   5.0593070659784782E-18,   3.6637359812630166E-15
16,2,1,83,   1.0878267627760252E+10,   3.3582547778087130E-18,   3.6637359812630166E-15
16,2,1,84,   1.2436002832991985E+10,   4.3738875691462786E-18,   3.6637359812630166E-15
16,2,1,85,   1.4045108717788931E+10,   3.6753260100304724E-18,   3.6637359812630166E-15
16,2,1,86,   1.6571364625482342E+10,   2.3162452291172147E-18,   3.6637359812630166E-15
16,2,1,87,   1.9398162858520565E+10,   2.9251110165499004E-18,   3.6637359812630166E-15
16,2,1,88,   2.2579417901930714E+10,   2.6130866240088696E-18,   3.6637359812630166E-15
16,2,1,89,   2.6268734745761806E+10,   2.2536495689717604E-18,   3.6637359812630166E-15
16,2,1,90,   3.0628815023589489E+10,   1.9204783509149321E-18,   3.6637359812630166E-15
16,2,1,91,   3.5853604135699821E+10,   2.1332308133571043E-18,   3.6637359812630166E-15
16,2,1,92,   4.2213942154560257E+10,   1.9342252375962120E-18,   3.6637359812630166E-15
16,2,1,93,   5.0135235617856956E+10,   1.6058853523096397E-18,   3.6637359812630166E-15
16,2,1,94,   6.0394950651501129E+10,   1.4895475389415179E-18,   3.6637359812630166E-15
16,2,1,95,   7.4901388557844513E+10,   2.1126604273673081E-18,   3.6637359812630166E-15
16,2,2,1,   9.2572856699249861E+00,   1.6219872716570951E-14,   3.9968028886505635E-15
16,2,2,2,   9.2572922788699401E+00,   1.9173008792829462E-14,   3.9968028886505635E-15
16,2,2,3,   9.2572947620043227E+00,   1.8943333157872258E-14,   3.9968028886505635E-15
16,2,2,4,   9.2572996726762771E+00,   2.0637827794894651E-14,   3.9968028886505635E-15
16,2,2,5,   9.2573007856379164E+00,   1.8186927540564465E-14,   3.9968028886505635E-15
16,2,2,6,   9.2573026709197794E+00,   1.3447720258088476E-14,   3.9968028886505635E-15
16,2,2,7,   9.2573032418944390E+00,   1.5354542800035207E-14,   3.9968028886505635E-15
16,2,2,8,   9.2573086363317696E+00,   8.3658537062401944E-15,   3.9968028886505635E-15
16,2,2,9,   9.2573106887903407E+00,   7.9698622137903150E-15,   3.9968028886505635E-15
16,2,2,10,   9.2573153541760096E+00,   4.7641728829478546E-15,   3.9968028886505635E-15
16,2,2,11,   9.2573158940148303E+00,   3.5354396988560540E-15,   3.9968028886505635E-15
16,2,2,12,   9.2573189318851963E+00,   1.5142706518692922E-15,   3.9968028886505635E-15
16,2,2,13,   9.2573196396723638E+00,   1.0025493026481607E-15,   3.9968028886505635E-15
16,2,2,14,   9.2573203138704709E+00,   7.5399899664984362E-16,   3.9968028886505635E-15
16,2,2,15,   9.2573205273754677E+00,   3.7492737754960958E-16,   3.9968028886505635E-15
16,2,2,16,   9.2573205969005823E+00,   5.7830071092112549E-16,   3.9968028886505635E-15
16,2,2,17,   9.2573214555030248E+00,   1.7127034277007996E-15,   3.9968028886505635E-15
16,2,2,18,   9.2573222995890774E+00,   1.5587082083812854E-15,   3.9968028886505635E-15
16,2,2,19,   9.2573233344470243E+00,   2.4131552620193013E-15,   3.9968028886505635E-15
16,2,2,20,   9.2573236141076212E+00,   2.0921305512539266E-15,   3.9968028886505635E-15
16,2,2,21,   9.2573248493991827E+00,   1.2986448028494242E-14,   3.9968028886505635E-15
16,2,2,22,   9.2573269355165078E+00,   3.8587699988390849E-15,   3.9968028886505635E-15
16,2,2,23,   9.2573315536229543E+00,   8.3831559979212106E-15,   3.9968028886505635E-15
16,2,2,24,   9.2573329590723041E+00,   1.3897954161034198E-14,   3.9968028886505635E-15
16,2,2,25,   9.2573338814750716E+00,   1.1405650917250373E-14,   3.9968028886505635E-15
16,2,2,26,   9.2573364470131576E+00,   1.1613917058075535E-14,   3.9968028886505635E-15
16,2,2,27,   9.2573396911762380E+00,   1.3580455682383195E-14,   3.9968028886505635E-15
16,2,2,28,   9.2573408649028384E+00,   1.5209513942546807E-14,   3.9968028886505635E-15
16,2,2,29,   9.2573427161816273E+00,   1.7239150951805280E-14,   3.9968028886505635E-15
16,2,2,30,   9.2573466883774529E+00,   1.7669787910551582E-14,   3.9968028886505635E-15
16,2,2,31,   9.2573487572750803E+00,   2.0315641257896851E-14,   3.9968028886505635E-15
16,2,2,32,   9.2573500279406318E+00,   2.6898528601997933E-14,   3.9968028886505635E-15
16,2,2,33,   4.4209706382319870E+04,   1.4598998831838031E-14,   3.9968028886505635E-15
16,2,2,34,   4.4209706387996615E+04,   3.9937653017030815E-15,   3.9968028886505635E-15
16,2,2,35,   4.4209706389450417E+04,   2.0787187812072067E-15,   3.9968028886505635E-15
16,2,2,36,   4.4209706390994019E+04,   1.1571187562467578E-14,   3.9968028886505635E-15
16,2,2,37,   4.4209706393956039E+04,   3.0249236192461353E-15,   3.9968028886505635E-15
16,2,2,38,   4.4209706397031456E+04,   1.2051277935372626E-14,   3.9968028886505635E-15
16,2,2,39,   4.4209706397598762E+04,   1.2643444499521859E-14,   3.9968028886505635E-15
16,2,2,40,   4.4209706397838483E+04,   4.9135364597986815E-15,   3.9968028886505635E-15
16,2,2,41,   4.4209706398249698E+04,   4.8415700612241783E-15,   3.9968028886505635E-15
16,2,2,42,   4.4209706399493414E+04,   5.6977172052985116E-15,   3.9968028886505635E-15
16,2,2,43,   4.4209706401176751E+04,   3.7242837315674193E-15,   3.9968028886505635E-15
16,2,2,44,   4.4209706401824973E+04,   3.2072180586187198E-14,   3.9968028886505635E-15
16,2,2,45,   4.4209706404445824E+04,   4.1442038314330170E-15,   3.9968028886505635E-15
16,2,2,46,   4.4209706405311714E+04,   3.6179354049810238E-15,   3.9968028886505635E-15
16,2,2,47,   4.4209706406719903E+04,   6.4138203328475604E-15,   3.9968028886505635E-15
16,2,2,48,   4.4209706409454266E+04,   2.2249770115945485E-15,   3.9968028886505635E-15
16,2,2,49,   4.4209706411719009E+04,   2.2972789031909096E-15,   3.9968028886505635E-15
16,2,2,50,   4.4209706414652028E+04,   3.6804529347921368E-16,   3.9968028886505635E-15
16,2,2,51,   4.4209706417799083E+04,   2.8807956773891700E-15,   3.9968028886505635E-15
16,2,2,52,   4.4209706418471978E+04,   2.0145906119953122E-15,   3.9968028886505635E-15
16,2,2,53,   4.4209706420399081E+04,   3.3750550232530768E-15,   3.9968028886505635E-15
16,2,2,54,   4.4209706422352901E+04,   2.0002849993359776E-15,   3.9968028886505635E-15
16,2,2,55,   4.4209706422743548E+04,   6.4506640076496046E-15,   3.9968028886505635E-15
16,2,2,56,   4.4209706424717901E+04,   2.0170686628447430E-15,   3.9968028886505635E-15
16,2,2,57,   4.4209706425514858E+04,   9.1851268024557729E-15,   3.9968028886505635E-15
16,2,2,58,   4.4209706427581150E+04,   3.7805661772396673E-15,   3.9968028886505635E-15
16,2,2,59,   4.4209706430187762E+04,   3.6576176703272204E-15,   3.9968028886505635E-15
16,2,2,60,   4.4209706434234315E+04,   7.7111902685109853E-15,   3.9968028886505635E-15
16,2,2,61,   4.4209706441034978E+04,   1.0473901849755926E-14,   3.9968028886505635E-15
16,2,2,62,   4.4209706453146166E+04,   8.4294596581651265E-15,   3.9968028886505635E-15
16,2,2,63,   4.4209706459760971E+04,   2.0687627860705288E-14,   3.9968028886505635E-15
16,2,2,64,   2.8140925012325842E+07,   2.7562555687103264E-15,   3.9968028886505635E-15
16,2,2,65,   1.0231362545902199E+08,   1.0923810420963663E-15,   3.9968028886505635E-15
16,2,2,66,   2.0497653290781194E+08,   4.0825198248724172E-16,   3.9968028886505635E-15
16,2,2,67,   3.3874126433428246E+08,   1.8266688977730685E-16,   3.9968028886505635E-15
16,2,2,68,   5.0311449690117031E+08,   9.5262834387866175E-17,   3.9968028886505635E-15
16,2,2,69,   6.8963939250743115E+08,   7.3264388180069670E-17,   3.9968028886505635E-15
16,2,2,70,   8.6389576936990333E+08,   3.6380246742498889E-17,   3.9968028886505635E-15
16,2,2,71,   1.0658868045837094E+09,   4.2629143519444513E-17,   3.9968028886505635E-15
16,2,2,72,   1.3673686570041099E+09,   4.0407064123314346E-17,   3.9968028886505635E-15
16,2,2,73,   1.7567452255808077E+09,   2.8642869899309612E-17,   3.9968028886505635E-15
16,2,2,74,   2.2261885062157483E+09,   2.2947074326261069E-17,   3.9968028886505635E-15
16,2,2,75,   2.7384916663033180E+09,   1.7343606508212256E-17,   3.9968028886505635E-15
16,2,2,76,   3.2417275836769447E+09,   1.2385652709339243E-17,   3.9968028886505635E-15
16,2,2,77,   3.9098746496416550E+09,   1.2246755494237825E-17,   3.9968028886505635E-15
16,2,2,78,   4.8191271342465973E+09,   1.1273444751745775E-17,   3.9968028886505635E-15
16,2,2,79,   5.6543186457842093E+09,   7.7181893569809022E-18,   3.9968028886505635E-15
16,2,2,80,   6.5351953344082985E+09,   7.6332118628414915E-18,   3.9968028886505635E-15
16,2,2,81,   8.0018852195602741E+09,   8.1908510870499806E-18,   3.9968028886505635E-15
16,2,2,82,   8.9081511246668739E+09,   6.2679574550037892E-18,   3.9968028886505635E-15
16,2,2,83,   1.0878267627760292E+10,   5.1885855298959089E-18,   3.9968028886505635E-15
16,2,2,84,   1.2436002832992006E+10,   5.9406682125676849E-18,   3.9968028886505635E-15
16,2,2,85,   1.4045108717788969E+10,   3.7533839357356417E-18,   3.9968028886505635E-15
16,2,2,86,   1.6571364625482347E+10,   3.3585109770432004E-18,   3.9968028886505635E-15
16,2,2,87,   1.9398162858520611E+10,   2.7220007742052969E-18,   3.9968028886505635E-15
16,2,2,88,   2.2579417901930733E+10,   2.8379203945966161E-18,   3.9968028886505635E-15
16,2,2,89,   2.6268734745761818E+10,   3.4218096307265296E-18,   3.9968028886505635E-15
16,2,2,90,   3.0628815023589504E+10,   1.9628612743709739E-18,   3.9968028886505635E-15
16,2,2,91,   3.5853604135699890E+10,   2.6276331376080491E-18,   3.9968028886505635E-15
16,2,2,92,   4.2213942154560196E+10,   2.2109943638041489E-18,   3.9968028886505635E-15
16,2,2,93,   5.0135235617857040E+10,   1.6335964547170516E-18,   3.9968028886505635E-15
16,2,2,94,   6.0394950651501099E+10,   9.4693224778125108E-19,   3.9968028886505635E-15
16,2,2,95,   7.4901388557844513E+10,   1.7248622584353897E-18,   3.9968028886505635E-15
16,3,1,1,   9.2572234836493283E+00,   1.9011396837240568E-14,   6.2172489379008766E-15
16,3,1,2,   9.2572294980111618E+00,   2.3594174418164488E-14,   6.2172489379008766E-15
16,3,1,3,   9.2572421079746494E+00,   1.8178885651969544E-14,   6.2172489379008766E-15
16,3,1,4,   9.2572474366757795E+00,   2.2706101504023254E-14,   6.2172489379008766E-15
16,3,1,5,   9.2572480839635887E+00,   1.8151178933456345E-14,   6.2172489379008766E-15
16,3,1,6,   9.2572523102226683E+00,   1.6029262777671654E-14,   6.2172489379008766E-15
16,3,1,7,   9.2572700945010027E+00,   1.2450521639899238E-14,   6.2172489379008766E-15
16,3,1,8,   9.2572724553004733E+00,   1.1101255933475089E-14,   6.2172489379008766E-15
16,3,1,9,   9.2572731418130356E+00,   1.3068948263056375E-14,   6.2172489379008766E-15
16,3,1,10,   9.2572763005570415E+00,   1.0914480710026613E-14,   6.2172489379008766E-15
16,3,1,11,   9.2572816638375865E+00,   1.1285358871029446E-14,   6.2172489379008766E-15
16,3,1,12,   9.2572903184003543E+00,   9.7899883128879384E-15,   6.2172489379008766E-15
16,3,1,13,   9.2572922843888019E+00,   1.0393750242660454E-14,   6.2172489379008766E-15
16,3,1,14,   9.2572925658495464E+00,   7.3182218308083683E-15,   6.2172489379008766E-15
16,3,1,15,   9.2573021809152518E+00,   6.5045132648385003E-15,   6.2172489379008766E-15
16,3,1,16,   9.2573029821058679E+00,   4.4996710316249231E-15,   6.2172489379008766E-15
16,3,1,17,   9.2573117146440165E+00,   1.7062878485340970E-15,   6.2172489379008766E-15
16,3,1,18,   9.2573133404641990E+00,   1.6567858390643956E-15,   6.2172489379008766E-15
16,3,1,19,   9.2573168104729469E+00,   1.6714218299414282E-15,   6.2172489379008766E-15
16,3,1,20,   9.2573204711974775E+00,   1.0326362957136181E-16,   6.2172489379008766E-15
16,3,1,21,   9.2573229574665490E+00,   2.2223433008360422E-15,   6.2172489379008766E-15
16,3,1,22,   9.2573229787018629E+00,   1.0723403905685416E-15,   6.2172489379008766E-15
16,3,1,23,   9.2573306754482925E+00,   3.0958065969856023E-15,   6.2172489379008766E-15
16,3,1,24,   9.2573324771801389E+00,   5.3746549485366147E-15,   6.2172489379008766E-15
16,3,1,25,   9.2573332955668466E+00,   3.8208748455150307E-15,   6.2172489379008766E-15
16,3,1,26,   9.2573372347978342E+00,   6.7073761771303288E-15,   6.2172489379008766E-15
16,3,1,27,   9.2573373645183228E+00,   4.6598841587221466E-15,   6.2172489379008766E-15
16,3,1,28,   9.2573373915405259E+00,   4.8695265336950094E-15,   6.2172489379008766E-15
16,3,1,29,   9.2573386062513521E+00,   5.4887874919604024E-15,   6.2172489379008766E-15
16,3,1,30,   9.2573452535368972E+00,   5.1147189984793797E-15,   6.2172489379008766E-15
16,3,1,31,   9.2573482930982482E+00,   5.9845264418251663E-15,   6.2172489379008766E-15
16,3,1,32,   9.2573501555173614E+00,   8.3446726325617046E-15,   6.2172489379008766E-15
16,3,1,33,   9.2573509166801795E+00,   6.7284069742969496E-15,   6.2172489379008766E-15
16,3,1,34,   9.2573517213174554E+00,   1.0164014454709084E-14,   6.2172489379008766E-15
16,3,1,35,   9.2573518917757784E+00,   1.0338968422609507E-14,   6.2172489379008766E-15
16,3,1,36,   9.2573546343211639E+00,   9.7072305053149887E-15,   6.2172489379008766E-15
16,3,1,37,   9.2573569076611513E+00,   1.4191748114523470E-14,   6.2172489379008766E-15
16,3,1,38,   9.2573578431957095E+00,   7.4074662557675817E-15,   6.2172489379008766E-15
16,3,1,39,   9.2573582065314994E+00,   1.1701447846483591E-14,   6.2172489379008766E-15
16,3,1,40,   9.2573673618339534E+00,   1.0615194179082003E-14,   6.2172489379008766E-15
16,3,1,41,   9.2573761594735196E+00,   1.5144133019388708E-14,   6.2172489379008766E-15
16,3,1,42,   9.2573775073541338E+00,   7.8274504418150472E-15,   6.2172489379008766E-15
16,3,1,43,   9.2573818808832531E+00,   3.4212411860774704E-14,   6.2172489379008766E-15
16,3,1,44,   9.2574083643104377E+00,   1.8540576136295398E-14,   6.2172489379008766E-15
16,3,1,45,   9.2574124951603238E+00,   2.5443423789695677E-14,   6.2172489379008766E-15
16,3,1,46,   9.2574199329318105E+00,   2.2690402569640921E-14,   6.2172489379008766E-15
16,3,1,47,   9.2574277189855163E+00,   2.7500345075850485E-14,   6.2172489379008766E-15
16,3,1,48,   9.2574317490409115E+00,   2.7738937621710552E-14,   6.2172489379008766E-15
16,3,1,49,   4.4209706331481088E+04,   5.7017172644495514E-15,   6.2172489379008766E-15
16,3,1,50,   4.4209706333741065E+04,   1.5553665276192525E-14,   6.2172489379008766E-15
16,3,1,51,   4.4209706357554933E+04,   1.9743843465265541E-14,   6.2172489379008766E-15
16,3,1,52,   4.4209706360956065E+04,   1.1656279914387891E-14,   6.2172489379008766E-15
16,3,1,53,   4.4209706362096025E+04,   1.6590105698052807E-15,   6.2172489379008766E-15
16,3,1,54,   4.4209706362562974E+04,   4.4955772963260468E-15,   6.2172489379008766E-15
16,3,1,55,   4.4209706365865182E+04,   5.8904931259621841E-15,   6.2172489379008766E-15
16,3,1,56,   4.4209706374367466E+04,   1.6458980318774609E-15,   6.2172489379008766E-15
16,3,1,57,   4.4209706375629095E+04,   5.3260772573844517E-15,   6.2172489379008766E-15
16,3,1,58,   4.4209706382016615E+04,   8.5644182212691573E-15,   6.2172489379008766E-15
16,3,1,59,   4.4209706382780263E+04,   3.9856686900753175E-15,   6.2172489379008766E-15
16,3,1,60,   4.4209706383343422E+04,   7.4492255723189700E-15,   6.2172489379008766E-15
16,3,1,61,   4.4209706389337487E+04,   9.3158761423366795E-15,   6.2172489379008766E-15
16,3,1,62,   4.4209706391461485E+04,   2.6744440034953454E-15,   6.2172489379008766E-15
16,3,1,63,   4.4209706393697612E+04,   7.8273989335381937E-15,   6.2172489379008766E-15
16,3,1,64,   4.4209706393910797E+04,   1.9555391413654748E-15,   6.2172489379008766E-15
16,3,1,65,   4.4209706395241985E+04,   2.8357955446058690E-15,   6.2172489379008766E-15
16,3,1,66,   4.4209706404925360E+04,   2.8176120187998381E-15,   6.2172489379008766E-15
16,3,1,67,   4.4209706406025922E+04,   1.0121281250993001E-15,   6.2172489379008766E-15
16,3,1,68,   4.4209706409302307E+04,   1.3554380965424334E-15,   6.2172489379008766E-15
16,3,1,69,   4.4209706409802056E+04,   7.0319400198646660E-16,   6.2172489379008766E-15
16,3,1,70,   4.4209706410082988E+04,   8.6722407647804941E-16,   6.2172489379008766E-15
16,3,1,71,   4.4209706413525702E+04,   1.2065205241831961E-16,   6.2172489379008766E-15
16,3,1,72,   4.4209706415072185E+04,   9.9598252909598707E-17,   6.2172489379008766E-15
16,3,1,73,   4.4209706415104534E+04,   5.3718113657971287E-16,   6.2172489379008766E-15
16,3,1,74,   4.4209706421640978E+04,   6.6220436194940309E-16,   6.2172489379008766E-15
16,3,1,75,   4.4209706423488758E+04,   2.0387476663312502E-16,   6.2172489379008766E-15
16,3,1,76,   4.4209706424082455E+04,   6.7304241311208343E-16,   6.2172489379008766E-15
16,3,1,77,   4.4209706426615550E+04,   1.5476856177453282E-15,   6.2172489379008766E-15
16,3,1,78,   4.4209706427321784E+04,   5.5861399634818045E-15,   6.2172489379008766E-15
16,3,1,79,   4.4209706429597609E+04,   1.4642933142339736E-15,   6.2172489379008766E-15
16,3,1,80,   4.4209706430911923E+04,   5.1427799297033082E-15,   6.2172489379008766E-15
16,3,1,81,   4.4209706431783954E+04,   5.9105331222369694E-16,   6.2172489379008766E-15
16,3,1,82,   4.4209706442102732E+04,   2.1848677505694416E-15,   6.2172489379008766E-15
16,3,1,83,   4.4209706443726682E+04,   1.6247062539079923E-15,   6.2172489379008766E-15
16,3,1,84,   4.4209706445532502E+04,   5.4360634124780831E-15,   6.2172489379008766E-15
16,3,1,85,   4.4209706445925403E+04,   7.1920072155959036E-15,   6.2172489379008766E-15
16,3,1,86,   4.4209706447027434E+04,   3.6858873464557427E-15,   6.2172489379008766E-15
16,3,1,87,   4.4209706452136401E+04,   1.8651300515141820E-14,   6.2172489379008766E-15
16,3,1,88,   4.4209706453718121E+04,   1.2364652729084161E-14,   6.2172489379008766E-15
16,3,1,89,   4.4209706453799910E+04,   2.9606947174373466E-15,   6.2172489379008766E-15
16,3,1,90,   4.4209706459843146E+04,   3.8190724925522146E-15,   6.2172489379008766E-15
16,3,1,91,   4.4209706461559661E+04,   5.3761900767401833E-15,   6.2172489379008766E-15
16,3,1,92,   4.4209706471624617E+04,   2.2944540025823418E-15,   6.2172489379008766E-15
16,3,1,93,   4.4209706477913081E+04,   8.7066195731628837E-15,   6.2172489379008766E-15
16,3,1,94,   4.4209706478450302E+04,   3.3166663067247183E-15,   6.2172489379008766E-15
16,3,1,95,   4.4209706504565336E+04,   3.7067792418306047E-14,   6.2172489379008766E-15
16,3,1,96,   2.8140922222574208E+07,   1.1150814668518278E-14,   6.2172489379008766E-15
16,3,1,97,   1.0231315538237076E+08,   2.5456618577356936E-15,   6.2172489379008766E-15
16,3,1,98,   2.0496737025978026E+08,   1.6131812747583505E-15,   6.2172489379008766E-15
16,3,1,99,   3.3871452015571457E+08,   5.8877563347440491E-16,   6.2172489379008766E-15
16,3,1,100,   5.0379876517063886E+08,   4.1485630102593912E-16,   6.2172489379008766E-15
16,3,1,101,   7.0030324882651544E+08,   2.3023911713805936E-16,   6.2172489379008766E-15
16,3,1,102,   9.2769323255280626E+08,   8.2865185111136692E-17,   6.2172489379008766E-15
16,3,1,103,   1.1782272591620443E+09,   6.0013565401322187E-17,   6.2172489379008766E-15
16,3,1,104,   1.4041472138313422E+09,   2.1615682889245428E-17,   6.2172489379008766E-15
16,3,1,105,   1.6265509460115628E+09,   2.9692220444667256E-17,   6.2172489379008766E-15
16,3,1,106,   1.9628472396524961E+09,   4.8396340278278469E-17,   6.2172489379008766E-15
16,3,1,107,   2.3752874394957952E+09,   4.9136843207528770E-17,   6.2172489379008766E-15
16,3,1,108,   2.8435744299151011E+09,   3.7174494600461691E-17,   6.2172489379008766E-15
16,3,1,109,   3.3812122983737578E+09,   2.7590501220666982E-17,   6.2172489379008766E-15
16,3,1,110,   3.9960662822961187E+09,   2.3577290437870884E-17,   6.2172489379008766E-15
16,3,1,111,   4.6666691148142290E+09,   2.2956900168183159E-17,   6.2172489379008766E-15
16,3,1,112,   5.4308869538882246E+09,   1.9322939021484314E-17,   6.2172489379008766E-15
16,3,1,113,   6.2843022355797491E+09,   1.5949751326193262E-17,   6.2172489379008766E-15
16,3,1,114,   7.2153383127694759E+09,   1.4710948227724301E-17,   6.2172489379008766E-15
16,3,1,115,   8.2623083770676088E+09,   1.2740631719821244E-17,   6.2172489379008766E-15
16,3,1,116,   9.3691572012071934E+09,   1.1397359485179493E-17,   6.2172489379008766E-15
16,3,1,117,   1.0392113866935648E+10,   6.6959126993909078E-18,   6.2172489379008766E-15
16,3,1,118,   1.1344897865777433E+10,   5.7692329251533297E-18,   6.2172489379008766E-15
16,3,1,119,   1.2658894669389965E+10,   6.7629364585306588E-18,   6.2172489379008766E-15
16,3,1,120,   1.4293502927341511E+10,   6.8218441291020024E-18,   6.2172489379008766E-15
16,3,1,121,   1.6173347983176271E+10,   5.7139160522380640E-18,   6.2172489379008766E-15
16,3,1,122,   1.8304314209906742E+10,   5.2036262487451092E-18,   6.2172489379008766E-15
16,3,1,123,   2.0382887268727543E+10,   2.7515253554768987E-18,   6.2172489379008766E-15
16,3,1,124,   2.1515537211317219E+10,   2.5841163877127595E-18,   6.2172489379008766E-15
16,3,1,125,   2.4079874328885212E+10,   3.8340685564975611E-18,   6.2172489379008766E-15
16,3,1,126,   2.7523227405773384E+10,   3.6234002807461656E-18,   6.2172489379008766E-15
16,3,1,127,   3.0721926534620384E+10,   1.3834815464946540E-18,   6.2172489379008766E-15
16,3,1,128,   3.2242171092943058E+10,   2.8368924337147053E-18,   6.2172489379008766E-15
16,3,1,129,   3.7488643490383995E+10,   2.7059654631795459E-18,   6.2172489379008766E-15
16,3,1,130,   4.1015742643980835E+10,   1.3511641173352086E-18,   6.2172489379008766E-15
16,3,1,131,   4.5293822834294411E+10,   2.9443807419393843E-18,   6.2172489379008766E-15
16,3,1,132,   5.1070334958367744E+10,   8.8716028780028685E-19,   6.2172489379008766E-15
16,3,1,133,   5.8773465729935326E+10,   1.6583748481199097E-18,   6.2172489379008766E-15
16,3,1,134,   6.1375895973165733E+10,   8.3906232583041495E-19,   6.2172489379008766E-15
16,3,1,135,   7.1309381217293503E+10,   1.1476332241710212E-18,   6.2172489379008766E-15
16,3,1,136,   8.1557260010061340E+10,   9.9658788225725484E-19,   6.2172489379008766E-15
16,3,1,137,   9.2329267726856613E+10,   9.9528876806069513E-19,   6.2172489379008766E-15
16,3,1,138,   1.0431389276456572E+11,   8.5235876662378189E-19,   6.2172489379008766E-15
16,3,1,139,   1.1832020200730884E+11,   7.3128460973086889E-19,   6.2172489379008766E-15
16,3,1,140,   1.3516275706131581E+11,   7.0318155224736990E-19,   6.2172489379008766E-15
16,3,1,141,   1.5591524774502802E+11,   5.5462202948910887E-19,   6.2172489379008766E-15
16,3,1,142,   1.8248403699726483E+11,   4.7516872597870696E-19,   6.2172489379008766E-15
16,3,1,143,   2.1956945748125601E+11,   5.4276582975147332E-19,   6.2172489379008766E-15
16,3,2,1,   9.2572254800438216E+00,   3.7651963498947974E-14,   7.3274719625260332E-15
16,3,2,2,   9.2572330700405914E+00,   3.2567989996674764E-14,   7.3274719625260332E-15
16,3,2,3,   9.2572408218093241E+00,   2.5656213405900526E-14,   7.3274719625260332E-15
16,3,2,4,   9.2572496413191967E+00,   1.8159756401860284E-14,   7.3274719625260332E-15
16,3,2,5,   9.2572547719055915E+00,   1.9755846820759136E-14,   7.3274719625260332E-15
16,3,2,6,   9.2572566215598773E+00,   1.8773035601649844E-14,   7.3274719625260332E-15
16,3,2,7,   9.2572610267237483E+00,   1.7005902820209794E-14,   7.3274719625260332E-15
16,3,2,8,   9.2572769103708854E+00,   1.0840274443700501E-14,   7.3274719625260332E-15
16,3,2,9,   9.2572776611447019E+00,   1.0455939367716916E-14,   7.3274719625260332E-15
16,3,2,10,   9.2572780820298348E+00,   1.5857299372885369E-14,   7.3274719625260332E-15
16,3,2,11,   9.2572809242899599E+00,   8.4874447963255045E-15,   7.3274719625260332E-15
16,3,2,12,   9.2572834082535831E+00,   1.0119005236078768E-14,   7.3274719625260332E-15
16,3,2,13,   9.2572864877900773E+00,   8.2110853779852626E-15,   7.3274719625260332E-15
16,3,2,14,   9.2572884081621805E+00,   9.6881126755405471E-15,   7.3274719625260332E-15
16,3,2,15,   9.2572949292013682E+00,   7.8381940961858194E-15,   7.3274719625260332E-15
16,3,2,16,   9.2572950898081405E+00,   6.5150947256232789E-15,   7.3274719625260332E-15
16,3,2,17,   9.2573037457276026E+00,   5.1050562709201629E-15,   7.3274719625260332E-15
16,3,2,18,   9.2573042981870390E+00,   3.7179091312060869E-15,   7.3274719625260332E-15
16,3,2,19,   9.2573051553819674E+00,   5.7862709179155304E-15,   7.3274719625260332E-15
16,3,2,20,   9.2573062724834720E+00,   3.4017236350750291E-15,   7.3274719625260332E-15
16,3,2,21,   9.2573067436119185E+00,   2.8848676874028726E-15,   7.3274719625260332E-15
16,3,2,22,   9.2573136452173035E+00,   1.7683112699523580E-15,   7.3274719625260332E-15
16,3,2,23,   9.2573204721857714E+00,   1.0550984964481818E-16,   7.3274719625260332E-15
16,3,2,24,   9.2573216323719798E+00,   4.9887775718101664E-16,   7.3274719625260332E-15
16,3,2,25,   9.2573259502460683E+00,   2.7843748132933884E-15,   7.3274719625260332E-15
16,3,2,26,   9.2573293163149089E+00,   1.9227782688177740E-15,   7.3274719625260332E-15
16,3,2,27,   9.2573293483207273E+00,   1.7941910933088197E-15,   7.3274719625260332E-15
16,3,2,28,   9.2573303654644832E+00,   8.4702019869342963E-15,   7.3274719625260332E-15
16,3,2,29,   9.2573339485313095E+00,   5.7253311035944219E-15,   7.3274719625260332E-15
16,3,2,30,   9.2573342029039694E+00,   3.5880957050984349E-15,   7.3274719625260332E-15
16,3,2,31,   9.2573372790806499E+00,   4.4802190859099379E-15,   7.3274719625260332E-15
16,3,2,32,   9.2573439822313475E+00,   4.8530423876923823E-15,   7.3274719625260332E-15
16,3,2,33,   9.2573458484719939E+00,   6.0630333616278606E-15,   7.3274719625260332E-15
16,3,2,34,   9.2573471392919586E+00,   5.1505037079487286E-15,   7.3274719625260332E-15
16,3,2,35,   9.2573489820093755E+00,   6.9984814825431564E-15,   7.3274719625260332E-15
16,3,2,36,   9.2573501609276967E+00,   8.8402725110794330E-15,   7.3274719625260332E-15
16,3,2,37,   9.2573563382397630E+00,   1.3042677915554880E-14,   7.3274719625260332E-15
16,3,2,38,   9.2573601215779870E+00,   9.3519056424813100E-15,   7.3274719625260332E-15
16,3,2,39,   9.2573649396531650E+00,   1.2375778149155590E-14,   7.3274719625260332E-15
16,3,2,40,   9.2573661409257593E+00,   7.7362950115708792E-15,   7.3274719625260332E-15
16,3,2,41,   9.2573663384935827E+00,   8.9675364695255952E-15,   7.3274719625260332E-15
16,3,2,42,   9.2573701937914734E+00,   1.0514887604461746E-14,   7.3274719625260332E-15
16,3,2,43,   9.2573737476426388E+00,   1.6709333752676820E-14,   7.3274719625260332E-15
16,3,2,44,   9.2573864157572139E+00,   1.5751742703614700E-14,   7.3274719625260332E-15
16,3,2,45,   9.2574005339711061E+00,   2.0173894105333833E-14,   7.3274719625260332E-15
16,3,2,46,   9.2574029001513978E+00,   2.7348195866439725E-14,   7.3274719625260332E-15
16,3,2,47,   9.2574452526318449E+00,   7.0190716836224328E-14,   7.3274719625260332E-15
16,3,2,48,   9.2574513189282470E+00,   3.1323379303202542E-14,   7.3274719625260332E-15
16,3,2,49,   4.4209706311399685E+04,   1.0461350708027640E-14,   7.3274719625260332E-15
16,3,2,50,   4.4209706321348189E+04,   4.1121503105153868E-15,   7.3274719625260332E-15
16,3,2,51,   4.4209706323080965E+04,   4.2314477302093987E-14,   7.3274719625260332E-15
16,3,2,52,   4.4209706332906775E+04,   4.4088051549343061E-15,   7.3274719625260332E-15
16,3,2,53,   4.4209706336284937E+04,   7.6779962719828062E-15,   7.3274719625260332E-15
16,3,2,54,   4.4209706339114775E+04,   6.0941376069889082E-15,   7.3274719625260332E-15
16,3,2,55,   4.4209706374202098E+04,   2.1634425519784255E-15,   7.3274719625260332E-15
16,3,2,56,   4.4209706377261195E+04,   8.5112121024892673E-15,   7.3274719625260332E-15
16,3,2,57,   4.4209706381154974E+04,   2.2026355666468416E-15,   7.3274719625260332E-15
16,3,2,58,   4.4209706385902195E+04,   2.6360444159110891E-15,   7.3274719625260332E-15
16,3,2,59,   4.4209706391260108E+04,   2.6941403070961083E-15,   7.3274719625260332E-15
16,3,2,60,   4.4209706393302586E+04,   3.0640049841328872E-15,   7.3274719625260332E-15
16,3,2,61,   4.4209706398533970E+04,   1.9818690666964160E-15,   7.3274719625260332E-15
16,3,2,62,   4.4209706400060655E+04,   4.9291628555486544E-15,   7.3274719625260332E-15
16,3,2,63,   4.4209706401034171E+04,   7.6625655159410377E-16,   7.3274719625260332E-15
16,3,2,64,   4.4209706404879689E+04,   4.0364562529968857E-15,   7.3274719625260332E-15
16,3,2,65,   4.4209706409223261E+04,   9.5485462668298591E-16,   7.3274719625260332E-15
16,3,2,66,   4.4209706410164988E+04,   2.6443799416320606E-16,   7.3274719625260332E-15
16,3,2,67,   4.4209706410443592E+04,   2.0722386299348560E-15,   7.3274719625260332E-15
16,3,2,68,   4.4209706411274114E+04,   2.9138001162746981E-16,   7.3274719625260332E-15
16,3,2,69,   4.4209706411880274E+04,   2.8396320616724376E-16,   7.3274719625260332E-15
16,3,2,70,   4.4209706413072301E+04,   6.3506494475505584E-16,   7.3274719625260332E-15
16,3,2,71,   4.4209706413655629E+04,   4.8871167352765163E-17,   7.3274719625260332E-15
16,3,2,72,   4.4209706417798792E+04,   7.4320269461087635E-16,   7.3274719625260332E-15
16,3,2,73,   4.4209706419698938E+04,   3.0702677258686391E-16,   7.3274719625260332E-15
16,3,2,74,   4.4209706424655975E+04,   2.6801699121892854E-15,   7.3274719625260332E-15
16,3,2,75,   4.4209706426328870E+04,   7.7968489781650814E-16,   7.3274719625260332E-15
16,3,2,76,   4.4209706427544588E+04,   2.3271189757833933E-15,   7.3274719625260332E-15
16,3,2,77,   4.4209706428684796E+04,   9.5167009839667622E-16,   7.3274719625260332E-15
16,3,2,78,   4.4209706429956379E+04,   1.9971524989302132E-15,   7.3274719625260332E-15
16,3,2,79,   4.4209706434929831E+04,   1.3360974824036121E-15,   7.3274719625260332E-15
16,3,2,80,   4.4209706436005094E+04,   2.1528431030573483E-15,   7.3274719625260332E-15
16,3,2,81,   4.4209706437160734E+04,   2.2050233851043468E-15,   7.3274719625260332E-15
16,3,2,82,   4.4209706437643676E+04,   2.9091589742619815E-15,   7.3274719625260332E-15
16,3,2,83,   4.4209706438418878E+04,   9.7360736839504665E-16,   7.3274719625260332E-15
16,3,2,84,   4.4209706443480056E+04,   1.4660126138133148E-15,   7.3274719625260332E-15
16,3,2,85,   4.4209706449787802E+04,   1.5275664215922766E-14,   7.3274719625260332E-15
16,3,2,86,   4.4209706451892453E+04,   6.5538612745744002E-15,   7.3274719625260332E-15
16,3,2,87,   4.4209706452776125E+04,   7.2703381313385037E-15,   7.3274719625260332E-15
16,3,2,88,   4.4209706452981969E+04,   7.0650605112117231E-15,   7.3274719625260332E-15
16,3,2,89,   4.4209706454164931E+04,   3.5076256776910934E-15,   7.3274719625260332E-15
16,3,2,90,   4.4209706459351000E+04,   2.7303708021591641E-15,   7.3274719625260332E-15
16,3,2,91,   4.4209706464058545E+04,   5.0483603109174805E-15,   7.3274719625260332E-15
16,3,2,92,   4.4209706465785399E+04,   2.9877396301043183E-14,   7.3274719625260332E-15
16,3,2,93,   4.4209706467226657E+04,   5.2275528096382148E-15,   7.3274719625260332E-15
16,3,2,94,   4.4209706477642649E+04,   2.1478245100548429E-14,   7.3274719625260332E-15
16,3,2,95,   4.4209706498603213E+04,   1.1721265400288686E-14,   7.3274719625260332E-15
16,3,2,96,   2.8140922222540643E+07,   2.8666180047047286E-15,   7.3274719625260332E-15
16,3,2,97,   1.0231315538233788E+08,   1.0068381341357064E-15,   7.3274719625260332E-15
16,3,2,98,   2.0496737025966939E+08,   9.0050245694315540E-16,   7.3274719625260332E-15
16,3,2,99,   3.3871452015561330E+08,   6.1419789444918920E-16,   7.3274719625260332E-15
16,3,2,100,   5.0379876517060632E+08,   2.3011013187009721E-16,   7.3274719625260332E-15
16,3,2,101,   7.0030324882645690E+08,   1.4025137291419895E-16,   7.3274719625260332E-15
16,3,2,102,   9.2769323255281734E+08,   1.1487574990714597E-16,   7.3274719625260332E-15
16,3,2,103,   1.1782272591620226E+09,   3.8059799989064023E-17,   7.3274719625260332E-15
16,3,2,104,   1.4041472138313301E+09,   1.3121510385933168E-17,   7.3274719625260332E-15
16,3,2,105,   1.6265509460115380E+09,   2.0631608537641531E-17,   7.3274719625260332E-15
16,3,2,106,   1.9628472396524668E+09,   3.5911097107368496E-17,   7.3274719625260332E-15
16,3,2,107,   2.3752874394958014E+09,   4.2463753398314869E-17,   7.3274719625260332E-15
16,3,2,108,   2.8435744299151015E+09,   4.0419982137892207E-17,   7.3274719625260332E-15
16,3,2,109,   3.3812122983737578E+09,   2.8247083768441822E-17,   7.3274719625260332E-15
16,3,2,110,   3.9960662822961187E+09,   2.6840196648725058E-17,   7.3274719625260332E-15
16,3,2,111,   4.6666691148142395E+09,   3.2872526783997190E-17,   7.3274719625260332E-15
16,3,2,112,   5.4308869538882914E+09,   2.1955369091336775E-17,   7.3274719625260332E-15
16,3,2,113,   6.2843022355797796E+09,   2.1288084847844937E-17,   7.3274719625260332E-15
16,3,2,114,   7.2153383127694921E+09,   2.5412510789700790E-17,   7.3274719625260332E-15
16,3,2,115,   8.2623083770676165E+09,   1.8737454636261080E-17,   7.3274719625260332E-15
16,3,2,116,   9.3691572012072010E+09,   1.1554581574241616E-17,   7.3274719625260332E-15
16,3,2,117,   1.0392113866935644E+10,   7.2325914387354611E-18,   7.3274719625260332E-15
16,3,2,118,   1.1344897865777462E+10,   5.6804720910516813E-18,   7.3274719625260332E-15
16,3,2,119,   1.2658894669389990E+10,   6.5260642343156383E-18,   7.3274719625260332E-15
16,3,2,120,   1.4293502927341547E+10,   7.5310574112740498E-18,   7.3274719625260332E-15
16,3,2,121,   1.6173347983176279E+10,   7.9773721622340001E-18,   7.3274719625260332E-15
16,3,2,122,   1.8304314209906750E+10,   6.4316657492213769E-18,   7.3274719625260332E-15
16,3,2,123,   2.0382887268727627E+10,   3.2051918518993902E-18,   7.3274719625260332E-15
16,3,2,124,   2.1515537211317284E+10,   2.6584284899510283E-18,   7.3274719625260332E-15
16,3,2,125,   2.4079874328885273E+10,   3.9641395907134454E-18,   7.3274719625260332E-15
16,3,2,126,   2.7523227405773438E+10,   3.9161740881991085E-18,   7.3274719625260332E-15
16,3,2,127,   3.0721926534620346E+10,   1.6907871474058043E-18,   7.3274719625260332E-15
16,3,2,128,   3.2242171092943085E+10,   3.4353079938742163E-18,   7.3274719625260332E-15
16,3,2,129,   3.7488643490383995E+10,   4.0506452185219528E-18,   7.3274719625260332E-15
16,3,2,130,   4.1015742643980789E+10,   1.0444447390650841E-18,   7.3274719625260332E-15
16,3,2,131,   4.5293822834294411E+10,   2.6068492964938229E-18,   7.3274719625260332E-15
16,3,2,132,   5.1070334958367744E+10,   8.2192077297026139E-19,   7.3274719625260332E-15
16,3,2,133,   5.8773465729935417E+10,   1.6494339310251165E-18,   7.3274719625260332E-15
16,3,2,134,   6.1375895973165649E+10,   7.9985815945634907E-19,   7.3274719625260332E-15
16,3,2,135,   7.1309381217293350E+10,   1.4146419927020626E-18,   7.3274719625260332E-15
16,3,2,136,   8.1557260010061310E+10,   1.3235362850041503E-18,   7.3274719625260332E-15
16,3,2,137,   9.2329267726856354E+10,   8.2591677831266969E-19,   7.3274719625260332E-15
16,3,2,138,   1.0431389276456572E+11,   7.4580177565107779E-19,   7.3274719625260332E-15
16,3,2,139,   1.1832020200730887E+11,   9.5821364078452578E-19,   7.3274719625260332E-15
16,3,2,140,   1.3516275706131581E+11,   7.5644538578522904E-19,   7.3274719625260332E-15
16,3,2,141,   1.5591524774502814E+11,   7.1015720403682614E-19,   7.3274719625260332E-15
16,3,2,142,   1.8248403699726514E+11,   8.9701058649188986E-19,   7.3274719625260332E-15
16,3,2,143,   2.1956945748125613E+11,   6.2780660503837533E-19,   7.3274719625260332E-15
16,4,1,1,   9.2570399858052266E+00,   3.0658408046968654E-14,   6.2172489379008766E-15
16,4,1,2,   9.2571264168827181E+00,   1.8945483287990580E-14,   6.2172489379008766E-15
16,4,1,3,   9.2571386061924201E+00,   1.4277583134835495E-14,   6.2172489379008766E-15
16,4,1,4,   9.2571887493385780E+00,   1.3211111799910707E-14,   6.2172489379008766E-15
16,4,1,5,   9.2571906264858921E+00,   1.3583909370782740E-14,   6.2172489379008766E-15
16,4,1,6,   9.2571924574451412E+00,   1.4210624691665159E-14,   6.2172489379008766E-15
16,4,1,7,   9.2572105565686584E+00,   1.0082629524980118E-14,   6.2172489379008766E-15
16,4,1,8,   9.2572268125250812E+00,   1.3662490353033240E-14,   6.2172489379008766E-15
16,4,1,9,   9.2572329185846041E+00,   1.1909205539475661E-14,   6.2172489379008766E-15
16,4,1,10,   9.2572386990957476E+00,   8.2801096671208530E-15,   6.2172489379008766E-15
16,4,1,11,   9.2572441955933336E+00,   5.1261569594191304E-15,   6.2172489379008766E-15
16,4,1,12,   9.2572481416836077E+00,   5.5957948628436961E-15,   6.2172489379008766E-15
16,4,1,13,   9.2572506988292744E+00,   7.9016790405272214E-15,   6.2172489379008766E-15
16,4,1,14,   9.2572651366154393E+00,   5.6534465811280429E-15,   6.2172489379008766E-15
16,4,1,15,   9.2572673827919782E+00,   5.3088007311505762E-15,   6.2172489379008766E-15
16,4,1,16,   9.2572731899241418E+00,   3.1944862225280411E-15,   6.2172489379008766E-15
16,4,1,17,   9.2572752250944976E+00,   3.3212278534638414E-15,   6.2172489379008766E-15
16,4,1,18,   9.2572868231471528E+00,   2.8049212134485879E-15,   6.2172489379008766E-15
16,4,1,19,   9.2572912763202257E+00,   2.7350165138145123E-15,   6.2172489379008766E-15
16,4,1,20,   9.2572920354674437E+00,   3.6137253832324543E-15,   6.2172489379008766E-15
16,4,1,21,   9.2572955419942780E+00,   3.5359028452590406E-15,   6.2172489379008766E-15
16,4,1,22,   9.2572982039116596E+00,   3.1516019787192072E-15,   6.2172489379008766E-15
16,4,1,23,   9.2573006313557649E+00,   2.4324421690051890E-15,   6.2172489379008766E-15
16,4,1,24,   9.2573035295519794E+00,   1.9307847927504331E-15,   6.2172489379008766E-15
16,4,1,25,   9.2573147032287686E+00,   9.2383249426753556E-16,   6.2172489379008766E-15
16,4,1,26,   9.2573168325875876E+00,   1.1547895053244264E-15,   6.2172489379008766E-15
16,4,1,27,   9.2573204454139120E+00,   3.0757998807945072E-17,   6.2172489379008766E-15
16,4,1,28,   9.2573214977509473E+00,   2.5891250250097394E-16,   6.2172489379008766E-15
16,4,1,29,   9.2573297920633451E+00,   1.1260822530454336E-15,   6.2172489379008766E-15
16,4,1,30,   9.2573314317780522E+00,   1.3522226412490337E-15,   6.2172489379008766E-15
16,4,1,31,   9.2573328722803225E+00,   2.1793219564049429E-15,   6.2172489379008766E-15
16,4,1,32,   9.2573448612932463E+00,   1.9384600544746628E-15,   6.2172489379008766E-15
16,4,1,33,   9.2573489420289956E+00,   1.9791115448761031E-15,   6.2172489379008766E-15
16,4,1,34,   9.2573580348099167E+00,   5.1221090585512286E-15,   6.2172489379008766E-15
16,4,1,35,   9.2573587637912134E+00,   3.8528412861468328E-15,   6.2172489379008766E-15
16,4,1,36,   9.2573606127494976E+00,   3.9948031648242792E-15,   6.2172489379008766E-15
16,4,1,37,   9.2573623290343345E+00,   6.3695752802360955E-15,   6.2172489379008766E-15
16,4,1,38,   9.2573710513386267E+00,   4.9166586897586653E-15,   6.2172489379008766E-15
16,4,1,39,   9.2573743235798904E+00,   3.9141092098842861E-15,   6.2172489379008766E-15
16,4,1,40,   9.2573749570776265E+00,   7.2262166998342452E-15,   6.2172489379008766E-15
16,4,1,41,   9.2573790699890779E+00,   5.3343993603044808E-15,   6.2172489379008766E-15
16,4,1,42,   9.2573791711117792E+00,   5.8553496639202656E-15,   6.2172489379008766E-15
16,4,1,43,   9.2573858509643863E+00,   6.2561614102611082E-15,   6.2172489379008766E-15
16,4,1,44,   9.2573878523984234E+00,   6.7365562555150613E-15,   6.2172489379008766E-15
16,4,1,45,   9.2573905317695999E+00,   6.4353959185979839E-15,   6.2172489379008766E-15
16,4,1,46,   9.2574048246803162E+00,   1.1789950418223677E-14,   6.2172489379008766E-15
16,4,1,47,   9.2574078530336301E+00,   7.2640243293663728E-15,   6.2172489379008766E-15
16,4,1,48,   9.2574084179153022E+00,   9.8239548200813984E-15,   6.2172489379008766E-15
16,4,1,49,   9.2574137838835266E+00,   1.0445401527028142E-14,   6.2172489379008766E-15
16,4,1,50,   9.2574242887261953E+00,   9.1003087464096857E-15,   6.2172489379008766E-15
16,4,1,51,   9.2574403594328878E+00,   1.1254687017139405E-14,   6.2172489379008766E-15
16,4,1,52,   9.2574426743105924E+00,   1.2861213938466532E-14,   6.2172489379008766E-15
16,4,1,53,   9.2574448931275395E+00,   1.7946117416644492E-14,   6.2172489379008766E-15
16,4,1,54,   9.2574471895783237E+00,   1.6058970325069595E-14,   6.2172489379008766E-15
16,4,1,55,   9.2574542632176637E+00,   1.3465174619107927E-14,   6.2172489379008766E-15
16,4,1,56,   9.2574552708017137E+00,   1.1936821848624874E-14,   6.2172489379008766E-15
16,4,1,57,   9.2574654626363007E+00,   4.0271622567183014E-14,   6.2172489379008766E-15
16,4,1,58,   9.2574723146264049E+00,   1.0048686951414126E-14,   6.2172489379008766E-15
16,4,1,59,   9.2574726034532269E+00,   1.4394542599462194E-14,   6.2172489379008766E-15
16,4,1,60,   9.2574968104414772E+00,   2.0066621804052510E-14,   6.2172489379008766E-15
16,4,1,61,   9.2574987439371270E+00,   1.5985573999823278E-14,   6.2172489379008766E-15
16,4,1,62,   9.2575004982295752E+00,   1.6742881865896838E-14,   6.2172489379008766E-15
16,4,1,63,   9.2575332712608169E+00,   2.5922962906351524E-14,   6.2172489379008766E-15
16,4,1,64,   9.2575595625558957E+00,   2.3764624588216846E-14,   6.2172489379008766E-15
16,4,1,65,   4.4209706192456244E+04,   4.6034405506400482E-15,   6.2172489379008766E-15
16,4,1,66,   4.4209706216756022E+04,   2.3869659577520350E-14,   6.2172489379008766E-15
16,4,1,67,   4.4209706243573048E+04,   7.9620868546077032E-15,   6.2172489379008766E-15
16,4,1,68,   4.4209706254999393E+04,   9.9711337733645171E-15,   6.2172489379008766E-15
16,4,1,69,   4.4209706268185531E+04,   4.5461956015300466E-14,   6.2172489379008766E-15
16,4,1,70,   4.4209706280021892E+04,   1.4430081168410030E-14,   6.2172489379008766E-15
16,4,1,71,   4.4209706284399705E+04,   4.9630023553337765E-15,   6.2172489379008766E-15
16,4,1,72,   4.4209706291177798E+04,   3.6670561544676601E-15,   6.2172489379008766E-15
16,4,1,73,   4.4209706309312882E+04,   1.0386486793905502E-14,   6.2172489379008766E-15
16,4,1,74,   4.4209706316990298E+04,   3.6306785560864551E-15,   6.2172489379008766E-15
16,4,1,75,   4.4209706317058517E+04,   4.8130552145601732E-15,   6.2172489379008766E-15
16,4,1,76,   4.4209706326467225E+04,   3.1773700441248837E-15,   6.2172489379008766E-15
16,4,1,77,   4.4209706327665001E+04,   1.0885453505256033E-14,   6.2172489379008766E-15
16,4,1,78,   4.4209706370693049E+04,   4.3291634371743417E-15,   6.2172489379008766E-15
16,4,1,79,   4.4209706380684191E+04,   4.1456310519125508E-15,   6.2172489379008766E-15
16,4,1,80,   4.4209706383586468E+04,   1.4023217784387643E-15,   6.2172489379008766E-15
16,4,1,81,   4.4209706393302062E+04,   9.3000235697049969E-16,   6.2172489379008766E-15
16,4,1,82,   4.4209706396468537E+04,   6.6274151668151887E-16,   6.2172489379008766E-15
16,4,1,83,   4.4209706396552501E+04,   5.5825562494713106E-16,   6.2172489379008766E-15
16,4,1,84,   4.4209706398559967E+04,   6.2490721381020107E-16,   6.2172489379008766E-15
16,4,1,85,   4.4209706399464587E+04,   2.0600219411955064E-15,   6.2172489379008766E-15
16,4,1,86,   4.4209706400264040E+04,   1.3183568395372206E-15,   6.2172489379008766E-15
16,4,1,87,   4.4209706400709510E+04,   8.2447934865110273E-16,   6.2172489379008766E-15
16,4,1,88,   4.4209706401421019E+04,   1.6306426654797790E-15,   6.2172489379008766E-15
16,4,1,89,   4.4209706403691343E+04,   6.1135480715356768E-16,   6.2172489379008766E-15
16,4,1,90,   4.4209706423054777E+04,   7.5128054760012021E-16,   6.2172489379008766E-15
16,4,1,91,   4.4209706423420066E+04,   6.7893794443886127E-16,   6.2172489379008766E-15
16,4,1,92,   4.4209706427119454E+04,   9.2701297217468057E-16,   6.2172489379008766E-15
16,4,1,93,   4.4209706434386557E+04,   2.1120411902092230E-15,   6.2172489379008766E-15
16,4,1,94,   4.4209706436583794E+04,   3.1614579538675206E-15,   6.2172489379008766E-15
16,4,1,95,   4.4209706437708606E+04,   3.6088770670163665E-15,   6.2172489379008766E-15
16,4,1,96,   4.4209706439524889E+04,   2.1952716265813221E-15,   6.2172489379008766E-15
16,4,1,97,   4.4209706444399249E+04,   6.9177090382643572E-15,   6.2172489379008766E-15
16,4,1,98,   4.4209706446494885E+04,   1.1894039622975286E-15,   6.2172489379008766E-15
16,4,1,99,   4.4209706446512893E+04,   3.8362894547589299E-16,   6.2172489379008766E-15
16,4,1,100,   4.4209706460872134E+04,   1.5331870288612717E-15,   6.2172489379008766E-15
16,4,1,101,   4.4209706460882269E+04,   1.9789423449679262E-15,   6.2172489379008766E-15
16,4,1,102,   4.4209706462421032E+04,   1.9880921253899769E-15,   6.2172489379008766E-15
16,4,1,103,   4.4209706476059102E+04,   1.0116625374503491E-14,   6.2172489379008766E-15
16,4,1,104,   4.4209706476663705E+04,   5.6020480103508159E-15,   6.2172489379008766E-15
16,4,1,105,   4.4209706476849977E+04,   1.8481626500433857E-15,   6.2172489379008766E-15
16,4,1,106,   4.4209706476960251E+04,   6.0053071347070394E-15,   6.2172489379008766E-15
16,4,1,107,   4.4209706480664288E+04,   2.2836770761585296E-15,   6.2172489379008766E-15
16,4,1,108,   4.4209706490147619E+04,   6.1966802399027961E-15,   6.2172489379008766E-15
16,4,1,109,   4.4209706491385659E+04,   1.2154230933983232E-15,   6.2172489379008766E-15
16,4,1,110,   4.4209706493557489E+04,   1.1591159169188591E-14,   6.2172489379008766E-15
16,4,1,111,   4.4209706494503705E+04,   1.4108934835372518E-14,   6.2172489379008766E-15
16,4,1,112,   4.4209706509896430E+04,   5.7081840726301242E-15,   6.2172489379008766E-15
16,4,1,113,   4.4209706512689190E+04,   2.1990787847304382E-14,   6.2172489379008766E-15
16,4,1,114,   4.4209706537164428E+04,   1.9683320201077196E-14,   6.2172489379008766E-15
16,4,1,115,   4.4209706540852167E+04,   3.2045481945581316E-16,   6.2172489379008766E-15
16,4,1,116,   4.4209706541894979E+04,   9.1337281075407535E-15,   6.2172489379008766E-15
16,4,1,117,   4.4209706542117245E+04,   1.6498395360591927E-14,   6.2172489379008766E-15
16,4,1,118,   4.4209706546081376E+04,   2.5550487041952992E-14,   6.2172489379008766E-15
16,4,1,119,   4.4209706563155385E+04,   2.2709154999894396E-14,   6.2172489379008766E-15
16,4,1,120,   4.4209706566937784E+04,   3.5802451631335265E-15,   6.2172489379008766E-15
16,4,1,121,   4.4209706591811904E+04,   2.5552572888525762E-14,   6.2172489379008766E-15
16,4,1,122,   4.4209706601253733E+04,   2.6063332590347332E-14,   6.2172489379008766E-15
16,4,1,123,   4.4209706603049875E+04,   2.4913331601092176E-14,   6.2172489379008766E-15
16,4,1,124,   4.4209706646879211E+04,   9.4931166561499846E-15,   6.2172489379008766E-15
16,4,1,125,   4.4209706648081294E+04,   6.4732463026578798E-15,   6.2172489379008766E-15
16,4,1,126,   4.4209706685003955E+04,   7.6369719827356848E-15,   6.2172489379008766E-15
16,4,1,127,   4.4209706695527013E+04,   5.3647433851061065E-14,   6.2172489379008766E-15
16,4,1,128,   2.8140922222246557E+07,   1.2663559836948962E-14,   6.2172489379008766E-15
16,4,1,129,   1.0231315423634556E+08,   4.1295984047961853E-15,   6.2172489379008766E-15
16,4,1,130,   2.0496727566126251E+08,   2.5229087922744300E-15,   6.2172489379008766E-15
16,4,1,131,   3.3871245458050650E+08,   1.0465005634710827E-15,   6.2172489379008766E-15
16,4,1,132,   5.0377912361708790E+08,   5.7404572241330577E-16,   6.2172489379008766E-15
16,4,1,133,   7.0022887879466343E+08,   4.2651440291375182E-16,   6.2172489379008766E-15
16,4,1,134,   9.2810074916839254E+08,   3.2952217538589363E-16,   6.2172489379008766E-15
16,4,1,135,   1.1874521202344599E+09,   1.5117540854574563E-16,   6.2172489379008766E-15
16,4,1,136,   1.4779372402173622E+09,   7.2337020229922240E-17,   6.2172489379008766E-15
16,4,1,137,   1.7937421439567761E+09,   3.8320891993486568E-17,   6.2172489379008766E-15
16,4,1,138,   2.0867525600325079E+09,   2.0987537277874034E-17,   6.2172489379008766E-15
16,4,1,139,   2.3246027894688458E+09,   2.4466049144875820E-17,   6.2172489379008766E-15
16,4,1,140,   2.6894274073447227E+09,   2.8890079218810198E-17,   6.2172489379008766E-15
16,4,1,141,   3.1518260350455322E+09,   5.0084835663948377E-17,   6.2172489379008766E-15
16,4,1,142,   3.6805372844141302E+09,   4.4785098361245492E-17,   6.2172489379008766E-15
16,4,1,143,   4.2708095910674410E+09,   5.1912684214766554E-17,   6.2172489379008766E-15
16,4,1,144,   4.9223824646027679E+09,   3.7546570116801694E-17,   6.2172489379008766E-15
16,4,1,145,   5.6342396400390921E+09,   3.7634596610584646E-17,   6.2172489379008766E-15
16,4,1,146,   6.3979609581280727E+09,   2.7724702979726498E-17,   6.2172489379008766E-15
16,4,1,147,   7.2067851424441357E+09,   2.0386416270737719E-17,   6.2172489379008766E-15
16,4,1,148,   8.0646251471620255E+09,   1.8211123448950882E-17,   6.2172489379008766E-15
16,4,1,149,   9.0064934866475945E+09,   2.0367976271561950E-17,   6.2172489379008766E-15
16,4,1,150,   1.0066341537287867E+10,   1.8608614442043863E-17,   6.2172489379008766E-15
16,4,1,151,   1.1239053601733883E+10,   1.5884774230655993E-17,   6.2172489379008766E-15
16,4,1,152,   1.2484323820217817E+10,   1.1910907127082156E-17,   6.2172489379008766E-15
16,4,1,153,   1.3739881251970797E+10,   9.0760172178836681E-18,   6.2172489379008766E-15
16,4,1,154,   1.5067848341275036E+10,   8.4591837283295166E-18,   6.2172489379008766E-15
16,4,1,155,   1.6627353904864298E+10,   9.7447171794364428E-18,   6.2172489379008766E-15
16,4,1,156,   1.8372234587498459E+10,   8.4940021567711044E-18,   6.2172489379008766E-15
16,4,1,157,   2.0061181596702911E+10,   5.9136027732866159E-18,   6.2172489379008766E-15
16,4,1,158,   2.1798671628364937E+10,   5.2708412088101201E-18,   6.2172489379008766E-15
16,4,1,159,   2.3953091054503532E+10,   4.7040958857064647E-18,   6.2172489379008766E-15
16,4,1,160,   2.5670002509509441E+10,   1.8639121611905053E-18,   6.2172489379008766E-15
16,4,1,161,   2.7155094579782707E+10,   1.9577563465668164E-18,   6.2172489379008766E-15
16,4,1,162,   2.8892287170805126E+10,   2.2201883089315642E-18,   6.2172489379008766E-15
16,4,1,163,   3.1669649782962872E+10,   3.4312260890701792E-18,   6.2172489379008766E-15
16,4,1,164,   3.4328341681574207E+10,   2.2797605824370774E-18,   6.2172489379008766E-15
16,4,1,165,   3.7535445678218056E+10,   3.2958264597974446E-18,   6.2172489379008766E-15
16,4,1,166,   4.0868065346823891E+10,   1.9842970859640778E-18,   6.2172489379008766E-15
16,4,1,167,   4.4931697387333305E+10,   2.3519064184003894E-18,   6.2172489379008766E-15
16,4,1,168,   4.8470634411794914E+10,   1.9072717607645434E-18,   6.2172489379008766E-15
16,4,1,169,   5.1828927794141968E+10,   5.8241364609406479E-19,   6.2172489379008766E-15
16,4,1,170,   5.4080314054859146E+10,   1.3470281234720706E-18,   6.2172489379008766E-15
16,4,1,171,   5.9580652651570320E+10,   1.5432634284606915E-18,   6.2172489379008766E-15
16,4,1,172,   6.5466567793258698E+10,   1.8680095217182436E-18,   6.2172489379008766E-15
16,4,1,173,   7.2195102760462845E+10,   1.4991223255624825E-18,   6.2172489379008766E-15
16,4,1,174,   7.7269373147167816E+10,   4.2656533520862543E-19,   6.2172489379008766E-15
16,4,1,175,   8.0434305333335144E+10,   1.1735345877757870E-18,   6.2172489379008766E-15
16,4,1,176,   9.0219509336164612E+10,   9.0634623203764190E-19,   6.2172489379008766E-15
16,4,1,177,   1.0226933376576010E+11,   6.8478993692566854E-19,   6.2172489379008766E-15
16,4,1,178,   1.0312172834020267E+11,   6.4177477874747471E-19,   6.2172489379008766E-15
16,4,1,179,   1.1957658618602823E+11,   7.0519380955259104E-19,   6.2172489379008766E-15
16,4,1,180,   1.2819682419269531E+11,   4.4848514937580631E-19,   6.2172489379008766E-15
16,4,1,181,   1.4892709551854510E+11,   6.1750854836033113E-19,   6.2172489379008766E-15
16,4,1,182,   1.5370660684773846E+11,   5.5435603500527908E-19,   6.2172489379008766E-15
16,4,1,183,   1.7920716614333517E+11,   4.1841007029796923E-19,   6.2172489379008766E-15
16,4,1,184,   2.0476979125848218E+11,   5.9899715844164534E-19,   6.2172489379008766E-15
16,4,1,185,   2.3056588943595914E+11,   4.2294316162320963E-19,   6.2172489379008766E-15
16,4,1,186,   2.5746085280372745E+11,   4.5198347461390463E-19,   6.2172489379008766E-15
16,4,1,187,   2.8745723972391724E+11,   3.0743819149212617E-19,   6.2172489379008766E-15
16,4,1,188,   3.2303753181517102E+11,   2.6275197225813692E-19,   6.2172489379008766E-15
16,4,1,189,   3.6677199537269128E+11,   2.8972637351654737E-19,   6.2172489379008766E-15
16,4,1,190,   4.2258937750755316E+11,   3.0988936884118117E-19,   6.2172489379008766E-15
16,4,1,191,   5.0006807860675903E+11,   2.7033985371182191E-19,   6.2172489379008766E-15
16,4,2,1,   9.2570248807695084E+00,   2.9810263971596626E-14,   7.2164496600635175E-15
16,4,2,2,   9.2570761981200587E+00,   4.2228593583013636E-14,   7.2164496600635175E-15
16,4,2,3,   9.2571127067349561E+00,   2.1976769300561031E-14,   7.2164496600635175E-15
16,4,2,4,   9.2571218811169125E+00,   2.7426440571869403E-14,   7.2164496600635175E-15
16,4,2,5,   9.2571305506825468E+00,   1.4647259789457405E-14,   7.2164496600635175E-15
16,4,2,6,   9.2571501782761452E+00,   1.8258858596527538E-14,   7.2164496600635175E-15
16,4,2,7,   9.2571590467527685E+00,   1.5024063970050286E-14,   7.2164496600635175E-15
16,4,2,8,   9.2571627194080701E+00,   1.6047376135707938E-14,   7.2164496600635175E-15
16,4,2,9,   9.2571677997022004E+00,   1.4199080008748960E-14,   7.2164496600635175E-15
16,4,2,10,   9.2571688935811718E+00,   1.1019894470376626E-14,   7.2164496600635175E-15
16,4,2,11,   9.2571987109265166E+00,   1.0207526653992400E-14,   7.2164496600635175E-15
16,4,2,12,   9.2572011388729170E+00,   1.2424923838308626E-14,   7.2164496600635175E-15
16,4,2,13,   9.2572068191260399E+00,   1.3794823462416363E-14,   7.2164496600635175E-15
16,4,2,14,   9.2572186817954059E+00,   1.0928054329123754E-14,   7.2164496600635175E-15
16,4,2,15,   9.2572254291499902E+00,   8.7300263193839433E-15,   7.2164496600635175E-15
16,4,2,16,   9.2572267720165797E+00,   9.6615167995865626E-15,   7.2164496600635175E-15
16,4,2,17,   9.2572313842433616E+00,   9.1304114121466480E-15,   7.2164496600635175E-15
16,4,2,18,   9.2572330458322476E+00,   1.0273040426815700E-14,   7.2164496600635175E-15
16,4,2,19,   9.2572354340086616E+00,   1.0892325213026439E-14,   7.2164496600635175E-15
16,4,2,20,   9.2572396694414500E+00,   8.5710205550021016E-15,   7.2164496600635175E-15
16,4,2,21,   9.2572479522989966E+00,   7.8569486089225575E-15,   7.2164496600635175E-15
16,4,2,22,   9.2572550925545993E+00,   1.0473888901891307E-14,   7.2164496600635175E-15
16,4,2,23,   9.2572553418848305E+00,   5.0085636184441742E-15,   7.2164496600635175E-15
16,4,2,24,   9.2572611610277153E+00,   8.7840403462949252E-15,   7.2164496600635175E-15
16,4,2,25,   9.2572807227394627E+00,   5.2745968770663422E-15,   7.2164496600635175E-15
16,4,2,26,   9.2572932755595332E+00,   3.5940237340482583E-15,   7.2164496600635175E-15
16,4,2,27,   9.2572938391205071E+00,   2.5933637067864490E-15,   7.2164496600635175E-15
16,4,2,28,   9.2572955870723970E+00,   1.7911388202922903E-15,   7.2164496600635175E-15
16,4,2,29,   9.2572956338124861E+00,   3.5189421730666794E-15,   7.2164496600635175E-15
16,4,2,30,   9.2573021754457585E+00,   2.8108693623654546E-15,   7.2164496600635175E-15
16,4,2,31,   9.2573102103915197E+00,   1.9784537333195012E-15,   7.2164496600635175E-15
16,4,2,32,   9.2573186795973363E+00,   5.9176651089444992E-16,   7.2164496600635175E-15
16,4,2,33,   9.2573201230787774E+00,   5.9196486898321624E-16,   7.2164496600635175E-15
16,4,2,34,   9.2573204457003300E+00,   3.3250355158153270E-17,   7.2164496600635175E-15
16,4,2,35,   9.2573265753605387E+00,   6.0498636692704664E-16,   7.2164496600635175E-15
16,4,2,36,   9.2573275540985041E+00,   1.0486867116744593E-15,   7.2164496600635175E-15
16,4,2,37,   9.2573280161668237E+00,   9.3854709046160311E-16,   7.2164496600635175E-15
16,4,2,38,   9.2573356101731008E+00,   1.2016762811223857E-15,   7.2164496600635175E-15
16,4,2,39,   9.2573460932806508E+00,   2.6183847606816083E-15,   7.2164496600635175E-15
16,4,2,40,   9.2573473237729882E+00,   3.5286521232762666E-15,   7.2164496600635175E-15
16,4,2,41,   9.2573526596296407E+00,   5.0973412140054703E-15,   7.2164496600635175E-15
16,4,2,42,   9.2573564130325821E+00,   2.8818922492094477E-15,   7.2164496600635175E-15
16,4,2,43,   9.2573660570850098E+00,   6.4798359271751600E-15,   7.2164496600635175E-15
16,4,2,44,   9.2573749108737520E+00,   8.6740619817976137E-15,   7.2164496600635175E-15
16,4,2,45,   9.2573816585589732E+00,   4.4474342272596564E-15,   7.2164496600635175E-15
16,4,2,46,   9.2573892670079356E+00,   6.5701556029668541E-15,   7.2164496600635175E-15
16,4,2,47,   9.2573895909758708E+00,   4.4221755144222892E-15,   7.2164496600635175E-15
16,4,2,48,   9.2573915931427315E+00,   4.4949215118713427E-15,   7.2164496600635175E-15
16,4,2,49,   9.2573994097158909E+00,   6.2227077709526372E-15,   7.2164496600635175E-15
16,4,2,50,   9.2574004648826538E+00,   6.9110954967050911E-15,   7.2164496600635175E-15
16,4,2,51,   9.2574247828490837E+00,   1.1082453072759485E-14,   7.2164496600635175E-15
16,4,2,52,   9.2574348466418179E+00,   1.2921816928553710E-14,   7.2164496600635175E-15
16,4,2,53,   9.2574470283641919E+00,   2.1080295693701719E-14,   7.2164496600635175E-15
16,4,2,54,   9.2574597198435846E+00,   1.8114637055414162E-14,   7.2164496600635175E-15
16,4,2,55,   9.2574688875163780E+00,   1.8313724365067697E-14,   7.2164496600635175E-15
16,4,2,56,   9.2574699024213967E+00,   1.2399732129192707E-14,   7.2164496600635175E-15
16,4,2,57,   9.2574704286636269E+00,   1.9250443745157124E-14,   7.2164496600635175E-15
16,4,2,58,   9.2574817078258125E+00,   1.9069913312782410E-14,   7.2164496600635175E-15
16,4,2,59,   9.2574902449536012E+00,   1.4087950486896207E-14,   7.2164496600635175E-15
16,4,2,60,   9.2575148584242903E+00,   1.1458009708282088E-14,   7.2164496600635175E-15
16,4,2,61,   9.2575218574710760E+00,   1.1573910323817141E-14,   7.2164496600635175E-15
16,4,2,62,   9.2575454802905419E+00,   1.5831963192319102E-14,   7.2164496600635175E-15
16,4,2,63,   9.2575490279980599E+00,   9.9400780467046029E-15,   7.2164496600635175E-15
16,4,2,64,   9.2575824474275059E+00,   4.1468327592568896E-14,   7.2164496600635175E-15
16,4,2,65,   4.4209706114374130E+04,   2.8105474652775158E-14,   7.2164496600635175E-15
16,4,2,66,   4.4209706127794751E+04,   8.1355081718870277E-15,   7.2164496600635175E-15
16,4,2,67,   4.4209706184610186E+04,   2.2218493306941637E-14,   7.2164496600635175E-15
16,4,2,68,   4.4209706221100379E+04,   2.3970002294234825E-14,   7.2164496600635175E-15
16,4,2,69,   4.4209706230692063E+04,   5.8942390365358265E-15,   7.2164496600635175E-15
16,4,2,70,   4.4209706235400889E+04,   2.0390594282208364E-15,   7.2164496600635175E-15
16,4,2,71,   4.4209706237548075E+04,   4.5977154980791057E-15,   7.2164496600635175E-15
16,4,2,72,   4.4209706249713759E+04,   1.3823635490780445E-14,   7.2164496600635175E-15
16,4,2,73,   4.4209706259489045E+04,   3.2232308083046297E-14,   7.2164496600635175E-15
16,4,2,74,   4.4209706267830472E+04,   1.7779073160988674E-14,   7.2164496600635175E-15
16,4,2,75,   4.4209706273474025E+04,   5.6740112101580852E-15,   7.2164496600635175E-15
16,4,2,76,   4.4209706288339527E+04,   1.2967468934185622E-14,   7.2164496600635175E-15
16,4,2,77,   4.4209706309643625E+04,   7.3452066232263953E-15,   7.2164496600635175E-15
16,4,2,78,   4.4209706315022006E+04,   9.4205945856028572E-16,   7.2164496600635175E-15
16,4,2,79,   4.4209706316708536E+04,   1.9302349679045980E-14,   7.2164496600635175E-15
16,4,2,80,   4.4209706326475440E+04,   1.4143642030905638E-14,   7.2164496600635175E-15
16,4,2,81,   4.4209706339594661E+04,   7.4419105764720754E-16,   7.2164496600635175E-15
16,4,2,82,   4.4209706346078558E+04,   7.5479542190887591E-15,   7.2164496600635175E-15
16,4,2,83,   4.4209706352262998E+04,   3.8029689774673760E-15,   7.2164496600635175E-15
16,4,2,84,   4.4209706352766589E+04,   5.3845594612174863E-15,   7.2164496600635175E-15
16,4,2,85,   4.4209706361532197E+04,   4.8553099260092375E-15,   7.2164496600635175E-15
16,4,2,86,   4.4209706371456828E+04,   9.5550639404065959E-15,   7.2164496600635175E-15
16,4,2,87,   4.4209706376319402E+04,   8.7686479338066207E-16,   7.2164496600635175E-15
16,4,2,88,   4.4209706382844641E+04,   2.3317636916182034E-15,   7.2164496600635175E-15
16,4,2,89,   4.4209706396130932E+04,   7.2666573489248379E-16,   7.2164496600635175E-15
16,4,2,90,   4.4209706397034512E+04,   2.4809251803779850E-15,   7.2164496600635175E-15
16,4,2,91,   4.4209706402529904E+04,   6.5788312947047192E-17,   7.2164496600635175E-15
16,4,2,92,   4.4209706403206015E+04,   4.0563181857852773E-16,   7.2164496600635175E-15
16,4,2,93,   4.4209706403213699E+04,   1.9761760237623313E-15,   7.2164496600635175E-15
16,4,2,94,   4.4209706414407017E+04,   1.9890808097258527E-16,   7.2164496600635175E-15
16,4,2,95,   4.4209706418147391E+04,   1.1139205154325386E-16,   7.2164496600635175E-15
16,4,2,96,   4.4209706419883856E+04,   5.7207566138622110E-16,   7.2164496600635175E-15
16,4,2,97,   4.4209706422926552E+04,   9.7813907032631244E-16,   7.2164496600635175E-15
16,4,2,98,   4.4209706423759460E+04,   5.1998339169359394E-16,   7.2164496600635175E-15
16,4,2,99,   4.4209706428280348E+04,   2.5873486754832080E-15,   7.2164496600635175E-15
16,4,2,100,   4.4209706431493680E+04,   4.0562929029045896E-16,   7.2164496600635175E-15
16,4,2,101,   4.4209706434967862E+04,   2.8010804060947268E-15,   7.2164496600635175E-15
16,4,2,102,   4.4209706442916286E+04,   8.5497382822945048E-16,   7.2164496600635175E-15
16,4,2,103,   4.4209706445512900E+04,   2.0151543328432622E-15,   7.2164496600635175E-15
16,4,2,104,   4.4209706446561206E+04,   5.9313046164942074E-15,   7.2164496600635175E-15
16,4,2,105,   4.4209706447138837E+04,   3.2166146806227863E-15,   7.2164496600635175E-15
16,4,2,106,   4.4209706460071131E+04,   1.9350147161471314E-15,   7.2164496600635175E-15
16,4,2,107,   4.4209706468829798E+04,   4.9984095218874357E-15,   7.2164496600635175E-15
16,4,2,108,   4.4209706475019229E+04,   1.2098999205878796E-14,   7.2164496600635175E-15
16,4,2,109,   4.4209706481565052E+04,   3.3010418905404791E-15,   7.2164496600635175E-15
16,4,2,110,   4.4209706481734058E+04,   4.7003401913958793E-15,   7.2164496600635175E-15
16,4,2,111,   4.4209706484350747E+04,   3.0404360668170260E-15,   7.2164496600635175E-15
16,4,2,112,   4.4209706485664159E+04,   7.6834245554674944E-15,   7.2164496600635175E-15
16,4,2,113,   4.4209706498948384E+04,   8.6920992872111033E-15,   7.2164496600635175E-15
16,4,2,114,   4.4209706501132961E+04,   8.1749953136795058E-15,   7.2164496600635175E-15
16,4,2,115,   4.4209706513182296E+04,   5.2861238706377720E-15,   7.2164496600635175E-15
16,4,2,116,   4.4209706524490466E+04,   6.5940200231733096E-15,   7.2164496600635175E-15
16,4,2,117,   4.4209706526847192E+04,   4.1704288728967773E-15,   7.2164496600635175E-15
16,4,2,118,   4.4209706536817721E+04,   1.7535608627571416E-14,   7.2164496600635175E-15
16,4,2,119,   4.4209706539457671E+04,   2.3524470679178142E-15,   7.2164496600635175E-15
16,4,2,120,   4.4209706544557412E+04,   3.9536650206548022E-15,   7.2164496600635175E-15
16,4,2,121,   4.4209706548647817E+04,   1.5439576865833497E-15,   7.2164496600635175E-15
16,4,2,122,   4.4209706614017567E+04,   8.4060736365077166E-15,   7.2164496600635175E-15
16,4,2,123,   4.4209706630779117E+04,   2.4599942929492898E-14,   7.2164496600635175E-15
16,4,2,124,   4.4209706648482228E+04,   1.8654489447062606E-14,   7.2164496600635175E-15
16,4,2,125,   4.4209706657396666E+04,   7.5431309404255492E-15,   7.2164496600635175E-15
16,4,2,126,   4.4209706677441267E+04,   1.0988030460017152E-14,   7.2164496600635175E-15
16,4,2,127,   4.4209706689689207E+04,   1.2728597161784967E-14,   7.2164496600635175E-15
16,4,2,128,   2.8140922222185284E+07,   3.4974648514949353E-15,   7.2164496600635175E-15
16,4,2,129,   1.0231315423624542E+08,   2.3068879570220089E-15,   7.2164496600635175E-15
16,4,2,130,   2.0496727566112167E+08,   2.0941650018328686E-15,   7.2164496600635175E-15
16,4,2,131,   3.3871245458053333E+08,   1.0060726121560946E-15,   7.2164496600635175E-15
16,4,2,132,   5.0377912361703026E+08,   6.8579564893846411E-16,   7.2164496600635175E-15
16,4,2,133,   7.0022887879469061E+08,   1.1138866604242808E-15,   7.2164496600635175E-15
16,4,2,134,   9.2810074916838634E+08,   2.8139612295318403E-16,   7.2164496600635175E-15
16,4,2,135,   1.1874521202344313E+09,   2.0038472007735982E-16,   7.2164496600635175E-15
16,4,2,136,   1.4779372402173479E+09,   7.9876138068024098E-17,   7.2164496600635175E-15
16,4,2,137,   1.7937421439567697E+09,   2.9232969331196684E-17,   7.2164496600635175E-15
16,4,2,138,   2.0867525600325282E+09,   9.4393834517978411E-18,   7.2164496600635175E-15
16,4,2,139,   2.3246027894688654E+09,   1.1849722829398775E-17,   7.2164496600635175E-15
16,4,2,140,   2.6894274073446712E+09,   2.6331025719715103E-17,   7.2164496600635175E-15
16,4,2,141,   3.1518260350455809E+09,   3.8937231582177454E-17,   7.2164496600635175E-15
16,4,2,142,   3.6805372844141412E+09,   4.4830460680621938E-17,   7.2164496600635175E-15
16,4,2,143,   4.2708095910675263E+09,   4.1814851044181207E-17,   7.2164496600635175E-15
16,4,2,144,   4.9223824646027946E+09,   3.5972484467126675E-17,   7.2164496600635175E-15
16,4,2,145,   5.6342396400391464E+09,   3.2771357633384783E-17,   7.2164496600635175E-15
16,4,2,146,   6.3979609581280193E+09,   3.2606849740846585E-17,   7.2164496600635175E-15
16,4,2,147,   7.2067851424442043E+09,   2.7894246274142929E-17,   7.2164496600635175E-15
16,4,2,148,   8.0646251471620350E+09,   2.3306998509708732E-17,   7.2164496600635175E-15
16,4,2,149,   9.0064934866476154E+09,   3.0804112356692356E-17,   7.2164496600635175E-15
16,4,2,150,   1.0066341537287786E+10,   3.1888571825253473E-17,   7.2164496600635175E-15
16,4,2,151,   1.1239053601733807E+10,   2.2972812195175077E-17,   7.2164496600635175E-15
16,4,2,152,   1.2484323820217760E+10,   1.6030785167145256E-17,   7.2164496600635175E-15
16,4,2,153,   1.3739881251970818E+10,   1.3453443819360157E-17,   7.2164496600635175E-15
16,4,2,154,   1.5067848341274981E+10,   1.2314353302464948E-17,   7.2164496600635175E-15
16,4,2,155,   1.6627353904864296E+10,   9.7639847083283032E-18,   7.2164496600635175E-15
16,4,2,156,   1.8372234587498428E+10,   9.6809792817891001E-18,   7.2164496600635175E-15
16,4,2,157,   2.0061181596702858E+10,   6.3421703235564094E-18,   7.2164496600635175E-15
16,4,2,158,   2.1798671628364937E+10,   7.2112423901935409E-18,   7.2164496600635175E-15
16,4,2,159,   2.3953091054503525E+10,   6.4810595029934373E-18,   7.2164496600635175E-15
16,4,2,160,   2.5670002509509392E+10,   2.3700660902400887E-18,   7.2164496600635175E-15
16,4,2,161,   2.7155094579782700E+10,   2.1319689882576595E-18,   7.2164496600635175E-15
16,4,2,162,   2.8892287170805099E+10,   2.7156672923982333E-18,   7.2164496600635175E-15
16,4,2,163,   3.1669649782962910E+10,   4.4694295716479656E-18,   7.2164496600635175E-15
16,4,2,164,   3.4328341681574184E+10,   2.9161355603277169E-18,   7.2164496600635175E-15
16,4,2,165,   3.7535445678218094E+10,   3.4286110461764392E-18,   7.2164496600635175E-15
16,4,2,166,   4.0868065346823792E+10,   2.1702140096588051E-18,   7.2164496600635175E-15
16,4,2,167,   4.4931697387333366E+10,   2.8253901095188085E-18,   7.2164496600635175E-15
16,4,2,168,   4.8470634411794945E+10,   1.9671018029875640E-18,   7.2164496600635175E-15
16,4,2,169,   5.1828927794141663E+10,   6.5682137017415478E-19,   7.2164496600635175E-15
16,4,2,170,   5.4080314054859077E+10,   1.2752245628695692E-18,   7.2164496600635175E-15
16,4,2,171,   5.9580652651570374E+10,   1.6094549744116090E-18,   7.2164496600635175E-15
16,4,2,172,   6.5466567793258743E+10,   1.8311713620500481E-18,   7.2164496600635175E-15
16,4,2,173,   7.2195102760462830E+10,   1.4643353527323976E-18,   7.2164496600635175E-15
16,4,2,174,   7.7269373147167709E+10,   4.3381851493717626E-19,   7.2164496600635175E-15
16,4,2,175,   8.0434305333335052E+10,   1.1975461268020711E-18,   7.2164496600635175E-15
16,4,2,176,   9.0219509336164627E+10,   9.3997178451330510E-19,   7.2164496600635175E-15
16,4,2,177,   1.0226933376575992E+11,   7.7257519741462025E-19,   7.2164496600635175E-15
16,4,2,178,   1.0312172834020247E+11,   7.4209635398601720E-19,   7.2164496600635175E-15
16,4,2,179,   1.1957658618602788E+11,   8.2690058949005140E-19,   7.2164496600635175E-15
16,4,2,180,   1.2819682419269505E+11,   4.9848520436909721E-19,   7.2164496600635175E-15
16,4,2,181,   1.4892709551854443E+11,   7.1271079078707244E-19,   7.2164496600635175E-15
16,4,2,182,   1.5370660684773792E+11,   4.4775717794715583E-19,   7.2164496600635175E-15
16,4,2,183,   1.7920716614333499E+11,   5.4343942338451859E-19,   7.2164496600635175E-15
16,4,2,184,   2.0476979125848203E+11,   4.8904785398061647E-19,   7.2164496600635175E-15
16,4,2,185,   2.3056588943595892E+11,   4.4491225008959669E-19,   7.2164496600635175E-15
16,4,2,186,   2.5746085280372705E+11,   5.5067433246423998E-19,   7.2164496600635175E-15
16,4,2,187,   2.8745723972391650E+11,   4.6639895323500886E-19,   7.2164496600635175E-15
16,4,2,188,   3.2303753181517004E+11,   3.1561877668595853E-19,   7.2164496600635175E-15
16,4,2,189,   3.6677199537268976E+11,   3.2404583923404203E-19,   7.2164496600635175E-15
16,4,2,190,   4.2258937750755078E+11,   3.2238410628792462E-19,   7.2164496600635175E-15
16,4,2,191,   5.0006807860675525E+11,   3.0142251705828044E-19,   7.2164496600635175E-15
32,1,1,1,   9.2572834702594324E+00,   2.5729412911703486E-14,   5.5511151231257827E-15
32,1,1,2,   9.2572886635129734E+00,   2.2119960331387421E-14,   5.5511151231257827E-15
32,1,1,3,   9.2572968479358693E+00,   1.6402827861432218E-14,   5.5511151231257827E-15
32,1,1,4,   9.2573016716843384E+00,   1.3333219754472377E-14,   5.5511151231257827E-15
32,1,1,5,   9.2573019345588765E+00,   1.5321928217722254E-14,   5.5511151231257827E-15
32,1,1,6,   9.2573027029822228E+00,   1.2423908517696961E-14,   5.5511151231257827E-15
32,1,1,7,   9.2573035861887210E+00,   1.2184931699226970E-14,   5.5511151231257827E-15
32,1,1,8,   9.2573039383425559E+00,   1.1689451680337777E-14,   5.5511151231257827E-15
32,1,1,9,   9.2573069699721824E+00,   1.0241435739308482E-14,   5.5511151231257827E-15
32,1,1,10,   9.2573112473332007E+00,   6.4669631221719943E-15,   5.5511151231257827E-15
32,1,1,11,   9.2573121367673981E+00,   6.1450682846673561E-15,   5.5511151231257827E-15
32,1,1,12,   9.2573126003909785E+00,   5.6467393742140106E-15,   5.5511151231257827E-15
32,1,1,13,   9.2573148639276628E+00,   3.9416699515220945E-15,   5.5511151231257827E-15
32,1,1,14,   9.2573155287618967E+00,   3.5874162608905665E-15,   5.5511151231257827E-15
32,1,1,15,   9.2573165270522288E+00,   2.7753868084852523E-15,   5.5511151231257827E-15
32,1,1,16,   9.2573172067946832E+00,   2.4307153243818587E-15,   5.5511151231257827E-15
32,1,1,17,   9.2573188215340885E+00,   1.2751490771344344E-15,   5.5511151231257827E-15
32,1,1,18,   9.2573200360534909E+00,   7.0561203726173923E-16,   5.5511151231257827E-15
32,1,1,19,   9.2573207235643107E+00,   6.0515511149432763E-16,   5.5511151231257827E-15
32,1,1,20,   9.2573216266532050E+00,   8.9298222092085367E-16,   5.5511151231257827E-15
32,1,1,21,   9.2573234007683673E+00,   2.1206117958836083E-15,   5.5511151231257827E-15
32,1,1,22,   9.2573239976100190E+00,   2.6102384145113408E-15,   5.5511151231257827E-15
32,1,1,23,   9.2573250997483534E+00,   3.0510694090445697E-15,   5.5511151231257827E-15
32,1,1,24,   9.2573280783991123E+00,   5.2960583185495236E-15,   5.5511151231257827E-15
32,1,1,25,   9.2573308772127589E+00,   7.2773252855783561E-15,   5.5511151231257827E-15
32,1,1,26,   9.2573336465986227E+00,   9.1641976768037176E-15,   5.5511151231257827E-15
32,1,1,27,   9.2573345301146954E+00,   9.7882488920235922E-15,   5.5511151231257827E-15
32,1,1,28,   9.2573383957059736E+00,   1.2480540241935360E-14,   5.5511151231257827E-15
32,1,1,29,   9.2573393379999462E+00,   1.3087259995485526E-14,   5.5511151231257827E-15
32,1,1,30,   9.2573396831416339E+00,   1.3360556758435653E-14,   5.5511151231257827E-15
32,1,1,31,   9.2573424332342018E+00,   1.5326363428722038E-14,   5.5511151231257827E-15
32,1,1,32,   9.2573502162085060E+00,   2.0535397901392341E-14,   5.5511151231257827E-15
32,1,1,33,   4.4209706383306569E+04,   8.2001224242444842E-15,   5.5511151231257827E-15
32,1,1,34,   4.4209706384759251E+04,   1.5426492501954198E-14,   5.5511151231257827E-15
32,1,1,35,   4.4209706387040598E+04,   9.3346953625528454E-15,   5.5511151231257827E-15
32,1,1,36,   4.4209706393479828E+04,   1.8365060477522586E-14,   5.5511151231257827E-15
32,1,1,37,   4.4209706397283793E+04,   4.7021082736360876E-15,   5.5511151231257827E-15
32,1,1,38,   4.4209706400297007E+04,   2.7699325104309413E-15,   5.5511151231257827E-15
32,1,1,39,   4.4209706400419287E+04,   3.0210076029620143E-15,   5.5511151231257827E-15
32,1,1,40,   4.4209706401796866E+04,   3.4739248450893063E-15,   5.5511151231257827E-15
32,1,1,41,   4.4209706401825075E+04,   2.9845465755645288E-15,   5.5511151231257827E-15
32,1,1,42,   4.4209706402778618E+04,   5.0655390972806387E-15,   5.5511151231257827E-15
32,1,1,43,   4.4209706404190110E+04,   5.2984620492699591E-15,   5.5511151231257827E-15
32,1,1,44,   4.4209706406832745E+04,   4.4603457335893108E-15,   5.5511151231257827E-15
32,1,1,45,   4.4209706409689039E+04,   5.6412908171642469E-16,   5.5511151231257827E-15
32,1,1,46,   4.4209706410368999E+04,   3.0851087186557940E-15,   5.5511151231257827E-15
32,1,1,47,   4.4209706410665880E+04,   7.7182252022820427E-16,   5.5511151231257827E-15
32,1,1,48,   4.4209706411123407E+04,   9.6483789608551925E-16,   5.5511151231257827E-15
32,1,1,49,   4.4209706413041800E+04,   1.4057922125313628E-15,   5.5511151231257827E-15
32,1,1,50,   4.4209706417766589E+04,   4.6617820248414009E-16,   5.5511151231257827E-15
32,1,1,51,   4.4209706418037327E+04,   2.1021157563354657E-15,   5.5511151231257827E-15
32,1,1,52,   4.4209706419570917E+04,   1.4726330332880001E-15,   5.5511151231257827E-15
32,1,1,53,   4.4209706421170209E+04,   2.1123688369396739E-15,   5.5511151231257827E-15
32,1,1,54,   4.4209706421729075E+04,   1.4856736998976061E-15,   5.5511151231257827E-15
32,1,1,55,   4.4209706421911731E+04,   1.6272089648981920E-15,   5.5511151231257827E-15
32,1,1,56,   4.4209706422257281E+04,   3.8282288251047376E-15,   5.5511151231257827E-15
32,1,1,57,   4.4209706428397032E+04,   5.9715674859181755E-15,   5.5511151231257827E-15
32,1,1,58,   4.4209706428642145E+04,   1.2321272356454584E-14,   5.5511151231257827E-15
32,1,1,59,   4.4209706429398218E+04,   1.0783684886583393E-14,   5.5511151231257827E-15
32,1,1,60,   4.4209706436352317E+04,   9.9537533645389264E-15,   5.5511151231257827E-15
32,1,1,61,   4.4209706437172230E+04,   5.5510474385906580E-15,   5.5511151231257827E-15
32,1,1,62,   4.4209706449805002E+04,   1.3163364175790904E-14,   5.5511151231257827E-15
32,1,1,63,   4.4209706456858163E+04,   1.8340368517428447E-14,   5.5511151231257827E-15
32,1,1,64,   2.8138064839371916E+07,   2.1752251509207578E-15,   5.5511151231257827E-15
32,1,1,65,   1.0232088762695554E+08,   5.2594781449695375E-16,   5.5511151231257827E-15
32,1,1,66,   2.0519445749168327E+08,   3.6401284764097778E-16,   5.5511151231257827E-15
32,1,1,67,   3.3962925980995691E+08,   1.4219721318749485E-16,   5.5511151231257827E-15
32,1,1,68,   5.0481999188719332E+08,   9.0320144510918224E-17,   5.5511151231257827E-15
32,1,1,69,   6.9423260484753203E+08,   1.2075001799104307E-16,   5.5511151231257827E-15
32,1,1,70,   8.9949561355008781E+08,   5.0474215279907875E-17,   5.5511151231257827E-15
32,1,1,71,   1.1427127588102663E+09,   5.6788631966585821E-17,   5.5511151231257827E-15
32,1,1,72,   1.4550468461887019E+09,   3.5456600144544897E-17,   5.5511151231257827E-15
32,1,1,73,   1.8418465165215068E+09,   3.1119804497420007E-17,   5.5511151231257827E-15
32,1,1,74,   2.3038304315161533E+09,   3.2867717371928200E-17,   5.5511151231257827E-15
32,1,1,75,   2.8448643572426138E+09,   2.7713257875220642E-17,   5.5511151231257827E-15
32,1,1,76,   3.4710993137735128E+09,   1.4180839538676796E-17,   5.5511151231257827E-15
32,1,1,77,   4.1903185135763183E+09,   1.3089719139332464E-17,   5.5511151231257827E-15
32,1,1,78,   5.0117937229207754E+09,   1.3159505650640773E-17,   5.5511151231257827E-15
32,1,1,79,   5.9463555517757721E+09,   1.1327790043639225E-17,   5.5511151231257827E-15
32,1,1,80,   7.0065551039571333E+09,   1.1429935437445005E-17,   5.5511151231257827E-15
32,1,1,81,   8.2068879143435125E+09,   8.6680177852341525E-18,   5.5511151231257827E-15
32,1,1,82,   9.5640951232656918E+09,   5.8462704087282139E-18,   5.5511151231257827E-15
32,1,1,83,   1.1097578567029955E+10,   7.7404583016548591E-18,   5.5511151231257827E-15
32,1,1,84,   1.2829978665349575E+10,   5.7818845177887840E-18,   5.5511151231257827E-15
32,1,1,85,   1.4787979137606356E+10,   3.7929246294580115E-18,   5.5511151231257827E-15
32,1,1,86,   1.7003434975510883E+10,   4.9212652657906678E-18,   5.5511151231257827E-15
32,1,1,87,   1.9514986666556805E+10,   6.2384900041400613E-18,   5.5511151231257827E-15
32,1,1,88,   2.2370451776591831E+10,   3.4658409475835903E-18,   5.5511151231257827E-15
32,1,1,89,   2.5630534916124950E+10,   3.6966051338299035E-18,   5.5511151231257827E-15
32,1,1,90,   2.9374919571886456E+10,   2.7242043905832963E-18,   5.5511151231257827E-15
32,1,1,91,   3.3713010633155033E+10,   2.5380736670663818E-18,   5.5511151231257827E-15
32,1,1,92,   3.8804746342332397E+10,   2.5862235454211787E-18,   5.5511151231257827E-15
32,1,1,93,   4.4906636667830650E+10,   1.9586221711457336E-18,   5.5511151231257827E-15
32,1,1,94,   5.2496909945527725E+10,   2.4871923750515789E-18,   5.5511151231257827E-15
32,1,1,95,   6.2775142719010490E+10,   1.8326132859276048E-18,   5.5511151231257827E-15
32,1,2,1,   9.2572896516195051E+00,   2.1391139531010530E-14,   7.7715611723760958E-15
32,1,2,2,   9.2572904436352594E+00,   2.0820445617116605E-14,   7.7715611723760958E-15
32,1,2,3,   9.2572910287701848E+00,   2.0688499798423196E-14,   7.7715611723760958E-15
32,1,2,4,   9.2572947269601844E+00,   1.9035290852022388E-14,   7.7715611723760958E-15
32,1,2,5,   9.2572971848668733E+00,   1.7231993374797359E-14,   7.7715611723760958E-15
32,1,2,6,   9.2573023565437556E+00,   1.2575788737688337E-14,   7.7715611723760958E-15
32,1,2,7,   9.2573049592694385E+00,   1.0862487334696847E-14,   7.7715611723760958E-15
32,1,2,8,   9.2573064082298107E+00,   1.2643664080984336E-14,   7.7715611723760958E-15
32,1,2,9,   9.2573073746579233E+00,   9.0883650019841618E-15,   7.7715611723760958E-15
32,1,2,10,   9.2573080851032827E+00,   9.6044358481896663E-15,   7.7715611723760958E-15
32,1,2,11,   9.2573092528188532E+00,   7.7769753283317860E-15,   7.7715611723760958E-15
32,1,2,12,   9.2573123341997103E+00,   5.7155762118561293E-15,   7.7715611723760958E-15
32,1,2,13,   9.2573134547426115E+00,   5.0871226805374478E-15,   7.7715611723760958E-15
32,1,2,14,   9.2573155882333502E+00,   7.5070310086667800E-15,   7.7715611723760958E-15
32,1,2,15,   9.2573157480845083E+00,   3.3380663738237477E-15,   7.7715611723760958E-15
32,1,2,16,   9.2573173603252634E+00,   3.0498535328015565E-15,   7.7715611723760958E-15
32,1,2,17,   9.2573179771202785E+00,   1.7775832326884161E-15,   7.7715611723760958E-15
32,1,2,18,   9.2573200517311829E+00,   1.0805438140936720E-14,   7.7715611723760958E-15
32,1,2,19,   9.2573207136514206E+00,   1.1200249955555816E-15,   7.7715611723760958E-15
32,1,2,20,   9.2573219336121699E+00,   1.0146117862709060E-15,   7.7715611723760958E-15
32,1,2,21,   9.2573232980479006E+00,   2.5999849010301119E-15,   7.7715611723760958E-15
32,1,2,22,   9.2573242319077984E+00,   2.6827407235679664E-15,   7.7715611723760958E-15
32,1,2,23,   9.2573245756390730E+00,   3.2255402069387380E-15,   7.7715611723760958E-15
32,1,2,24,   9.2573263835123267E+00,   4.0797912105641173E-15,   7.7715611723760958E-15
32,1,2,25,   9.2573286870441169E+00,   5.7137050263404210E-15,   7.7715611723760958E-15
32,1,2,26,   9.2573309011165552E+00,   7.2631970696257477E-15,   7.7715611723760958E-15
32,1,2,27,   9.2573340952057119E+00,   9.4136427791078077E-15,   7.7715611723760958E-15
32,1,2,28,   9.2573353082396093E+00,   1.0518735808574809E-14,   7.7715611723760958E-15
32,1,2,29,   9.2573354017528260E+00,   1.0419650271551547E-14,   7.7715611723760958E-15
32,1,2,30,   9.2573354276062574E+00,   1.0378056095660888E-14,   7.7715611723760958E-15
32,1,2,31,   9.2573459168078038E+00,   1.7755662443352681E-14,   7.7715611723760958E-15
32,1,2,32,   9.2573475730536483E+00,   2.1446666877780164E-14,   7.7715611723760958E-15
32,1,2,33,   4.4209706372739194E+04,   3.7584314201460398E-14,   7.7715611723760958E-15
32,1,2,34,   4.4209706396131965E+04,   5.4976734565519302E-15,   7.7715611723760958E-15
32,1,2,35,   4.4209706400745083E+04,   4.6147529241966956E-15,   7.7715611723760958E-15
32,1,2,36,   4.4209706400784598E+04,   1.5355467246371638E-14,   7.7715611723760958E-15
32,1,2,37,   4.4209706401006435E+04,   1.2932958139107324E-14,   7.7715611723760958E-15
32,1,2,38,   4.4209706404417659E+04,   5.6681627766078260E-15,   7.7715611723760958E-15
32,1,2,39,   4.4209706405647361E+04,   1.0013799743690287E-14,   7.7715611723760958E-15
32,1,2,40,   4.4209706406072481E+04,   9.4546307479801357E-16,   7.7715611723760958E-15
32,1,2,41,   4.4209706407724312E+04,   7.9262514105077522E-15,   7.7715611723760958E-15
32,1,2,42,   4.4209706408332233E+04,   2.3868566373893446E-15,   7.7715611723760958E-15
32,1,2,43,   4.4209706411446779E+04,   5.3602451816597941E-16,   7.7715611723760958E-15
32,1,2,44,   4.4209706411602208E+04,   4.4832741432890903E-16,   7.7715611723760958E-15
32,1,2,45,   4.4209706412250976E+04,   2.4413176797316528E-15,   7.7715611723760958E-15
32,1,2,46,   4.4209706413996362E+04,   6.4971203197717394E-16,   7.7715611723760958E-15
32,1,2,47,   4.4209706415827270E+04,   8.0035405699018290E-16,   7.7715611723760958E-15
32,1,2,48,   4.4209706415861801E+04,   1.1311057425231041E-15,   7.7715611723760958E-15
32,1,2,49,   4.4209706419600167E+04,   1.5015877246491965E-15,   7.7715611723760958E-15
32,1,2,50,   4.4209706419802416E+04,   4.1778319239630386E-16,   7.7715611723760958E-15
32,1,2,51,   4.4209706422110117E+04,   4.8524973301369797E-15,   7.7715611723760958E-15
32,1,2,52,   4.4209706422517265E+04,   6.9617900460794637E-15,   7.7715611723760958E-15
32,1,2,53,   4.4209706422712865E+04,   2.2416222957491977E-15,   7.7715611723760958E-15
32,1,2,54,   4.4209706424876320E+04,   2.3458049145841933E-15,   7.7715611723760958E-15
32,1,2,55,   4.4209706425171789E+04,   1.9950822857550614E-15,   7.7715611723760958E-15
32,1,2,56,   4.4209706426607197E+04,   1.5042046733981661E-15,   7.7715611723760958E-15
32,1,2,57,   4.4209706427989498E+04,   3.0018084179144498E-15,   7.7715611723760958E-15
32,1,2,58,   4.4209706430564947E+04,   2.0247280708330421E-14,   7.7715611723760958E-15
32,1,2,59,   4.4209706434176296E+04,   3.4930162273070766E-15,   7.7715611723760958E-15
32,1,2,60,   4.4209706438488480E+04,   3.0637260867419452E-14,   7.7715611723760958E-15
32,1,2,61,   4.4209706440003109E+04,   1.1672212285574501E-14,   7.7715611723760958E-15
32,1,2,62,   4.4209706441080598E+04,   2.6562835249403913E-14,   7.7715611723760958E-15
32,1,2,63,   4.4209706449083555E+04,   9.5848965770220460E-15,   7.7715611723760958E-15
32,1,2,64,   2.8138064839395039E+07,   5.8591382805085253E-15,   7.7715611723760958E-15
32,1,2,65,   1.0232088762695020E+08,   1.2653041860981972E-15,   7.7715611723760958E-15
32,1,2,66,   2.0519445749165908E+08,   4.8827981715999272E-16,   7.7715611723760958E-15
32,1,2,67,   3.3962925980993712E+08,   2.2538423010594930E-16,   7.7715611723760958E-15
32,1,2,68,   5.0481999188718992E+08,   1.3157761931290506E-16,   7.7715611723760958E-15
32,1,2,69,   6.9423260484752941E+08,   9.4711115617840704E-17,   7.7715611723760958E-15
32,1,2,70,   8.9949561355009985E+08,   4.3278694375677451E-17,   7.7715611723760958E-15
32,1,2,71,   1.1427127588102696E+09,   4.5664853203374749E-17,   7.7715611723760958E-15
32,1,2,72,   1.4550468461887052E+09,   3.3521252078921367E-17,   7.7715611723760958E-15
32,1,2,73,   1.8418465165215096E+09,   3.2830743150561198E-17,   7.7715611723760958E-15
32,1,2,74,   2.3038304315161428E+09,   2.7116706349751103E-17,   7.7715611723760958E-15
32,1,2,75,   2.8448643572426057E+09,   2.0920606256699856E-17,   7.7715611723760958E-15
32,1,2,76,   3.4710993137735248E+09,   1.3660933174786957E-17,   7.7715611723760958E-15
32,1,2,77,   4.1903185135763211E+09,   1.0310293781340298E-17,   7.7715611723760958E-15
32,1,2,78,   5.0117937229207840E+09,   9.7993882232611779E-18,   7.7715611723760958E-15
32,1,2,79,   5.9463555517757654E+09,   7.8962001377970084E-18,   7.7715611723760958E-15
32,1,2,80,   7.0065551039571276E+09,   6.7011817722134143E-18,   7.7715611723760958E-15
32,1,2,81,   8.2068879143435173E+09,   6.3844129071564127E-18,   7.7715611723760958E-15
32,1,2,82,   9.5640951232656860E+09,   6.3114284826084336E-18,   7.7715611723760958E-15
32,1,2,83,   1.1097578567029953E+10,   4.4929388692044996E-18,   7.7715611723760958E-15
32,1,2,84,   1.2829978665349562E+10,   3.3394023849675818E-18,   7.7715611723760958E-15
32,1,2,85,   1.4787979137606340E+10,   3.9435232745851679E-18,   7.7715611723760958E-15
32,1,2,86,   1.7003434975510857E+10,   3.1069314953307308E-18,   7.7715611723760958E-15
32,1,2,87,   1.9514986666556782E+10,   2.8689866358188322E-18,   7.7715611723760958E-15
32,1,2,88,   2.2370451776591812E+10,   2.8921926647454654E-18,   7.7715611723760958E-15
32,1,2,89,   2.5630534916124947E+10,   2.4517735901056268E-18,   7.7715611723760958E-15
32,1,2,90,   2.9374919571886429E+10,   2.4299177416988743E-18,   7.7715611723760958E-15
32,1,2,91,   3.3713010633154976E+10,   2.1950879951225112E-18,   7.7715611723760958E-15
32,1,2,92,   3.8804746342332390E+10,   2.1171758065142815E-18,   7.7715611723760958E-15
32,1,2,93,   4.4906636667830635E+10,   1.9631954611782204E-18,   7.7715611723760958E-15
32,1,2,94,   5.2496909945527756E+10,   1.9867963085929950E-18,   7.7715611723760958E-15
32,1,2,95,   6.2775142719010506E+10,   1.4946451307538294E-18,   7.7715611723760958E-15
32,2,1,1,   9.2571096651635152E+00,   4.2217137788270534E-14,   6.8833827526759706E-15
32,2,1,2,   9.2571218384579588E+00,   3.7583140342959795E-14,   6.8833827526759706E-15
32,2,1,3,   9.2571342912521839E+00,   2.9466933609545138E-14,   6.8833827526759706E-15
32,2,1,4,   9.2571640735061251E+00,   2.4906708490260882E-14,   6.8833827526759706E-15
32,2,1,5,   9.2571900630353330E+00,   2.1402933880588832E-14,   6.8833827526759706E-15
32,2,1,6,   9.2571930369169522E+00,   2.4194149396340846E-14,   6.8833827526759706E-15
32,2,1,7,   9.2571934116936241E+00,   1.6600203462648349E-14,   6.8833827526759706E-15
32,2,1,8,   9.2571949611027922E+00,   2.8909540161535875E-14,   6.8833827526759706E-15
32,2,1,9,   9.2571960119563101E+00,   1.9863226276405782E-14,   6.8833827526759706E-15
32,2,1,10,   9.2572049530516693E+00,   1.9557410318560218E-14,   6.8833827526759706E-15
32,2,1,11,   9.2572153838796041E+00,   2.1361375685963500E-14,   6.8833827526759706E-15
32,2,1,12,   9.2572235583047249E+00,   1.9463468121294032E-14,   6.8833827526759706E-15
32,2,1,13,   9.2572313338206857E+00,   1.8029303886609410E-14,   6.8833827526759706E-15
32,2,1,14,   9.2572362450258261E+00,   1.1467549111732987E-14,   6.8833827526759706E-15
32,2,1,15,   9.2572369599638495E+00,   1.1740983520773059E-14,   6.8833827526759706E-15
32,2,1,16,   9.2572459455365124E+00,   1.0888179952621627E-14,   6.8833827526759706E-15
32,2,1,17,   9.2572476765367480E+00,   8.7723891133963719E-15,   6.8833827526759706E-15
32,2,1,18,   9.2572482007458685E+00,   1.0221131504480677E-14,   6.8833827526759706E-15
32,2,1,19,   9.2572575664664640E+00,   1.2327397386300818E-14,   6.8833827526759706E-15
32,2,1,20,   9.2572616328656281E+00,   8.6378868008970471E-15,   6.8833827526759706E-15
32,2,1,21,   9.2572673410712181E+00,   9.7747905502535047E-15,   6.8833827526759706E-15
32,2,1,22,   9.2572716660752317E+00,   7.2765866118637699E-15,   6.8833827526759706E-15
32,2,1,23,   9.2572720617041959E+00,   8.5618152103744108E-15,   6.8833827526759706E-15
32,2,1,24,   9.2572819554218650E+00,   5.7889035853885968E-15,   6.8833827526759706E-15
32,2,1,25,   9.2572835329350500E+00,   6.1700968100621682E-15,   6.8833827526759706E-15
32,2,1,26,   9.2572843397949960E+00,   7.3919165161467989E-15,   6.8833827526759706E-15
32,2,1,27,   9.2572872844455478E+00,   5.1606435063442714E-15,   6.8833827526759706E-15
32,2,1,28,   9.2572883801460666E+00,   1.9088320439338688E-14,   6.8833827526759706E-15
32,2,1,29,   9.2572914303706550E+00,   1.9788864079531321E-14,   6.8833827526759706E-15
32,2,1,30,   9.2573012980038296E+00,   2.4192407975650496E-15,   6.8833827526759706E-15
32,2,1,31,   9.2573026940084198E+00,   3.1295494950580872E-15,   6.8833827526759706E-15
32,2,1,32,   9.2573160443688760E+00,   8.8264976531595792E-16,   6.8833827526759706E-15
32,2,1,33,   9.2573204788463954E+00,   6.5622025378533426E-17,   6.8833827526759706E-15
32,2,1,34,   9.2573254878486981E+00,   1.1491673003765604E-15,   6.8833827526759706E-15
32,2,1,35,   9.2573283089614620E+00,   3.2064549392509156E-15,   6.8833827526759706E-15
32,2,1,36,   9.2573335043024034E+00,   2.8234377805241610E-15,   6.8833827526759706E-15
32,2,1,37,   9.2573356743050255E+00,   2.6025484601431439E-15,   6.8833827526759706E-15
32,2,1,38,   9.2573366202081431E+00,   6.0235820175839064E-15,   6.8833827526759706E-15
32,2,1,39,   9.2573397941498410E+00,   3.3526823788857303E-15,   6.8833827526759706E-15
32,2,1,40,   9.2573399986855733E+00,   3.3834267559687824E-15,   6.8833827526759706E-15
32,2,1,41,   9.2573470368183912E+00,   4.1018407066278913E-15,   6.8833827526759706E-15
32,2,1,42,   9.2573516747727762E+00,   1.5446685156278811E-14,   6.8833827526759706E-15
32,2,1,43,   9.2573624897888500E+00,   6.3203949562439824E-15,   6.8833827526759706E-15
32,2,1,44,   9.2573656562315350E+00,   6.8235112665664814E-15,   6.8833827526759706E-15
32,2,1,45,   9.2573686013947505E+00,   1.0076398272599391E-14,   6.8833827526759706E-15
32,2,1,46,   9.2573686215586584E+00,   7.8025521610903369E-15,   6.8833827526759706E-15
32,2,1,47,   9.2573746144987545E+00,   9.8316778565669594E-15,   6.8833827526759706E-15
32,2,1,48,   9.2573885875670427E+00,   1.4223781674616481E-14,   6.8833827526759706E-15
32,2,1,49,   9.2573899821522012E+00,   1.1322285542923717E-14,   6.8833827526759706E-15
32,2,1,50,   9.2573932490156192E+00,   1.2889855322315745E-14,   6.8833827526759706E-15
32,2,1,51,   9.2573937184552033E+00,   1.2461340962892417E-14,   6.8833827526759706E-15
32,2,1,52,   9.2574031160172119E+00,   1.5060028674907653E-14,   6.8833827526759706E-15
32,2,1,53,   9.2574088577569142E+00,   1.3414171299078744E-14,   6.8833827526759706E-15
32,2,1,54,   9.2574118103321332E+00,   1.6969510403475951E-14,   6.8833827526759706E-15
32,2,1,55,   9.2574164475735294E+00,   1.6365515311491593E-14,   6.8833827526759706E-15
32,2,1,56,   9.2574230790644307E+00,   1.6883568931738207E-14,   6.8833827526759706E-15
32,2,1,57,   9.2574251959303826E+00,   1.7530647967608051E-14,   6.8833827526759706E-15
32,2,1,58,   9.2574495437191811E+00,   1.8291265644780026E-14,   6.8833827526759706E-15
32,2,1,59,   9.2574500145749283E+00,   1.9241147970287734E-14,   6.8833827526759706E-15
32,2,1,60,   9.2574552468143967E+00,   2.3058999207655831E-14,   6.8833827526759706E-15
32,2,1,61,   9.2574705916901721E+00,   2.4714353610938918E-14,   6.8833827526759706E-15
32,2,1,62,   9.2574758641529371E+00,   1.9000478271633610E-14,   6.8833827526759706E-15
32,2,1,63,   9.2574956184232242E+00,   3.2082281378096659E-14,   6.8833827526759706E-15
32,2,1,64,   9.2575851307201553E+00,   4.0285677653047040E-14,   6.8833827526759706E-15
32,2,1,65,   4.4209706066868428E+04,   8.1379165798976243E-14,   6.8833827526759706E-15
32,2,1,66,   4.4209706138803034E+04,   3.8972052106666181E-14,   6.8833827526759706E-15
32,2,1,67,   4.4209706224098809E+04,   4.6966324468130988E-14,   6.8833827526759706E-15
32,2,1,68,   4.4209706229976582E+04,   4.0312109404749498E-14,   6.8833827526759706E-15
32,2,1,69,   4.4209706253413882E+04,   1.4928567718599609E-14,   6.8833827526759706E-15
32,2,1,70,   4.4209706291980961E+04,   1.3777729517593585E-14,   6.8833827526759706E-15
32,2,1,71,   4.4209706305281114E+04,   2.8260383428691249E-15,   6.8833827526759706E-15
32,2,1,72,   4.4209706307866836E+04,   3.1710115666146173E-14,   6.8833827526759706E-15
32,2,1,73,   4.4209706317912256E+04,   2.2599140118537400E-15,   6.8833827526759706E-15
32,2,1,74,   4.4209706321538681E+04,   2.1466142212501176E-14,   6.8833827526759706E-15
32,2,1,75,   4.4209706326543106E+04,   2.0037631387394110E-14,   6.8833827526759706E-15
32,2,1,76,   4.4209706336304938E+04,   1.3038067558585993E-14,   6.8833827526759706E-15
32,2,1,77,   4.4209706336780822E+04,   5.9370964950333570E-15,   6.8833827526759706E-15
32,2,1,78,   4.4209706340032535E+04,   3.4600628062369508E-15,   6.8833827526759706E-15
32,2,1,79,   4.4209706354733127E+04,   1.7368757372490116E-14,   6.8833827526759706E-15
32,2,1,80,   4.4209706358129763E+04,   4.4406886245486732E-15,   6.8833827526759706E-15
32,2,1,81,   4.4209706358535186E+04,   1.3342858352022353E-14,   6.8833827526759706E-15
32,2,1,82,   4.4209706360244178E+04,   5.6677536169191708E-15,   6.8833827526759706E-15
32,2,1,83,   4.4209706361550998E+04,   5.3866884894089644E-15,   6.8833827526759706E-15
32,2,1,84,   4.4209706365439153E+04,   9.5787486890617990E-16,   6.8833827526759706E-15
32,2,1,85,   4.4209706369888620E+04,   1.1505276165570008E-15,   6.8833827526759706E-15
32,2,1,86,   4.4209706371165506E+04,   1.1135098239529262E-15,   6.8833827526759706E-15
32,2,1,87,   4.4209706373413945E+04,   1.8023120394037532E-15,   6.8833827526759706E-15
32,2,1,88,   4.4209706373930203E+04,   4.9999593596434422E-15,   6.8833827526759706E-15
32,2,1,89,   4.4209706377874325E+04,   1.4778208233064157E-15,   6.8833827526759706E-15
32,2,1,90,   4.4209706383467681E+04,   2.8374004033715436E-15,   6.8833827526759706E-15
32,2,1,91,   4.4209706395425579E+04,   2.0975914480817470E-15,   6.8833827526759706E-15
32,2,1,92,   4.4209706408047503E+04,   1.0539994530893105E-15,   6.8833827526759706E-15
32,2,1,93,   4.4209706413329761E+04,   1.2065141401571492E-15,   6.8833827526759706E-15
32,2,1,94,   4.4209706417561967E+04,   1.6944420956524237E-16,   6.8833827526759706E-15
32,2,1,95,   4.4209706418178961E+04,   1.0777207289898243E-15,   6.8833827526759706E-15
32,2,1,96,   4.4209706422982570E+04,   7.3240676433683875E-16,   6.8833827526759706E-15
32,2,1,97,   4.4209706424694232E+04,   1.6060347478320806E-16,   6.8833827526759706E-15
32,2,1,98,   4.4209706424869772E+04,   2.7664154013473028E-15,   6.8833827526759706E-15
32,2,1,99,   4.4209706430011793E+04,   2.2899825737951520E-15,   6.8833827526759706E-15
32,2,1,100,   4.4209706430796185E+04,   1.4820672064025205E-15,   6.8833827526759706E-15
32,2,1,101,   4.4209706434784115E+04,   2.3408245796392444E-15,   6.8833827526759706E-15
32,2,1,102,   4.4209706451401151E+04,   5.4686116103907883E-15,   6.8833827526759706E-15
32,2,1,103,   4.4209706454003855E+04,   9.6138601898291449E-16,   6.8833827526759706E-15
32,2,1,104,   4.4209706465062387E+04,   8.0240942682248145E-16,   6.8833827526759706E-15
32,2,1,105,   4.4209706472177480E+04,   1.4230531760784582E-15,   6.8833827526759706E-15
32,2,1,106,   4.4209706474438310E+04,   1.0866245943554151E-14,   6.8833827526759706E-15
32,2,1,107,   4.4209706474731720E+04,   1.6619729950465500E-14,   6.8833827526759706E-15
32,2,1,108,   4.4209706475553030E+04,   1.5843385416418418E-14,   6.8833827526759706E-15
32,2,1,109,   4.4209706478251828E+04,   6.1516718972899540E-15,   6.8833827526759706E-15
32,2,1,110,   4.4209706488314667E+04,   4.5054624319221842E-15,   6.8833827526759706E-15
32,2,1,111,   4.4209706493074147E+04,   4.1763564024235217E-15,   6.8833827526759706E-15
32,2,1,112,   4.4209706496827770E+04,   3.7063327283253926E-15,   6.8833827526759706E-15
32,2,1,113,   4.4209706497763444E+04,   7.9708501377900296E-15,   6.8833827526759706E-15
32,2,1,114,   4.4209706500612352E+04,   4.7591999491925793E-15,   6.8833827526759706E-15
32,2,1,115,   4.4209706501527362E+04,   1.7501562634544611E-14,   6.8833827526759706E-15
32,2,1,116,   4.4209706507051291E+04,   2.8796590281449562E-15,   6.8833827526759706E-15
32,2,1,117,   4.4209706509933152E+04,   2.2588127821427192E-14,   6.8833827526759706E-15
32,2,1,118,   4.4209706530423937E+04,   2.0257016220776275E-14,   6.8833827526759706E-15
32,2,1,119,   4.4209706545927722E+04,   1.4328229126222823E-14,   6.8833827526759706E-15
32,2,1,120,   4.4209706551804280E+04,   7.4328684860348324E-15,   6.8833827526759706E-15
32,2,1,121,   4.4209706562980660E+04,   7.3757635359611457E-15,   6.8833827526759706E-15
32,2,1,122,   4.4209706577595505E+04,   1.2164111937786327E-14,   6.8833827526759706E-15
32,2,1,123,   4.4209706577805395E+04,   4.0035420065404171E-14,   6.8833827526759706E-15
32,2,1,124,   4.4209706580782680E+04,   2.5930137606462428E-14,   6.8833827526759706E-15
32,2,1,125,   4.4209706608732246E+04,   2.1245569902607340E-14,   6.8833827526759706E-15
32,2,1,126,   4.4209706608734923E+04,   1.1347018489698023E-14,   6.8833827526759706E-15
32,2,1,127,   4.4209706674986090E+04,   8.9412089234605792E-15,   6.8833827526759706E-15
32,2,1,128,   2.8140922397531912E+07,   1.2518907331568001E-14,   6.8833827526759706E-15
32,2,1,129,   1.0231318583425632E+08,   2.5201243303878699E-15,   6.8833827526759706E-15
32,2,1,130,   2.0496802586400467E+08,   1.5097420908398501E-15,   6.8833827526759706E-15
32,2,1,131,   3.3871896497435129E+08,   7.5157884475386345E-16,   6.8833827526759706E-15
32,2,1,132,   5.0380765342776674E+08,   4.7687218263043056E-16,   6.8833827526759706E-15
32,2,1,133,   7.0026662395295548E+08,   2.8756400394209902E-16,   6.8833827526759706E-15
32,2,1,134,   9.2768299997983849E+08,   1.8179803522198314E-16,   6.8833827526759706E-15
32,2,1,135,   1.1833379051195264E+09,   9.8175799603354874E-17,   6.8833827526759706E-15
32,2,1,136,   1.4546685328887556E+09,   5.8934605913789590E-17,   6.8833827526759706E-15
32,2,1,137,   1.7145422434628091E+09,   4.5102367734608861E-17,   6.8833827526759706E-15
32,2,1,138,   1.9975273730817349E+09,   5.1466147394422503E-17,   6.8833827526759706E-15
32,2,1,139,   2.3643833506591163E+09,   7.6970255600936118E-17,   6.8833827526759706E-15
32,2,1,140,   2.8063249933011322E+09,   8.8567029065460442E-17,   6.8833827526759706E-15
32,2,1,141,   3.3131869779889832E+09,   7.4439304190620561E-17,   6.8833827526759706E-15
32,2,1,142,   3.8818209902828493E+09,   7.1242955195200930E-17,   6.8833827526759706E-15
32,2,1,143,   4.5072134107081966E+09,   5.7793197142989438E-17,   6.8833827526759706E-15
32,2,1,144,   5.1724134140348558E+09,   5.5143643175416863E-17,   6.8833827526759706E-15
32,2,1,145,   5.8427124179441786E+09,   3.8650726006347837E-17,   6.8833827526759706E-15
32,2,1,146,   6.5331325487125378E+09,   3.2777530247667350E-17,   6.8833827526759706E-15
32,2,1,147,   7.3443163175634689E+09,   3.1272628568108861E-17,   6.8833827526759706E-15
32,2,1,148,   8.3043310094044800E+09,   2.8025949858311446E-17,   6.8833827526759706E-15
32,2,1,149,   9.3831792211432438E+09,   2.6544674480445335E-17,   6.8833827526759706E-15
32,2,1,150,   1.0504381536788094E+10,   2.1099526933949815E-17,   6.8833827526759706E-15
32,2,1,151,   1.1468418352290766E+10,   1.3409177809631983E-17,   6.8833827526759706E-15
32,2,1,152,   1.2527471187352989E+10,   1.5746088457607130E-17,   6.8833827526759706E-15
32,2,1,153,   1.3976662318052824E+10,   1.7303986775832165E-17,   6.8833827526759706E-15
32,2,1,154,   1.5592532476040449E+10,   1.2274370302098528E-17,   6.8833827526759706E-15
32,2,1,155,   1.6826607545828634E+10,   7.5368463665825692E-18,   6.8833827526759706E-15
32,2,1,156,   1.8216715193497101E+10,   9.2568120388853332E-18,   6.8833827526759706E-15
32,2,1,157,   2.0325409011752651E+10,   1.0456743320667921E-17,   6.8833827526759706E-15
32,2,1,158,   2.2024825511774212E+10,   5.0280041894115617E-18,   6.8833827526759706E-15
32,2,1,159,   2.3573264765121204E+10,   7.0281092483926706E-18,   6.8833827526759706E-15
32,2,1,160,   2.6332200211479782E+10,   6.5439809199620416E-18,   6.8833827526759706E-15
32,2,1,161,   2.7809810706630779E+10,   4.0356574709555597E-18,   6.8833827526759706E-15
32,2,1,162,   3.0675557689910290E+10,   6.2090180663467785E-18,   6.8833827526759706E-15
32,2,1,163,   3.2908976060922951E+10,   3.2340323970311553E-18,   6.8833827526759706E-15
32,2,1,164,   3.5846861248660934E+10,   5.9517183431055869E-18,   6.8833827526759706E-15
32,2,1,165,   3.8330768612578789E+10,   2.8825804670181118E-18,   6.8833827526759706E-15
32,2,1,166,   4.2373888110460373E+10,   4.4578586131375291E-18,   6.8833827526759706E-15
32,2,1,167,   4.4166441063930962E+10,   3.1503619717953937E-18,   6.8833827526759706E-15
32,2,1,168,   4.8862023759016853E+10,   2.1919008827715915E-18,   6.8833827526759706E-15
32,2,1,169,   5.3500737943439827E+10,   2.7379317138606408E-18,   6.8833827526759706E-15
32,2,1,170,   5.5794426015919327E+10,   3.1523016766961424E-18,   6.8833827526759706E-15
32,2,1,171,   5.9979705259646629E+10,   2.3586244179663821E-18,   6.8833827526759706E-15
32,2,1,172,   6.5223633636601860E+10,   2.5187987900957262E-18,   6.8833827526759706E-15
32,2,1,173,   7.0668790688643997E+10,   2.6308487498585816E-18,   6.8833827526759706E-15
32,2,1,174,   7.6328601290799652E+10,   2.4152971456072245E-18,   6.8833827526759706E-15
32,2,1,175,   8.2302826494187180E+10,   2.0005316971606658E-18,   6.8833827526759706E-15
32,2,1,176,   8.8697253607634735E+10,   2.0268019640276196E-18,   6.8833827526759706E-15
32,2,1,177,   9.5600891299511658E+10,   1.7511906353209840E-18,   6.8833827526759706E-15
32,2,1,178,   1.0309017445634171E+11,   1.5896382845311980E-18,   6.8833827526759706E-15
32,2,1,179,   1.1124022530209366E+11,   1.6543436256306841E-18,   6.8833827526759706E-15
32,2,1,180,   1.2013339237654759E+11,   1.5279243867316657E-18,   6.8833827526759706E-15
32,2,1,181,   1.2986505634154083E+11,   1.2444229960974035E-18,   6.8833827526759706E-15
32,2,1,182,   1.4054883568774734E+11,   1.3208441262224592E-18,   6.8833827526759706E-15
32,2,1,183,   1.5232290649364758E+11,   1.1615102641668138E-18,   6.8833827526759706E-15
32,2,1,184,   1.6535899398115613E+11,   1.0577989364035249E-18,   6.8833827526759706E-15
32,2,1,185,   1.7987623320580081E+11,   1.1931483194401460E-18,   6.8833827526759706E-15
32,2,1,186,   1.9616394243982001E+11,   1.1165409809427445E-18,   6.8833827526759706E-15
32,2,1,187,   2.1462184206099283E+11,   1.2352039325986243E-18,   6.8833827526759706E-15
32,2,1,188,   2.3583808934846173E+11,   9.7648817297623301E-19,   6.8833827526759706E-15
32,2,1,189,   2.6076217685262564E+11,   7.8654267192654680E-19,   6.8833827526759706E-15
32,2,1,190,   2.9117579952647119E+11,   7.7882499230758358E-19,   6.8833827526759706E-15
32,2,1,191,   3.3157698554812732E+11,   7.3406889103339634E-19,   6.8833827526759706E-15
32,2,2,1,   9.2571190320099142E+00,   2.9710200099793822E-14,   5.3290705182007514E-15
32,2,2,2,   9.2571431363858103E+00,   3.3631990857393953E-14,   5.3290705182007514E-15
32,2,2,3,   9.2571452235008547E+00,   2.1905534346402525E-14,   5.3290705182007514E-15
32,2,2,4,   9.2571648019250716E+00,   2.1123632251860970E-14,   5.3290705182007514E-15
32,2,2,5,   9.2571782723766720E+00,   2.4614822368609115E-14,   5.3290705182007514E-15
32,2,2,6,   9.2571836062972235E+00,   2.4896956780488992E-14,   5.3290705182007514E-15
32,2,2,7,   9.2571838863989377E+00,   2.5815718250489078E-14,   5.3290705182007514E-15
32,2,2,8,   9.2572029730635137E+00,   1.8513930815472100E-14,   5.3290705182007514E-15
32,2,2,9,   9.2572115233214625E+00,   1.7924885891374442E-14,   5.3290705182007514E-15
32,2,2,10,   9.2572135656836778E+00,   1.5264599321713795E-14,   5.3290705182007514E-15
32,2,2,11,   9.2572276597046486E+00,   1.4408630680605412E-14,   5.3290705182007514E-15
32,2,2,12,   9.2572327388735811E+00,   1.2572936283418767E-14,   5.3290705182007514E-15
32,2,2,13,   9.2572335598421791E+00,   1.1315099861378750E-14,   5.3290705182007514E-15
32,2,2,14,   9.2572347898445280E+00,   1.3644680093217069E-14,   5.3290705182007514E-15
32,2,2,15,   9.2572440613896756E+00,   1.3909306104944245E-14,   5.3290705182007514E-15
32,2,2,16,   9.2572537563371124E+00,   1.0594944557902419E-14,   5.3290705182007514E-15
32,2,2,17,   9.2572646912467924E+00,   9.3632240340977214E-15,   5.3290705182007514E-15
32,2,2,18,   9.2572720613518182E+00,   1.0961360925212511E-14,   5.3290705182007514E-15
32,2,2,19,   9.2572737476075417E+00,   7.8637665770800813E-15,   5.3290705182007514E-15
32,2,2,20,   9.2572826178995467E+00,   6.1951468497815529E-15,   5.3290705182007514E-15
32,2,2,21,   9.2572892009759986E+00,   4.3282832731457047E-15,   5.3290705182007514E-15
32,2,2,22,   9.2572945876608674E+00,   5.0858602947584840E-15,   5.3290705182007514E-15
32,2,2,23,   9.2572979690065065E+00,   3.5774424772876717E-15,   5.3290705182007514E-15
32,2,2,24,   9.2573043969321116E+00,   2.6542931892504392E-15,   5.3290705182007514E-15
32,2,2,25,   9.2573124400753617E+00,   1.2126968166127557E-15,   5.3290705182007514E-15
32,2,2,26,   9.2573157781047488E+00,   8.0473948756602138E-16,   5.3290705182007514E-15
32,2,2,27,   9.2573204790452532E+00,   6.6328831975678643E-17,   5.3290705182007514E-15
32,2,2,28,   9.2573219335596431E+00,   5.3261544072548431E-16,   5.3290705182007514E-15
32,2,2,29,   9.2573305263731207E+00,   8.8476026962477491E-15,   5.3290705182007514E-15
32,2,2,30,   9.2573324715086240E+00,   2.0512738407463441E-15,   5.3290705182007514E-15
32,2,2,31,   9.2573374362032705E+00,   2.5834523721761661E-15,   5.3290705182007514E-15
32,2,2,32,   9.2573377775280346E+00,   3.3109247856420422E-15,   5.3290705182007514E-15
32,2,2,33,   9.2573392744935408E+00,   3.5539955848209015E-15,   5.3290705182007514E-15
32,2,2,34,   9.2573394857581093E+00,   3.2758657508046370E-15,   5.3290705182007514E-15
32,2,2,35,   9.2573463725027345E+00,   4.0746477752914096E-15,   5.3290705182007514E-15
32,2,2,36,   9.2573476249024509E+00,   4.8565045388257946E-15,   5.3290705182007514E-15
32,2,2,37,   9.2573522804234045E+00,   5.8177576995680542E-15,   5.3290705182007514E-15
32,2,2,38,   9.2573578673151271E+00,   5.8960895494862346E-15,   5.3290705182007514E-15
32,2,2,39,   9.2573600440249919E+00,   6.2601638358240422E-15,   5.3290705182007514E-15
32,2,2,40,   9.2573617705383278E+00,   6.8307222120023580E-15,   5.3290705182007514E-15
32,2,2,41,   9.2573658705990329E+00,   8.0143954348827708E-15,   5.3290705182007514E-15
32,2,2,42,   9.2573665900264555E+00,   8.8029923680343151E-15,   5.3290705182007514E-15
32,2,2,43,   9.2573672280743828E+00,   7.2664722588658084E-15,   5.3290705182007514E-15
32,2,2,44,   9.2573696013002067E+00,   9.2173187370508268E-15,   5.3290705182007514E-15
32,2,2,45,   9.2573736487903950E+00,   9.0112940228986014E-15,   5.3290705182007514E-15
32,2,2,46,   9.2573741285571565E+00,   1.1963986937673189E-14,   5.3290705182007514E-15
32,2,2,47,   9.2573788093337601E+00,   9.0555902594651602E-15,   5.3290705182007514E-15
32,2,2,48,   9.2573804773387849E+00,   8.0036987069741352E-15,   5.3290705182007514E-15
32,2,2,49,   9.2573876276955822E+00,   1.2153976200757939E-14,   5.3290705182007514E-15
32,2,2,50,   9.2573923055586711E+00,   1.4177009389577137E-14,   5.3290705182007514E-15
32,2,2,51,   9.2573949990839619E+00,   1.4284653285805671E-14,   5.3290705182007514E-15
32,2,2,52,   9.2574113059575875E+00,   1.3785750406684877E-14,   5.3290705182007514E-15
32,2,2,53,   9.2574186002911372E+00,   2.2532835088709239E-14,   5.3290705182007514E-15
32,2,2,54,   9.2574232500041660E+00,   1.6009924963731650E-14,   5.3290705182007514E-15
32,2,2,55,   9.2574332526841445E+00,   2.0164452947171502E-14,   5.3290705182007514E-15
32,2,2,56,   9.2574412777946851E+00,   1.8657460720491122E-14,   5.3290705182007514E-15
32,2,2,57,   9.2574492568193456E+00,   1.9122621834412135E-14,   5.3290705182007514E-15
32,2,2,58,   9.2574554297745166E+00,   1.9184947711440398E-14,   5.3290705182007514E-15
32,2,2,59,   9.2574580940014499E+00,   2.5317032863218869E-14,   5.3290705182007514E-15
32,2,2,60,   9.2574637680724852E+00,   2.6382174059597930E-14,   5.3290705182007514E-15
32,2,2,61,   9.2574926638835784E+00,   2.3063166671918744E-14,   5.3290705182007514E-15
32,2,2,62,   9.2575032892284579E+00,   3.1455568351810181E-14,   5.3290705182007514E-15
32,2,2,63,   9.2575764457774952E+00,   4.9493429534175610E-14,   5.3290705182007514E-15
32,2,2,64,   9.2575919919077325E+00,   3.5233438593258582E-14,   5.3290705182007514E-15
32,2,2,65,   4.4209706162289833E+04,   6.5814408143339789E-14,   5.3290705182007514E-15
32,2,2,66,   4.4209706163897034E+04,   2.7086650959664830E-14,   5.3290705182007514E-15
32,2,2,67,   4.4209706189628007E+04,   5.6460506651513416E-14,   5.3290705182007514E-15
32,2,2,68,   4.4209706232809360E+04,   1.9149230761188730E-14,   5.3290705182007514E-15
32,2,2,69,   4.4209706255578647E+04,   5.6366728307873956E-15,   5.3290705182007514E-15
32,2,2,70,   4.4209706281742307E+04,   7.6681692106390297E-15,   5.3290705182007514E-15
32,2,2,71,   4.4209706283885273E+04,   2.4678495793657579E-14,   5.3290705182007514E-15
32,2,2,72,   4.4209706288252273E+04,   5.9495798598547943E-15,   5.3290705182007514E-15
32,2,2,73,   4.4209706301320177E+04,   1.5723267717355760E-14,   5.3290705182007514E-15
32,2,2,74,   4.4209706314694624E+04,   2.0974902555893872E-15,   5.3290705182007514E-15
32,2,2,75,   4.4209706322697850E+04,   1.4997635047918541E-14,   5.3290705182007514E-15
32,2,2,76,   4.4209706324405939E+04,   2.3492453228564590E-14,   5.3290705182007514E-15
32,2,2,77,   4.4209706328675398E+04,   1.3524908362251010E-14,   5.3290705182007514E-15
32,2,2,78,   4.4209706329079338E+04,   2.5576209844215030E-14,   5.3290705182007514E-15
32,2,2,79,   4.4209706336830408E+04,   1.0040636340161490E-15,   5.3290705182007514E-15
32,2,2,80,   4.4209706341022233E+04,   1.7669710965037660E-14,   5.3290705182007514E-15
32,2,2,81,   4.4209706348056883E+04,   1.3786527557250311E-15,   5.3290705182007514E-15
32,2,2,82,   4.4209706349853375E+04,   9.8051023597991602E-15,   5.3290705182007514E-15
32,2,2,83,   4.4209706353586633E+04,   7.7646158877962558E-15,   5.3290705182007514E-15
32,2,2,84,   4.4209706366417049E+04,   6.2681510667759331E-15,   5.3290705182007514E-15
32,2,2,85,   4.4209706368075997E+04,   2.5765165821568397E-15,   5.3290705182007514E-15
32,2,2,86,   4.4209706368407395E+04,   9.6455385904538968E-15,   5.3290705182007514E-15
32,2,2,87,   4.4209706373582587E+04,   3.5088881634746330E-15,   5.3290705182007514E-15
32,2,2,88,   4.4209706377121816E+04,   8.0631844234166353E-16,   5.3290705182007514E-15
32,2,2,89,   4.4209706384703059E+04,   3.3995636598135587E-15,   5.3290705182007514E-15
32,2,2,90,   4.4209706391004227E+04,   2.2043291888928237E-15,   5.3290705182007514E-15
32,2,2,91,   4.4209706399690498E+04,   3.5436701106877949E-16,   5.3290705182007514E-15
32,2,2,92,   4.4209706407864564E+04,   7.6769203748705379E-16,   5.3290705182007514E-15
32,2,2,93,   4.4209706409450875E+04,   9.7460257051421290E-16,   5.3290705182007514E-15
32,2,2,94,   4.4209706411334322E+04,   6.2668933350835825E-16,   5.3290705182007514E-15
32,2,2,95,   4.4209706426455436E+04,   3.3225816474419660E-15,   5.3290705182007514E-15
32,2,2,96,   4.4209706436189292E+04,   1.6292485488051955E-16,   5.3290705182007514E-15
32,2,2,97,   4.4209706442070521E+04,   1.0384015098497827E-15,   5.3290705182007514E-15
32,2,2,98,   4.4209706445042757E+04,   2.0802211438086610E-15,   5.3290705182007514E-15
32,2,2,99,   4.4209706445698757E+04,   3.7844509940331248E-15,   5.3290705182007514E-15
32,2,2,100,   4.4209706449442994E+04,   5.5336353212606098E-15,   5.3290705182007514E-15
32,2,2,101,   4.4209706455145017E+04,   3.0115437359377053E-15,   5.3290705182007514E-15
32,2,2,102,   4.4209706462986520E+04,   8.5633583925163715E-15,   5.3290705182007514E-15
32,2,2,103,   4.4209706465991476E+04,   1.1444598602686554E-14,   5.3290705182007514E-15
32,2,2,104,   4.4209706476340776E+04,   1.6431085006841503E-14,   5.3290705182007514E-15
32,2,2,105,   4.4209706479660315E+04,   1.0756222745575577E-14,   5.3290705182007514E-15
32,2,2,106,   4.4209706479819950E+04,   7.1986635334695549E-15,   5.3290705182007514E-15
32,2,2,107,   4.4209706485654082E+04,   1.0209020059151957E-14,   5.3290705182007514E-15
32,2,2,108,   4.4209706486072762E+04,   1.4957184897259102E-14,   5.3290705182007514E-15
32,2,2,109,   4.4209706490933619E+04,   7.0413041322546705E-15,   5.3290705182007514E-15
32,2,2,110,   4.4209706491319288E+04,   1.7637263504556402E-14,   5.3290705182007514E-15
32,2,2,111,   4.4209706499986736E+04,   1.6999554600420610E-15,   5.3290705182007514E-15
32,2,2,112,   4.4209706507497351E+04,   1.1634331488281979E-15,   5.3290705182007514E-15
32,2,2,113,   4.4209706508700889E+04,   1.2109535590351667E-15,   5.3290705182007514E-15
32,2,2,114,   4.4209706509823474E+04,   3.3423637464868236E-15,   5.3290705182007514E-15
32,2,2,115,   4.4209706510858159E+04,   9.8052045995203537E-15,   5.3290705182007514E-15
32,2,2,116,   4.4209706522718057E+04,   1.6230670865523758E-14,   5.3290705182007514E-15
32,2,2,117,   4.4209706525764392E+04,   1.8192184474760598E-14,   5.3290705182007514E-15
32,2,2,118,   4.4209706528510942E+04,   2.2644671527649120E-14,   5.3290705182007514E-15
32,2,2,119,   4.4209706543647677E+04,   1.0724011673659631E-14,   5.3290705182007514E-15
32,2,2,120,   4.4209706563950371E+04,   2.6959043256710256E-14,   5.3290705182007514E-15
32,2,2,121,   4.4209706564274726E+04,   1.3997141550866290E-14,   5.3290705182007514E-15
32,2,2,122,   4.4209706570265662E+04,   2.1792564922010993E-14,   5.3290705182007514E-15
32,2,2,123,   4.4209706571326278E+04,   2.4568413894991708E-15,   5.3290705182007514E-15
32,2,2,124,   4.4209706581609345E+04,   1.5836720956613681E-14,   5.3290705182007514E-15
32,2,2,125,   4.4209706587985311E+04,   5.5938419963814515E-14,   5.3290705182007514E-15
32,2,2,126,   4.4209706594102296E+04,   5.2785194959025741E-15,   5.3290705182007514E-15
32,2,2,127,   4.4209706627381333E+04,   2.8121185527389423E-14,   5.3290705182007514E-15
32,2,2,128,   2.8140922397505064E+07,   1.4094640453117692E-14,   5.3290705182007514E-15
32,2,2,129,   1.0231318583430992E+08,   3.1871669723843201E-15,   5.3290705182007514E-15
32,2,2,130,   2.0496802586409086E+08,   1.3209712793583362E-15,   5.3290705182007514E-15
32,2,2,131,   3.3871896497446984E+08,   7.7684977919843304E-16,   5.3290705182007514E-15
32,2,2,132,   5.0380765342771137E+08,   3.8111236573184890E-16,   5.3290705182007514E-15
32,2,2,133,   7.0026662395298862E+08,   4.3102334324568836E-16,   5.3290705182007514E-15
32,2,2,134,   9.2768299997994256E+08,   1.3369981246363982E-16,   5.3290705182007514E-15
32,2,2,135,   1.1833379051195104E+09,   1.0990636818712047E-16,   5.3290705182007514E-15
32,2,2,136,   1.4546685328887749E+09,   7.2853753493290048E-17,   5.3290705182007514E-15
32,2,2,137,   1.7145422434627478E+09,   5.6700701026165709E-17,   5.3290705182007514E-15
32,2,2,138,   1.9975273730816493E+09,   4.7481597439607717E-17,   5.3290705182007514E-15
32,2,2,139,   2.3643833506590595E+09,   8.0117791258598645E-17,   5.3290705182007514E-15
32,2,2,140,   2.8063249933011308E+09,   8.7697180588562308E-17,   5.3290705182007514E-15
32,2,2,141,   3.3131869779889493E+09,   1.2066806958774472E-16,   5.3290705182007514E-15
32,2,2,142,   3.8818209902827597E+09,   8.5177036927490819E-17,   5.3290705182007514E-15
32,2,2,143,   4.5072134107082214E+09,   6.8883591645639571E-17,   5.3290705182007514E-15
32,2,2,144,   5.1724134140348845E+09,   4.3829223731642264E-17,   5.3290705182007514E-15
32,2,2,145,   5.8427124179441710E+09,   3.5623502321479247E-17,   5.3290705182007514E-15
32,2,2,146,   6.5331325487125158E+09,   2.9183100380981530E-17,   5.3290705182007514E-15
32,2,2,147,   7.3443163175634899E+09,   2.7873138144934644E-17,   5.3290705182007514E-15
32,2,2,148,   8.3043310094045038E+09,   2.5730467440583520E-17,   5.3290705182007514E-15
32,2,2,149,   9.3831792211432018E+09,   2.2583881821741667E-17,   5.3290705182007514E-15
32,2,2,150,   1.0504381536788136E+10,   1.7775833367876293E-17,   5.3290705182007514E-15
32,2,2,151,   1.1468418352290800E+10,   1.3441629820211420E-17,   5.3290705182007514E-15
32,2,2,152,   1.2527471187352972E+10,   1.4300692520290302E-17,   5.3290705182007514E-15
32,2,2,153,   1.3976662318052847E+10,   1.4499132350657054E-17,   5.3290705182007514E-15
32,2,2,154,   1.5592532476040419E+10,   1.2122362096727711E-17,   5.3290705182007514E-15
32,2,2,155,   1.6826607545828539E+10,   7.9805979512791415E-18,   5.3290705182007514E-15
32,2,2,156,   1.8216715193497044E+10,   1.0066028235998960E-17,   5.3290705182007514E-15
32,2,2,157,   2.0325409011752647E+10,   1.0492681399511584E-17,   5.3290705182007514E-15
32,2,2,158,   2.2024825511774223E+10,   5.9512260850496164E-18,   5.3290705182007514E-15
32,2,2,159,   2.3573264765121189E+10,   8.5188822566552420E-18,   5.3290705182007514E-15
32,2,2,160,   2.6332200211479797E+10,   7.3533779015480849E-18,   5.3290705182007514E-15
32,2,2,161,   2.7809810706630806E+10,   4.2155200887920294E-18,   5.3290705182007514E-15
32,2,2,162,   3.0675557689910259E+10,   6.5262331533157972E-18,   5.3290705182007514E-15
32,2,2,163,   3.2908976060922928E+10,   3.2635847844752664E-18,   5.3290705182007514E-15
32,2,2,164,   3.5846861248660980E+10,   7.3972775832183553E-18,   5.3290705182007514E-15
32,2,2,165,   3.8330768612578842E+10,   3.1643759433745609E-18,   5.3290705182007514E-15
32,2,2,166,   4.2373888110460373E+10,   5.1726005210763930E-18,   5.3290705182007514E-15
32,2,2,167,   4.4166441063931000E+10,   3.5593732646222642E-18,   5.3290705182007514E-15
32,2,2,168,   4.8862023759016808E+10,   3.1186857800297389E-18,   5.3290705182007514E-15
32,2,2,169,   5.3500737943439911E+10,   3.0651707182617562E-18,   5.3290705182007514E-15
32,2,2,170,   5.5794426015919296E+10,   3.8158809979880787E-18,   5.3290705182007514E-15
32,2,2,171,   5.9979705259646652E+10,   2.5607043873762783E-18,   5.3290705182007514E-15
32,2,2,172,   6.5223633636601868E+10,   2.3524353769105804E-18,   5.3290705182007514E-15
32,2,2,173,   7.0668790688643936E+10,   2.0162884708373215E-18,   5.3290705182007514E-15
32,2,2,174,   7.6328601290799744E+10,   2.0577871136457758E-18,   5.3290705182007514E-15
32,2,2,175,   8.2302826494187195E+10,   2.0435338202832696E-18,   5.3290705182007514E-15
32,2,2,176,   8.8697253607634689E+10,   1.9705538535394494E-18,   5.3290705182007514E-15
32,2,2,177,   9.5600891299511688E+10,   1.9578220442828958E-18,   5.3290705182007514E-15
32,2,2,178,   1.0309017445634164E+11,   1.4515629102076771E-18,   5.3290705182007514E-15
32,2,2,179,   1.1124022530209360E+11,   1.5899459930658165E-18,   5.3290705182007514E-15
32,2,2,180,   1.2013339237654758E+11,   1.2700355311262394E-18,   5.3290705182007514E-15
32,2,2,181,   1.2986505634154070E+11,   1.2723689380565865E-18,   5.3290705182007514E-15
32,2,2,182,   1.4054883568774728E+11,   1.7261857289546666E-18,   5.3290705182007514E-15
32,2,2,183,   1.5232290649364789E+11,   1.2981470162062223E-18,   5.3290705182007514E-15
32,2,2,184,   1.6535899398115622E+11,   1.2897129983298168E-18,   5.3290705182007514E-15
32,2,2,185,   1.7987623320580081E+11,   1.1741842629896649E-18,   5.3290705182007514E-15
32,2,2,186,   1.9616394243981995E+11,   1.0849390522852062E-18,   5.3290705182007514E-15
32,2,2,187,   2.1462184206099304E+11,   1.1509878121371301E-18,   5.3290705182007514E-15
32,2,2,188,   2.3583808934846179E+11,   8.3257060002983630E-19,   5.3290705182007514E-15
32,2,2,189,   2.6076217685262582E+11,   8.9416518515789352E-19,   5.3290705182007514E-15
32,2,2,190,   2.9117579952647070E+11,   8.9080138622653821E-19,   5.3290705182007514E-15
32,2,2,191,   3.3157698554812781E+11,   9.7969883072103463E-19,   5.3290705182007514E-15
32,3,1,1,   9.2566806021709098E+00,   2.8646510913393574E-14,   9.8809849191638932E-15
32,3,1,2,   9.2566965678587820E+00,   2.7798873920826316E-14,   9.8809849191638932E-15
32,3,1,3,   9.2567917622337728E+00,   3.1731363049487638E-14,   9.8809849191638932E-15
32,3,1,4,   9.2567977797519827E+00,   3.1631781301598672E-14,   9.8809849191638932E-15
32,3,1,5,   9.2568131732185961E+00,   3.2065001040452913E-14,   9.8809849191638932E-15
32,3,1,6,   9.2568764904018597E+00,   1.8250703374247532E-14,   9.8809849191638932E-15
32,3,1,7,   9.2568804495261769E+00,   2.4687201463298621E-14,   9.8809849191638932E-15
32,3,1,8,   9.2568813300192492E+00,   2.3111630704792808E-14,   9.8809849191638932E-15
32,3,1,9,   9.2568881850309754E+00,   1.8048719022786490E-14,   9.8809849191638932E-15
32,3,1,10,   9.2569166529280906E+00,   1.9633099863592672E-14,   9.8809849191638932E-15
32,3,1,11,   9.2569195380276224E+00,   1.2269229194554355E-14,   9.8809849191638932E-15
32,3,1,12,   9.2569317548459615E+00,   1.7769151996951126E-14,   9.8809849191638932E-15
32,3,1,13,   9.2569457701932798E+00,   2.0792793525910071E-14,   9.8809849191638932E-15
32,3,1,14,   9.2569535541334425E+00,   1.5917371742626578E-14,   9.8809849191638932E-15
32,3,1,15,   9.2569869694336706E+00,   1.0005773020090442E-14,   9.8809849191638932E-15
32,3,1,16,   9.2569901952583162E+00,   1.7226997039133390E-14,   9.8809849191638932E-15
32,3,1,17,   9.2570025928884458E+00,   1.5593131818134600E-14,   9.8809849191638932E-15
32,3,1,18,   9.2570061337640652E+00,   1.6917061835120748E-14,   9.8809849191638932E-15
32,3,1,19,   9.2570203941235079E+00,   1.3335281904695864E-14,   9.8809849191638932E-15
32,3,1,20,   9.2570587622003586E+00,   1.3449532500274816E-14,   9.8809849191638932E-15
32,3,1,21,   9.2570642856087559E+00,   1.2363710755845801E-14,   9.8809849191638932E-15
32,3,1,22,   9.2570682798198369E+00,   9.4703601384024142E-15,   9.8809849191638932E-15
32,3,1,23,   9.2570742535521955E+00,   1.2141001248793731E-14,   9.8809849191638932E-15
32,3,1,24,   9.2571027030855078E+00,   9.7357075843306817E-15,   9.8809849191638932E-15
32,3,1,25,   9.2571314284799389E+00,   1.0008877096815716E-14,   9.8809849191638932E-15
32,3,1,26,   9.2571326465002315E+00,   9.6705742512648001E-15,   9.8809849191638932E-15
32,3,1,27,   9.2571391639505443E+00,   8.3802295718200687E-15,   9.8809849191638932E-15
32,3,1,28,   9.2571462412440280E+00,   9.2879023362135794E-15,   9.8809849191638932E-15
32,3,1,29,   9.2571608999402102E+00,   6.5876122631962303E-15,   9.8809849191638932E-15
32,3,1,30,   9.2571764668466727E+00,   7.2541636917074473E-15,   9.8809849191638932E-15
32,3,1,31,   9.2571912778093317E+00,   4.2231112995716224E-15,   9.8809849191638932E-15
32,3,1,32,   9.2571990343378037E+00,   5.3373774367934773E-15,   9.8809849191638932E-15
32,3,1,33,   9.2572114856991448E+00,   8.7708498450344158E-15,   9.8809849191638932E-15
32,3,1,34,   9.2572193497909563E+00,   5.4360617098277521E-15,   9.8809849191638932E-15
32,3,1,35,   9.2572277636433746E+00,   5.9986769767483639E-15,   9.8809849191638932E-15
32,3,1,36,   9.2572322600123620E+00,   4.7090393772824119E-15,   9.8809849191638932E-15
32,3,1,37,   9.2572359668839468E+00,   1.7252501396686721E-14,   9.8809849191638932E-15
32,3,1,38,   9.2572391382454189E+00,   5.2105688258657575E-15,   9.8809849191638932E-15
32,3,1,39,   9.2572489299875151E+00,   5.1948999869590927E-15,   9.8809849191638932E-15
32,3,1,40,   9.2572523562983093E+00,   4.0669325789840161E-15,   9.8809849191638932E-15
32,3,1,41,   9.2572541835304882E+00,   3.0552271856130107E-15,   9.8809849191638932E-15
32,3,1,42,   9.2572703209828315E+00,   3.4738531738615858E-15,   9.8809849191638932E-15
32,3,1,43,   9.2572743609090615E+00,   2.2924803122382533E-15,   9.8809849191638932E-15
32,3,1,44,   9.2572793895711225E+00,   2.4868395138949763E-15,   9.8809849191638932E-15
32,3,1,45,   9.2572798352870063E+00,   2.2990591337038910E-15,   9.8809849191638932E-15
32,3,1,46,   9.2572879451560564E+00,   2.0815227284053499E-15,   9.8809849191638932E-15
32,3,1,47,   9.2572939054079253E+00,   1.9567499638999833E-15,   9.8809849191638932E-15
32,3,1,48,   9.2573008920347224E+00,   1.0716224840162648E-15,   9.8809849191638932E-15
32,3,1,49,   9.2573157033378237E+00,   9.5305830073438085E-16,   9.8809849191638932E-15
32,3,1,50,   9.2573190881344321E+00,   6.6579163772412309E-16,   9.8809849191638932E-15
32,3,1,51,   9.2573204417149562E+00,   1.4831480523687802E-17,   9.8809849191638932E-15
32,3,1,52,   9.2573471624634021E+00,   1.4346426462545209E-15,   9.8809849191638932E-15
32,3,1,53,   9.2573498043735309E+00,   1.5031401889301484E-15,   9.8809849191638932E-15
32,3,1,54,   9.2573536267724776E+00,   1.6775478040806073E-15,   9.8809849191638932E-15
32,3,1,55,   9.2573678527992005E+00,   2.3239066006667762E-15,   9.8809849191638932E-15
32,3,1,56,   9.2573814244771686E+00,   3.7488255585142071E-15,   9.8809849191638932E-15
32,3,1,57,   9.2573934864070999E+00,   3.7402973203620873E-15,   9.8809849191638932E-15
32,3,1,58,   9.2574097658276475E+00,   4.1670762404340003E-15,   9.8809849191638932E-15
32,3,1,59,   9.2574192204866712E+00,   4.3361687110729012E-15,   9.8809849191638932E-15
32,3,1,60,   9.2574231008695893E+00,   5.1574361416037309E-15,   9.8809849191638932E-15
32,3,1,61,   9.2574289849297067E+00,   4.0906070561878685E-15,   9.8809849191638932E-15
32,3,1,62,   9.2574330897562689E+00,   7.9553465353714155E-15,   9.8809849191638932E-15
32,3,1,63,   9.2574340133626176E+00,   1.0596804271670690E-14,   9.8809849191638932E-15
32,3,1,64,   9.2574787732122594E+00,   9.0815153348857778E-15,   9.8809849191638932E-15
32,3,1,65,   9.2575023879788194E+00,   8.7342444605308108E-15,   9.8809849191638932E-15
32,3,1,66,   9.2575035889422193E+00,   1.0055351751848657E-14,   9.8809849191638932E-15
32,3,1,67,   9.2575203050958645E+00,   1.1621737289014861E-14,   9.8809849191638932E-15
32,3,1,68,   9.2575269474809296E+00,   1.1510411422282963E-14,   9.8809849191638932E-15
32,3,1,69,   9.2575335253093023E+00,   1.2570033791316002E-14,   9.8809849191638932E-15
32,3,1,70,   9.2575384642097092E+00,   8.0345983427324851E-15,   9.8809849191638932E-15
32,3,1,71,   9.2575505800146285E+00,   1.5027765496685117E-14,   9.8809849191638932E-15
32,3,1,72,   9.2575576693354993E+00,   1.1268208845601565E-14,   9.8809849191638932E-15
32,3,1,73,   9.2575682949501967E+00,   1.4341493215579752E-14,   9.8809849191638932E-15
32,3,1,74,   9.2575786615125732E+00,   1.2508617348183924E-14,   9.8809849191638932E-15
32,3,1,75,   9.2575842875578349E+00,   1.1713758738624296E-14,   9.8809849191638932E-15
32,3,1,76,   9.2575892776801911E+00,   1.2438207872741056E-14,   9.8809849191638932E-15
32,3,1,77,   9.2576000084851469E+00,   1.5957278738023421E-14,   9.8809849191638932E-15
32,3,1,78,   9.2576094229277075E+00,   1.5771703838129839E-14,   9.8809849191638932E-15
32,3,1,79,   9.2576104629432816E+00,   1.2481408362409714E-14,   9.8809849191638932E-15
32,3,1,80,   9.2576202672827819E+00,   1.3761584125771488E-14,   9.8809849191638932E-15
32,3,1,81,   9.2576410498701023E+00,   1.6391248450362142E-14,   9.8809849191638932E-15
32,3,1,82,   9.2576429512479166E+00,   1.8218720093860488E-14,   9.8809849191638932E-15
32,3,1,83,   9.2576487651066568E+00,   1.7885763619455799E-14,   9.8809849191638932E-15
32,3,1,84,   9.2576585959610700E+00,   2.2126478382258230E-14,   9.8809849191638932E-15
32,3,1,85,   9.2576703791935930E+00,   2.1175390913152991E-14,   9.8809849191638932E-15
32,3,1,86,   9.2576724678949507E+00,   1.5199582035770450E-14,   9.8809849191638932E-15
32,3,1,87,   9.2576818067445323E+00,   2.7482198158454627E-14,   9.8809849191638932E-15
32,3,1,88,   9.2576942577575281E+00,   1.6983671165385439E-14,   9.8809849191638932E-15
32,3,1,89,   9.2577049046515913E+00,   2.4721970135300616E-14,   9.8809849191638932E-15
32,3,1,90,   9.2577313573116662E+00,   1.8339206815808837E-14,   9.8809849191638932E-15
32,3,1,91,   9.2577378494437017E+00,   2.2570967915082665E-14,   9.8809849191638932E-15
32,3,1,92,   9.2577667909713117E+00,   2.2065484148681152E-14,   9.8809849191638932E-15
32,3,1,93,   9.2577943245327496E+00,   2.1723576883970382E-14,   9.8809849191638932E-15
32,3,1,94,   9.2578443537833230E+00,   3.6854502082896564E-14,   9.8809849191638932E-15
32,3,1,95,   9.2579126098529034E+00,   3.1831888850169852E-14,   9.8809849191638932E-15
32,3,1,96,   9.2579596291857360E+00,   2.3804626190345763E-14,   9.8809849191638932E-15
32,3,1,97,   4.4209705658788618E+04,   5.4107387568342360E-15,   9.8809849191638932E-15
32,3,1,98,   4.4209705731033908E+04,   2.5489511621081235E-14,   9.8809849191638932E-15
32,3,1,99,   4.4209705773796733E+04,   5.6898113436220483E-15,   9.8809849191638932E-15
32,3,1,100,   4.4209705874543884E+04,   7.8994263905089972E-15,   9.8809849191638932E-15
32,3,1,101,   4.4209705987620247E+04,   6.7393578250876980E-15,   9.8809849191638932E-15
32,3,1,102,   4.4209705998175341E+04,   1.1116264832894955E-14,   9.8809849191638932E-15
32,3,1,103,   4.4209706056450421E+04,   2.1685908367190504E-15,   9.8809849191638932E-15
32,3,1,104,   4.4209706068660729E+04,   3.0087852864079962E-15,   9.8809849191638932E-15
32,3,1,105,   4.4209706070334338E+04,   1.1264613767071398E-14,   9.8809849191638932E-15
32,3,1,106,   4.4209706082859615E+04,   9.3567612586802688E-15,   9.8809849191638932E-15
32,3,1,107,   4.4209706095578942E+04,   9.3290623881660275E-15,   9.8809849191638932E-15
32,3,1,108,   4.4209706109021921E+04,   6.1989494847700427E-15,   9.8809849191638932E-15
32,3,1,109,   4.4209706115795561E+04,   1.0484495622813575E-14,   9.8809849191638932E-15
32,3,1,110,   4.4209706120709823E+04,   1.5706598569174494E-14,   9.8809849191638932E-15
32,3,1,111,   4.4209706122818869E+04,   1.9184756978483081E-15,   9.8809849191638932E-15
32,3,1,112,   4.4209706142762225E+04,   1.4420184422744729E-14,   9.8809849191638932E-15
32,3,1,113,   4.4209706147017110E+04,   4.1668699263360273E-15,   9.8809849191638932E-15
32,3,1,114,   4.4209706168483601E+04,   7.6683057970445714E-15,   9.8809849191638932E-15
32,3,1,115,   4.4209706168889985E+04,   1.2848782434884822E-14,   9.8809849191638932E-15
32,3,1,116,   4.4209706169233599E+04,   4.0069111541884815E-15,   9.8809849191638932E-15
32,3,1,117,   4.4209706189513221E+04,   1.1217113772610745E-14,   9.8809849191638932E-15
32,3,1,118,   4.4209706189693788E+04,   4.1386165208715785E-15,   9.8809849191638932E-15
32,3,1,119,   4.4209706190528923E+04,   5.1230256247259410E-15,   9.8809849191638932E-15
32,3,1,120,   4.4209706196837804E+04,   1.4768174752799048E-14,   9.8809849191638932E-15
32,3,1,121,   4.4209706205590461E+04,   3.4841520431706016E-15,   9.8809849191638932E-15
32,3,1,122,   4.4209706215512211E+04,   6.7322384479752940E-15,   9.8809849191638932E-15
32,3,1,123,   4.4209706216409752E+04,   1.1990307616634113E-14,   9.8809849191638932E-15
32,3,1,124,   4.4209706236342958E+04,   6.1558903638536414E-15,   9.8809849191638932E-15
32,3,1,125,   4.4209706277549260E+04,   3.8354617143451712E-15,   9.8809849191638932E-15
32,3,1,126,   4.4209706288695292E+04,   7.3572757464126088E-15,   9.8809849191638932E-15
32,3,1,127,   4.4209706291841401E+04,   1.5083365027753645E-15,   9.8809849191638932E-15
32,3,1,128,   4.4209706309127119E+04,   4.1896927998312878E-15,   9.8809849191638932E-15
32,3,1,129,   4.4209706316351876E+04,   2.5604698429475429E-15,   9.8809849191638932E-15
32,3,1,130,   4.4209706319868528E+04,   5.1648548084068002E-15,   9.8809849191638932E-15
32,3,1,131,   4.4209706325747306E+04,   4.9837222950051781E-15,   9.8809849191638932E-15
32,3,1,132,   4.4209706326834654E+04,   3.1366397960831088E-15,   9.8809849191638932E-15
32,3,1,133,   4.4209706334385701E+04,   4.2208722865909051E-15,   9.8809849191638932E-15
32,3,1,134,   4.4209706352889531E+04,   3.4983112692709501E-15,   9.8809849191638932E-15
32,3,1,135,   4.4209706354677270E+04,   2.1702409072368732E-15,   9.8809849191638932E-15
32,3,1,136,   4.4209706360673481E+04,   7.7570228652235526E-16,   9.8809849191638932E-15
32,3,1,137,   4.4209706369902706E+04,   1.6525297473531759E-15,   9.8809849191638932E-15
32,3,1,138,   4.4209706369970612E+04,   1.0576025103129213E-16,   9.8809849191638932E-15
32,3,1,139,   4.4209706382284356E+04,   1.6193692726123970E-15,   9.8809849191638932E-15
32,3,1,140,   4.4209706397226655E+04,   6.4411557106660868E-16,   9.8809849191638932E-15
32,3,1,141,   4.4209706398991402E+04,   5.6760353684202961E-16,   9.8809849191638932E-15
32,3,1,142,   4.4209706401193158E+04,   5.4247173193735502E-16,   9.8809849191638932E-15
32,3,1,143,   4.4209706409327679E+04,   2.2271825458071058E-16,   9.8809849191638932E-15
32,3,1,144,   4.4209706415902379E+04,   1.1464610890039020E-16,   9.8809849191638932E-15
32,3,1,145,   4.4209706426140998E+04,   2.7487608375657444E-15,   9.8809849191638932E-15
32,3,1,146,   4.4209706441370188E+04,   9.7308700969988926E-16,   9.8809849191638932E-15
32,3,1,147,   4.4209706441472408E+04,   8.9233342135260045E-16,   9.8809849191638932E-15
32,3,1,148,   4.4209706448935030E+04,   5.8467814596341581E-16,   9.8809849191638932E-15
32,3,1,149,   4.4209706453220300E+04,   3.9126851373898476E-16,   9.8809849191638932E-15
32,3,1,150,   4.4209706457525870E+04,   1.1612572482579091E-15,   9.8809849191638932E-15
32,3,1,151,   4.4209706468330412E+04,   1.8768883437574616E-15,   9.8809849191638932E-15
32,3,1,152,   4.4209706485497234E+04,   1.0733010274119230E-15,   9.8809849191638932E-15
32,3,1,153,   4.4209706494651342E+04,   4.3929408918965520E-16,   9.8809849191638932E-15
32,3,1,154,   4.4209706501342320E+04,   2.7322113106522243E-15,   9.8809849191638932E-15
32,3,1,155,   4.4209706515544429E+04,   3.5179782492429857E-15,   9.8809849191638932E-15
32,3,1,156,   4.4209706518232895E+04,   5.0833903583251551E-15,   9.8809849191638932E-15
32,3,1,157,   4.4209706532727068E+04,   7.1737874874028654E-15,   9.8809849191638932E-15
32,3,1,158,   4.4209706533729688E+04,   4.3746534373411321E-15,   9.8809849191638932E-15
32,3,1,159,   4.4209706536072968E+04,   8.1214502412160269E-16,   9.8809849191638932E-15
32,3,1,160,   4.4209706538952640E+04,   4.4052218552103473E-15,   9.8809849191638932E-15
32,3,1,161,   4.4209706560313469E+04,   4.5319655191417171E-15,   9.8809849191638932E-15
32,3,1,162,   4.4209706566952009E+04,   2.7171311931489192E-15,   9.8809849191638932E-15
32,3,1,163,   4.4209706580973900E+04,   4.2011412013674644E-15,   9.8809849191638932E-15
32,3,1,164,   4.4209706581413746E+04,   8.3483283944061668E-15,   9.8809849191638932E-15
32,3,1,165,   4.4209706587518100E+04,   6.3991577525175234E-15,   9.8809849191638932E-15
32,3,1,166,   4.4209706590529197E+04,   1.3941100937739193E-15,   9.8809849191638932E-15
32,3,1,167,   4.4209706594943964E+04,   1.6774223769580691E-14,   9.8809849191638932E-15
32,3,1,168,   4.4209706600742647E+04,   1.0509849487018721E-14,   9.8809849191638932E-15
32,3,1,169,   4.4209706603989362E+04,   9.8611193056311831E-16,   9.8809849191638932E-15
32,3,1,170,   4.4209706613521950E+04,   8.4348656729695071E-16,   9.8809849191638932E-15
32,3,1,171,   4.4209706628308340E+04,   1.6995622655379759E-15,   9.8809849191638932E-15
32,3,1,172,   4.4209706675983936E+04,   1.0855839421989238E-14,   9.8809849191638932E-15
32,3,1,173,   4.4209706676793830E+04,   4.3840066515702819E-15,   9.8809849191638932E-15
32,3,1,174,   4.4209706684780132E+04,   9.1649524184666961E-15,   9.8809849191638932E-15
32,3,1,175,   4.4209706687621328E+04,   4.0388917359947569E-15,   9.8809849191638932E-15
32,3,1,176,   4.4209706689995211E+04,   3.7212063256682664E-15,   9.8809849191638932E-15
32,3,1,177,   4.4209706761138907E+04,   1.2335195904992626E-14,   9.8809849191638932E-15
32,3,1,178,   4.4209706827246977E+04,   5.0368756461238482E-15,   9.8809849191638932E-15
32,3,1,179,   4.4209706839561470E+04,   1.1093914533289402E-14,   9.8809849191638932E-15
32,3,1,180,   4.4209706845743727E+04,   3.3175684903869761E-14,   9.8809849191638932E-15
32,3,1,181,   4.4209706849824055E+04,   2.0169407694293393E-14,   9.8809849191638932E-15
32,3,1,182,   4.4209706857207268E+04,   3.1824841390875697E-14,   9.8809849191638932E-15
32,3,1,183,   4.4209706879297351E+04,   9.6014358799561835E-15,   9.8809849191638932E-15
32,3,1,184,   4.4209706888229492E+04,   1.7592690576700830E-15,   9.8809849191638932E-15
32,3,1,185,   4.4209706892346498E+04,   2.1765950477632776E-15,   9.8809849191638932E-15
32,3,1,186,   4.4209706905182968E+04,   7.6200557296568733E-15,   9.8809849191638932E-15
32,3,1,187,   4.4209706956626083E+04,   7.1382027282676901E-15,   9.8809849191638932E-15
32,3,1,188,   4.4209706990171573E+04,   1.1955859761865842E-14,   9.8809849191638932E-15
32,3,1,189,   4.4209707008711754E+04,   2.4410096728093481E-14,   9.8809849191638932E-15
32,3,1,190,   4.4209707011029561E+04,   1.0384452209758806E-14,   9.8809849191638932E-15
32,3,1,191,   4.4209707200467594E+04,   1.4643602943838007E-14,   9.8809849191638932E-15
32,3,1,192,   2.8140922222289037E+07,   8.8005929775477659E-15,   9.8809849191638932E-15
32,3,1,193,   1.0231315425451797E+08,   4.3842990860560947E-15,   9.8809849191638932E-15
32,3,1,194,   2.0496727712880364E+08,   1.7299917598172018E-15,   9.8809849191638932E-15
32,3,1,195,   3.3871248453017211E+08,   2.6788043344025866E-15,   9.8809849191638932E-15
32,3,1,196,   5.0377935433871531E+08,   7.1041875394183563E-16,   9.8809849191638932E-15
32,3,1,197,   7.0022909153569508E+08,   6.1326091298233733E-16,   9.8809849191638932E-15
32,3,1,198,   9.2809171804732704E+08,   3.0833977034651720E-16,   9.8809849191638932E-15
32,3,1,199,   1.1873952817925069E+09,   2.3046726904334584E-16,   9.8809849191638932E-15
32,3,1,200,   1.4781215398768685E+09,   1.2999991928675645E-16,   9.8809849191638932E-15
32,3,1,201,   1.7998021056873295E+09,   1.1095170791941428E-16,   9.8809849191638932E-15
32,3,1,202,   2.1493722753506002E+09,   5.7999444662278904E-17,   9.8809849191638932E-15
32,3,1,203,   2.5110882866926990E+09,   4.3434833434920434E-17,   9.8809849191638932E-15
32,3,1,204,   2.8387741736614513E+09,   4.0311731616107374E-17,   9.8809849191638932E-15
32,3,1,205,   3.1733031123058071E+09,   3.1792872434917880E-17,   9.8809849191638932E-15
32,3,1,206,   3.6134179897297525E+09,   4.6015846364602793E-17,   9.8809849191638932E-15
32,3,1,207,   4.1311560211481352E+09,   6.7011898024982354E-17,   9.8809849191638932E-15
32,3,1,208,   4.7021440368755770E+09,   6.9303920270982703E-17,   9.8809849191638932E-15
32,3,1,209,   5.3192588097322750E+09,   7.2713787634910596E-17,   9.8809849191638932E-15
32,3,1,210,   5.9861775131336641E+09,   6.5313942126186082E-17,   9.8809849191638932E-15
32,3,1,211,   6.7119092639623957E+09,   7.4961587292862000E-17,   9.8809849191638932E-15
32,3,1,212,   7.4982219508356266E+09,   7.9588983629578670E-17,   9.8809849191638932E-15
32,3,1,213,   8.3346199256306343E+09,   6.4881339304484734E-17,   9.8809849191638932E-15
32,3,1,214,   9.2148257349812050E+09,   6.3036818875974914E-17,   9.8809849191638932E-15
32,3,1,215,   1.0159113242803858E+10,   6.0417916693483866E-17,   9.8809849191638932E-15
32,3,1,216,   1.1184581036831882E+10,   5.4800044893153421E-17,   9.8809849191638932E-15
32,3,1,217,   1.2264902299275110E+10,   4.7252368377942945E-17,   9.8809849191638932E-15
32,3,1,218,   1.3384300940046373E+10,   4.3988329556460398E-17,   9.8809849191638932E-15
32,3,1,219,   1.4596457685674461E+10,   3.9631449988190796E-17,   9.8809849191638932E-15
32,3,1,220,   1.5888759460803808E+10,   3.9846221447808017E-17,   9.8809849191638932E-15
32,3,1,221,   1.7192625337065281E+10,   2.9368820906291806E-17,   9.8809849191638932E-15
32,3,1,222,   1.8586304081460110E+10,   2.4690212794125262E-17,   9.8809849191638932E-15
32,3,1,223,   1.9967594327122013E+10,   2.0669512425534387E-17,   9.8809849191638932E-15
32,3,1,224,   2.1244754022940510E+10,   1.4851341830201380E-17,   9.8809849191638932E-15
32,3,1,225,   2.2532479239753414E+10,   1.2363220078802901E-17,   9.8809849191638932E-15
32,3,1,226,   2.4036789744534718E+10,   1.5137702680833410E-17,   9.8809849191638932E-15
32,3,1,227,   2.5757263421429321E+10,   1.5749393317429726E-17,   9.8809849191638932E-15
32,3,1,228,   2.7616775932401638E+10,   1.4919856598322626E-17,   9.8809849191638932E-15
32,3,1,229,   2.9629948797065979E+10,   1.1726505874272267E-17,   9.8809849191638932E-15
32,3,1,230,   3.1743753557388767E+10,   1.2738743900301250E-17,   9.8809849191638932E-15
32,3,1,231,   3.3976567910328289E+10,   1.0645068266938139E-17,   9.8809849191638932E-15
32,3,1,232,   3.6380315229132195E+10,   9.9887553015832967E-18,   9.8809849191638932E-15
32,3,1,233,   3.8734194249285080E+10,   8.6059248374013105E-18,   9.8809849191638932E-15
32,3,1,234,   4.1003973402237625E+10,   4.4670117813297174E-18,   9.8809849191638932E-15
32,3,1,235,   4.2533984702649414E+10,   3.8353955150506690E-18,   9.8809849191638932E-15
32,3,1,236,   4.4821929978721085E+10,   6.0574203792016770E-18,   9.8809849191638932E-15
32,3,1,237,   4.7647604065890610E+10,   7.2740964448514627E-18,   9.8809849191638932E-15
32,3,1,238,   5.0849579100220917E+10,   7.0874706019083150E-18,   9.8809849191638932E-15
32,3,1,239,   5.4289431698533905E+10,   6.9291752013092333E-18,   9.8809849191638932E-15
32,3,1,240,   5.7854353242743149E+10,   6.1361238236051194E-18,   9.8809849191638932E-15
32,3,1,241,   6.1126667830236610E+10,   2.8983091887910120E-18,   9.8809849191638932E-15
32,3,1,242,   6.2635458574268639E+10,   2.6959265631141088E-18,   9.8809849191638932E-15
32,3,1,243,   6.6094577274091843E+10,   5.4515345411672132E-18,   9.8809849191638932E-15
32,3,1,244,   7.0395404022175018E+10,   4.3836662313763067E-18,   9.8809849191638932E-15
32,3,1,245,   7.5052407230930817E+10,   5.4413856796817985E-18,   9.8809849191638932E-15
32,3,1,246,   7.9928523627035995E+10,   3.6318707020171587E-18,   9.8809849191638932E-15
32,3,1,247,   8.2166352565686371E+10,   1.5211931218707228E-18,   9.8809849191638932E-15
32,3,1,248,   8.5792377218835587E+10,   3.8078361775281332E-18,   9.8809849191638932E-15
32,3,1,249,   9.1603695026904160E+10,   3.6020559518573036E-18,   9.8809849191638932E-15
32,3,1,250,   9.7942713077945129E+10,   3.1641568084653644E-18,   9.8809849191638932E-15
32,3,1,251,   1.0210051623291722E+11,   1.0148225236782887E-18,   9.8809849191638932E-15
32,3,1,252,   1.0520890616069009E+11,   3.2090627719016540E-18,   9.8809849191638932E-15
32,3,1,253,   1.1279414425184276E+11,   2.7473088199894366E-18,   9.8809849191638932E-15
32,3,1,254,   1.2105044587534669E+11,   2.1415540119915185E-18,   9.8809849191638932E-15
32,3,1,255,   1.2260129802899782E+11,   1.2571714615256721E-18,   9.8809849191638932E-15
32,3,1,256,   1.3092542157390811E+11,   2.5171708933147307E-18,   9.8809849191638932E-15
32,3,1,257,   1.4143040428651773E+11,   1.9328083299725743E-18,   9.8809849191638932E-15
32,3,1,258,   1.4278643973612808E+11,   1.5900594753614236E-18,   9.8809849191638932E-15
32,3,1,259,   1.5416989751259970E+11,   1.9717921200891694E-18,   9.8809849191638932E-15
32,3,1,260,   1.6267351544194678E+11,   1.0068090360889816E-18,   9.8809849191638932E-15
32,3,1,261,   1.6889109163586496E+11,   1.8488637965991436E-18,   9.8809849191638932E-15
32,3,1,262,   1.8285270396281995E+11,   7.9007904103779363E-19,   9.8809849191638932E-15
32,3,1,263,   1.8690648518545166E+11,   1.9315422674157056E-18,   9.8809849191638932E-15
32,3,1,264,   2.0310376693930151E+11,   6.2540872618125952E-19,   9.8809849191638932E-15
32,3,1,265,   2.1059603101526279E+11,   2.0094456402278614E-18,   9.8809849191638932E-15
32,3,1,266,   2.2335836625738150E+11,   9.5283770111689386E-19,   9.8809849191638932E-15
32,3,1,267,   2.4356205039139780E+11,   7.2058558857432144E-19,   9.8809849191638932E-15
32,3,1,268,   2.5015759828279129E+11,   1.5855752410937847E-18,   9.8809849191638932E-15
32,3,1,269,   2.6384518606205423E+11,   7.5474056397841726E-19,   9.8809849191638932E-15
32,3,1,270,   2.8408720857870569E+11,   6.4447301937687237E-19,   9.8809849191638932E-15
32,3,1,271,   3.0435256978645520E+11,   7.5244387672596554E-19,   9.8809849191638932E-15
32,3,1,272,   3.2467458780453174E+11,   9.1207191798441270E-19,   9.8809849191638932E-15
32,3,1,273,   3.4518447891925378E+11,   7.7797344717154417E-19,   9.8809849191638932E-15
32,3,1,274,   3.6621094950575110E+11,   8.7471487820135694E-19,   9.8809849191638932E-15
32,3,1,275,   3.8829919694759772E+11,   6.6086406571735726E-19,   9.8809849191638932E-15
32,3,1,276,   4.1203854674609045E+11,   7.2558736265812661E-19,   9.8809849191638932E-15
32,3,1,277,   4.3789510369530365E+11,   8.6029394144346158E-19,   9.8809849191638932E-15
32,3,1,278,   4.6622729629469305E+11,   6.0259229870915568E-19,   9.8809849191638932E-15
32,3,1,279,   4.9738103798767859E+11,   6.7796261828713605E-19,   9.8809849191638932E-15
32,3,1,280,   5.3176318054968024E+11,   5.8348939547096669E-19,   9.8809849191638932E-15
32,3,1,281,   5.6989448128590149E+11,   6.5226013071892504E-19,   9.8809849191638932E-15
32,3,1,282,   6.1247062964043347E+11,   5.6190902915655820E-19,   9.8809849191638932E-15
32,3,1,283,   6.6046235556946399E+11,   6.1475179270896008E-19,   9.8809849191638932E-15
32,3,1,284,   7.1530851657960120E+11,   4.9018057061176786E-19,   9.8809849191638932E-15
32,3,1,285,   7.7934487591796899E+11,   4.5462038525587879E-19,   9.8809849191638932E-15
32,3,1,286,   8.5697408203904565E+11,   5.1317205978313989E-19,   9.8809849191638932E-15
32,3,1,287,   9.5935397612224634E+11,   4.8677019238308030E-19,   9.8809849191638932E-15
32,3,2,1,   9.2566818330240288E+00,   2.1528690350826450E-14,   8.9928064994637680E-15
32,3,2,2,   9.2567040570390926E+00,   2.8484726716618825E-14,   8.9928064994637680E-15
32,3,2,3,   9.2567823724182130E+00,   2.8374486436517674E-14,   8.9928064994637680E-15
32,3,2,4,   9.2568075371841712E+00,   2.4362223961207197E-14,   8.9928064994637680E-15
32,3,2,5,   9.2568123939339184E+00,   3.0919243928621101E-14,   8.9928064994637680E-15
32,3,2,6,   9.2568620943495805E+00,   2.3109213340371845E-14,   8.9928064994637680E-15
32,3,2,7,   9.2568765109930986E+00,   2.6693606234982506E-14,   8.9928064994637680E-15
32,3,2,8,   9.2568812314463340E+00,   2.1285049904647168E-14,   8.9928064994637680E-15
32,3,2,9,   9.2568884367623188E+00,   1.9122606361820390E-14,   8.9928064994637680E-15
32,3,2,10,   9.2569137818014511E+00,   2.4030314902985832E-14,   8.9928064994637680E-15
32,3,2,11,   9.2569194249918318E+00,   2.5249030952437693E-14,   8.9928064994637680E-15
32,3,2,12,   9.2569572077397790E+00,   1.8178953394746518E-14,   8.9928064994637680E-15
32,3,2,13,   9.2569707007513387E+00,   1.3908001139464598E-14,   8.9928064994637680E-15
32,3,2,14,   9.2569851880850198E+00,   1.2014111497494127E-14,   8.9928064994637680E-15
32,3,2,15,   9.2569912480013965E+00,   1.4008185281502799E-14,   8.9928064994637680E-15
32,3,2,16,   9.2570104840569378E+00,   1.5491915467741178E-14,   8.9928064994637680E-15
32,3,2,17,   9.2570282173192151E+00,   1.3872682914699348E-14,   8.9928064994637680E-15
32,3,2,18,   9.2570312364748517E+00,   1.5547572553714406E-14,   8.9928064994637680E-15
32,3,2,19,   9.2570394096314530E+00,   1.7342333668700190E-14,   8.9928064994637680E-15
32,3,2,20,   9.2570752086862225E+00,   9.7299317255703105E-15,   8.9928064994637680E-15
32,3,2,21,   9.2570773500707109E+00,   1.0546050613982968E-14,   8.9928064994637680E-15
32,3,2,22,   9.2570874899523723E+00,   1.1541380332418964E-14,   8.9928064994637680E-15
32,3,2,23,   9.2570986621899909E+00,   1.8841041000437077E-14,   8.9928064994637680E-15
32,3,2,24,   9.2571271361491476E+00,   1.2217599871082229E-14,   8.9928064994637680E-15
32,3,2,25,   9.2571318407993104E+00,   1.0626062734756126E-14,   8.9928064994637680E-15
32,3,2,26,   9.2571395856388321E+00,   8.3035655811494872E-15,   8.9928064994637680E-15
32,3,2,27,   9.2571397861251494E+00,   8.6966804800434330E-15,   8.9928064994637680E-15
32,3,2,28,   9.2571461203981613E+00,   9.6838537672526372E-15,   8.9928064994637680E-15
32,3,2,29,   9.2571550526756425E+00,   9.2064390066314550E-15,   8.9928064994637680E-15
32,3,2,30,   9.2571594371471999E+00,   9.4773349952119721E-15,   8.9928064994637680E-15
32,3,2,31,   9.2571622348597984E+00,   8.7510734722707028E-15,   8.9928064994637680E-15
32,3,2,32,   9.2571690429665185E+00,   8.2914919836024893E-15,   8.9928064994637680E-15
32,3,2,33,   9.2571707320428214E+00,   9.0435024422778492E-15,   8.9928064994637680E-15
32,3,2,34,   9.2571828551159907E+00,   7.1301385997178440E-15,   8.9928064994637680E-15
32,3,2,35,   9.2571858022297633E+00,   6.6258265588121432E-15,   8.9928064994637680E-15
32,3,2,36,   9.2571870627004191E+00,   7.5762764171885336E-15,   8.9928064994637680E-15
32,3,2,37,   9.2571940883739305E+00,   7.2228675992854839E-15,   8.9928064994637680E-15
32,3,2,38,   9.2572085082948821E+00,   9.8842056294533002E-15,   8.9928064994637680E-15
32,3,2,39,   9.2572175673191044E+00,   5.4696876139579688E-15,   8.9928064994637680E-15
32,3,2,40,   9.2572326026048870E+00,   4.8203519075754794E-15,   8.9928064994637680E-15
32,3,2,41,   9.2572398517228667E+00,   5.2324795332323223E-15,   8.9928064994637680E-15
32,3,2,42,   9.2572679735229126E+00,   3.7470986613847877E-15,   8.9928064994637680E-15
32,3,2,43,   9.2572681313206857E+00,   2.9967501870285448E-15,   8.9928064994637680E-15
32,3,2,44,   9.2572987416254264E+00,   1.2048470191249986E-15,   8.9928064994637680E-15
32,3,2,45,   9.2573032630068326E+00,   4.1840461891293103E-15,   8.9928064994637680E-15
32,3,2,46,   9.2573033930602566E+00,   1.6481717252100567E-15,   8.9928064994637680E-15
32,3,2,47,   9.2573073574250078E+00,   1.2070986687838302E-15,   8.9928064994637680E-15
32,3,2,48,   9.2573180643117041E+00,   1.0717476996479881E-15,   8.9928064994637680E-15
32,3,2,49,   9.2573204427289699E+00,   1.8933475810297763E-17,   8.9928064994637680E-15
32,3,2,50,   9.2573346116721318E+00,   8.6240391716832793E-16,   8.9928064994637680E-15
32,3,2,51,   9.2573414247829362E+00,   1.9510199129207176E-15,   8.9928064994637680E-15
32,3,2,52,   9.2573542512009812E+00,   1.5652515981061543E-15,   8.9928064994637680E-15
32,3,2,53,   9.2573543595656478E+00,   1.8497076557858004E-15,   8.9928064994637680E-15
32,3,2,54,   9.2573579101581043E+00,   1.6563561948349104E-15,   8.9928064994637680E-15
32,3,2,55,   9.2573631355356802E+00,   2.4463113738288577E-15,   8.9928064994637680E-15
32,3,2,56,   9.2573693841614979E+00,   2.8229941154040066E-15,   8.9928064994637680E-15
32,3,2,57,   9.2573732069626136E+00,   2.6719081953611452E-15,   8.9928064994637680E-15
32,3,2,58,   9.2573894850397931E+00,   1.0682156114860770E-14,   8.9928064994637680E-15
32,3,2,59,   9.2573918394392436E+00,   4.0122839843594527E-15,   8.9928064994637680E-15
32,3,2,60,   9.2573985387744635E+00,   3.9088254503014562E-15,   8.9928064994637680E-15
32,3,2,61,   9.2574125774367371E+00,   4.8626052641956510E-15,   8.9928064994637680E-15
32,3,2,62,   9.2574161140853022E+00,   4.3780721538540448E-15,   8.9928064994637680E-15
32,3,2,63,   9.2574216573719905E+00,   5.1378129204700191E-15,   8.9928064994637680E-15
32,3,2,64,   9.2574523796053896E+00,   8.8040413634939319E-15,   8.9928064994637680E-15
32,3,2,65,   9.2574668806049338E+00,   8.0606710031996686E-15,   8.9928064994637680E-15
32,3,2,66,   9.2574762475309011E+00,   8.2839437829781144E-15,   8.9928064994637680E-15
32,3,2,67,   9.2574773841342015E+00,   1.2094976297787583E-14,   8.9928064994637680E-15
32,3,2,68,   9.2574804325312883E+00,   8.7981494701896687E-15,   8.9928064994637680E-15
32,3,2,69,   9.2574935755793248E+00,   1.0139315024702821E-14,   8.9928064994637680E-15
32,3,2,70,   9.2574955043773066E+00,   9.5016040222482399E-15,   8.9928064994637680E-15
32,3,2,71,   9.2574961569462211E+00,   7.0715911472977246E-15,   8.9928064994637680E-15
32,3,2,72,   9.2575063437323752E+00,   9.7195025215760477E-15,   8.9928064994637680E-15
32,3,2,73,   9.2575092302034321E+00,   9.0753396565144912E-15,   8.9928064994637680E-15
32,3,2,74,   9.2575209533169431E+00,   9.2285088482964272E-15,   8.9928064994637680E-15
32,3,2,75,   9.2575303287475652E+00,   1.1202986374444006E-14,   8.9928064994637680E-15
32,3,2,76,   9.2575374200183589E+00,   9.8104602159353820E-15,   8.9928064994637680E-15
32,3,2,77,   9.2575452021667708E+00,   1.3320763515028485E-14,   8.9928064994637680E-15
32,3,2,78,   9.2575485042030099E+00,   1.3106760588545200E-14,   8.9928064994637680E-15
32,3,2,79,   9.2575663029420667E+00,   1.2143240906427062E-14,   8.9928064994637680E-15
32,3,2,80,   9.2575695058737146E+00,   1.3256209678948438E-14,   8.9928064994637680E-15
32,3,2,81,   9.2575952726085777E+00,   9.5444898434524693E-15,   8.9928064994637680E-15
32,3,2,82,   9.2576006119998091E+00,   1.5818886899406462E-14,   8.9928064994637680E-15
32,3,2,83,   9.2576180293247461E+00,   1.3114720371833604E-14,   8.9928064994637680E-15
32,3,2,84,   9.2576188651304658E+00,   1.3880123978157992E-14,   8.9928064994637680E-15
32,3,2,85,   9.2576348110653015E+00,   1.9514143731594279E-14,   8.9928064994637680E-15
32,3,2,86,   9.2576366218725692E+00,   1.4486750107576130E-14,   8.9928064994637680E-15
32,3,2,87,   9.2576379431550802E+00,   1.6058833079431981E-14,   8.9928064994637680E-15
32,3,2,88,   9.2576438807330810E+00,   1.9961211088689143E-14,   8.9928064994637680E-15
32,3,2,89,   9.2576942690667856E+00,   1.7547867893917173E-14,   8.9928064994637680E-15
32,3,2,90,   9.2577181236065371E+00,   2.1525504697301278E-14,   8.9928064994637680E-15
32,3,2,91,   9.2577213433076277E+00,   1.5198793515682079E-14,   8.9928064994637680E-15
32,3,2,92,   9.2577286393223162E+00,   2.3867212004711886E-14,   8.9928064994637680E-15
32,3,2,93,   9.2577362682758242E+00,   1.5933237030245999E-14,   8.9928064994637680E-15
32,3,2,94,   9.2577546743566703E+00,   3.5013286673740605E-14,   8.9928064994637680E-15
32,3,2,95,   9.2578615510126721E+00,   2.2904884728385329E-14,   8.9928064994637680E-15
32,3,2,96,   9.2578994416899434E+00,   3.2372795211905104E-14,   8.9928064994637680E-15
32,3,2,97,   4.4209705084650523E+04,   1.6926795396513140E-14,   8.9928064994637680E-15
32,3,2,98,   4.4209705546201229E+04,   5.7692708522936484E-14,   8.9928064994637680E-15
32,3,2,99,   4.4209705770007276E+04,   3.3450145496118976E-14,   8.9928064994637680E-15
32,3,2,100,   4.4209705819838608E+04,   7.4969496693816937E-15,   8.9928064994637680E-15
32,3,2,101,   4.4209705858713118E+04,   3.4811617247212705E-14,   8.9928064994637680E-15
32,3,2,102,   4.4209705867767312E+04,   7.4260037069742921E-15,   8.9928064994637680E-15
32,3,2,103,   4.4209705951872311E+04,   4.7785113373097092E-15,   8.9928064994637680E-15
32,3,2,104,   4.4209705956269572E+04,   1.6368525202666894E-14,   8.9928064994637680E-15
32,3,2,105,   4.4209705959230661E+04,   4.4458006095456284E-14,   8.9928064994637680E-15
32,3,2,106,   4.4209705991072835E+04,   2.3865972226606612E-14,   8.9928064994637680E-15
32,3,2,107,   4.4209706002883286E+04,   2.2241308347775129E-14,   8.9928064994637680E-15
32,3,2,108,   4.4209706005090404E+04,   4.9074560130975919E-15,   8.9928064994637680E-15
32,3,2,109,   4.4209706025104068E+04,   1.5311754669390953E-14,   8.9928064994637680E-15
32,3,2,110,   4.4209706037100193E+04,   1.7398554031328587E-14,   8.9928064994637680E-15
32,3,2,111,   4.4209706069578759E+04,   3.1487948777515515E-15,   8.9928064994637680E-15
32,3,2,112,   4.4209706088135732E+04,   1.3175074558926033E-15,   8.9928064994637680E-15
32,3,2,113,   4.4209706090470812E+04,   1.9347571967379951E-14,   8.9928064994637680E-15
32,3,2,114,   4.4209706110152787E+04,   1.6750467013415986E-14,   8.9928064994637680E-15
32,3,2,115,   4.4209706120554925E+04,   6.3026426637384455E-15,   8.9928064994637680E-15
32,3,2,116,   4.4209706127064965E+04,   2.2997257267980030E-14,   8.9928064994637680E-15
32,3,2,117,   4.4209706150686150E+04,   1.7048499331358151E-14,   8.9928064994637680E-15
32,3,2,118,   4.4209706208170937E+04,   2.3405112943723042E-15,   8.9928064994637680E-15
32,3,2,119,   4.4209706214483675E+04,   1.0041104095191256E-14,   8.9928064994637680E-15
32,3,2,120,   4.4209706271319519E+04,   2.9072935507947325E-15,   8.9928064994637680E-15
32,3,2,121,   4.4209706273917953E+04,   4.5842269138469413E-16,   8.9928064994637680E-15
32,3,2,122,   4.4209706281004183E+04,   2.0482517560511037E-15,   8.9928064994637680E-15
32,3,2,123,   4.4209706287447698E+04,   2.5279178820906536E-15,   8.9928064994637680E-15
32,3,2,124,   4.4209706288599788E+04,   6.3470804140190780E-15,   8.9928064994637680E-15
32,3,2,125,   4.4209706296355762E+04,   5.9238019740019728E-15,   8.9928064994637680E-15
32,3,2,126,   4.4209706299585094E+04,   1.8767730571599786E-15,   8.9928064994637680E-15
32,3,2,127,   4.4209706314949399E+04,   5.3051952815567148E-15,   8.9928064994637680E-15
32,3,2,128,   4.4209706324472427E+04,   2.0431202613604677E-16,   8.9928064994637680E-15
32,3,2,129,   4.4209706325459782E+04,   5.5710336275911464E-15,   8.9928064994637680E-15
32,3,2,130,   4.4209706329654764E+04,   5.6607331417034885E-15,   8.9928064994637680E-15
32,3,2,131,   4.4209706333213733E+04,   3.7305908763179889E-15,   8.9928064994637680E-15
32,3,2,132,   4.4209706336001131E+04,   4.6037179691071153E-15,   8.9928064994637680E-15
32,3,2,133,   4.4209706341806814E+04,   3.2638683928706386E-15,   8.9928064994637680E-15
32,3,2,134,   4.4209706344226142E+04,   8.7596339731494913E-16,   8.9928064994637680E-15
32,3,2,135,   4.4209706362692974E+04,   4.2968842192396617E-15,   8.9928064994637680E-15
32,3,2,136,   4.4209706371940272E+04,   3.6805738993795963E-15,   8.9928064994637680E-15
32,3,2,137,   4.4209706374580972E+04,   1.8906615334095538E-15,   8.9928064994637680E-15
32,3,2,138,   4.4209706375203554E+04,   1.5398660275422713E-15,   8.9928064994637680E-15
32,3,2,139,   4.4209706378587973E+04,   2.3132623909965522E-15,   8.9928064994637680E-15
32,3,2,140,   4.4209706393529559E+04,   4.9040738408236109E-16,   8.9928064994637680E-15
32,3,2,141,   4.4209706393533103E+04,   4.9119899653887057E-16,   8.9928064994637680E-15
32,3,2,142,   4.4209706407450300E+04,   6.8006428910327801E-16,   8.9928064994637680E-15
32,3,2,143,   4.4209706429637779E+04,   2.5977182079219275E-16,   8.9928064994637680E-15
32,3,2,144,   4.4209706430506820E+04,   9.1258907084443662E-16,   8.9928064994637680E-15
32,3,2,145,   4.4209706446058815E+04,   2.3299029510064131E-16,   8.9928064994637680E-15
32,3,2,146,   4.4209706450044861E+04,   1.4928786580766648E-15,   8.9928064994637680E-15
32,3,2,147,   4.4209706453805280E+04,   1.4125686322197452E-15,   8.9928064994637680E-15
32,3,2,148,   4.4209706459395624E+04,   2.5123979237813603E-16,   8.9928064994637680E-15
32,3,2,149,   4.4209706460249748E+04,   9.0065873610480833E-16,   8.9928064994637680E-15
32,3,2,150,   4.4209706481976893E+04,   1.3760635768934362E-15,   8.9928064994637680E-15
32,3,2,151,   4.4209706489089353E+04,   2.4637303220001993E-15,   8.9928064994637680E-15
32,3,2,152,   4.4209706490947465E+04,   1.5340151867377453E-15,   8.9928064994637680E-15
32,3,2,153,   4.4209706492658232E+04,   5.5135826295843921E-15,   8.9928064994637680E-15
32,3,2,154,   4.4209706498103187E+04,   4.3236781742565976E-15,   8.9928064994637680E-15
32,3,2,155,   4.4209706503971756E+04,   7.4242248484971203E-15,   8.9928064994637680E-15
32,3,2,156,   4.4209706515803970E+04,   3.5532021572470441E-15,   8.9928064994637680E-15
32,3,2,157,   4.4209706516895130E+04,   7.5181172199029674E-15,   8.9928064994637680E-15
32,3,2,158,   4.4209706521119930E+04,   3.5577909186001083E-15,   8.9928064994637680E-15
32,3,2,159,   4.4209706526688780E+04,   1.1450820497812533E-15,   8.9928064994637680E-15
32,3,2,160,   4.4209706549898525E+04,   1.5682054102247943E-15,   8.9928064994637680E-15
32,3,2,161,   4.4209706552446929E+04,   3.3383733580988011E-15,   8.9928064994637680E-15
32,3,2,162,   4.4209706552610805E+04,   9.0682439948405784E-15,   8.9928064994637680E-15
32,3,2,163,   4.4209706553604527E+04,   3.2941277281435829E-15,   8.9928064994637680E-15
32,3,2,164,   4.4209706572771705E+04,   8.8299581077520856E-15,   8.9928064994637680E-15
32,3,2,165,   4.4209706590650319E+04,   3.8019684017646456E-16,   8.9928064994637680E-15
32,3,2,166,   4.4209706607760774E+04,   8.2406760831792983E-15,   8.9928064994637680E-15
32,3,2,167,   4.4209706609774090E+04,   3.7257427783036059E-15,   8.9928064994637680E-15
32,3,2,168,   4.4209706626654573E+04,   1.3403979117696449E-14,   8.9928064994637680E-15
32,3,2,169,   4.4209706643179059E+04,   1.2037037067505822E-14,   8.9928064994637680E-15
32,3,2,170,   4.4209706657660150E+04,   2.0647062979363113E-15,   8.9928064994637680E-15
32,3,2,171,   4.4209706662035853E+04,   1.4417679650567822E-14,   8.9928064994637680E-15
32,3,2,172,   4.4209706667049926E+04,   1.0555641471341152E-14,   8.9928064994637680E-15
32,3,2,173,   4.4209706673518573E+04,   1.6741956478850501E-14,   8.9928064994637680E-15
32,3,2,174,   4.4209706680492855E+04,   2.3465239100072306E-14,   8.9928064994637680E-15
32,3,2,175,   4.4209706686133977E+04,   7.2270588117439022E-15,   8.9928064994637680E-15
32,3,2,176,   4.4209706688633451E+04,   8.2718901918800397E-15,   8.9928064994637680E-15
32,3,2,177,   4.4209706691206935E+04,   2.1148886719605732E-14,   8.9928064994637680E-15
32,3,2,178,   4.4209706717526999E+04,   2.6897246616006175E-14,   8.9928064994637680E-15
32,3,2,179,   4.4209706727945231E+04,   1.3363159663434865E-14,   8.9928064994637680E-15
32,3,2,180,   4.4209706733994120E+04,   3.2385603345387683E-15,   8.9928064994637680E-15
32,3,2,181,   4.4209706736776767E+04,   1.8335071804389066E-14,   8.9928064994637680E-15
32,3,2,182,   4.4209706757359134E+04,   7.4553483159265497E-15,   8.9928064994637680E-15
32,3,2,183,   4.4209706766292591E+04,   1.3914242734557113E-14,   8.9928064994637680E-15
32,3,2,184,   4.4209706768825738E+04,   8.6669244093654947E-15,   8.9928064994637680E-15
32,3,2,185,   4.4209706771592777E+04,   1.5325649721583963E-14,   8.9928064994637680E-15
32,3,2,186,   4.4209706783895606E+04,   1.6858442796778033E-14,   8.9928064994637680E-15
32,3,2,187,   4.4209706851509021E+04,   2.5552181812202502E-14,   8.9928064994637680E-15
32,3,2,188,   4.4209706944550853E+04,   3.4857163044402654E-14,   8.9928064994637680E-15
32,3,2,189,   4.4209707002941461E+04,   9.6568013921518816E-15,   8.9928064994637680E-15
32,3,2,190,   4.4209707009791360E+04,   2.1297995940635875E-14,   8.9928064994637680E-15
32,3,2,191,   4.4209707075071026E+04,   4.0128704386023361E-14,   8.9928064994637680E-15
32,3,2,192,   2.8140922222209506E+07,   8.8111649829583697E-15,   8.9928064994637680E-15
32,3,2,193,   1.0231315425432716E+08,   5.3811996749036982E-15,   8.9928064994637680E-15
32,3,2,194,   2.0496727712868455E+08,   2.6567547063929800E-15,   8.9928064994637680E-15
32,3,2,195,   3.3871248453036451E+08,   1.6915465444804257E-15,   8.9928064994637680E-15
32,3,2,196,   5.0377935433841538E+08,   1.0258631117176613E-15,   8.9928064994637680E-15
32,3,2,197,   7.0022909153570604E+08,   6.4544212015609379E-16,   8.9928064994637680E-15
32,3,2,198,   9.2809171804740822E+08,   3.5782198332657196E-16,   8.9928064994637680E-15
32,3,2,199,   1.1873952817926123E+09,   2.6405647831022394E-16,   8.9928064994637680E-15
32,3,2,200,   1.4781215398766725E+09,   2.0838896326777050E-16,   8.9928064994637680E-15
32,3,2,201,   1.7998021056874516E+09,   1.3930933901091275E-16,   8.9928064994637680E-15
32,3,2,202,   2.1493722753505731E+09,   9.7500433036140541E-17,   8.9928064994637680E-15
32,3,2,203,   2.5110882866926904E+09,   2.8624099048032475E-17,   8.9928064994637680E-15
32,3,2,204,   2.8387741736612735E+09,   2.9123593826629892E-17,   8.9928064994637680E-15
32,3,2,205,   3.1733031123055682E+09,   3.4064642714772141E-17,   8.9928064994637680E-15
32,3,2,206,   3.6134179897296758E+09,   4.6650644715984632E-17,   8.9928064994637680E-15
32,3,2,207,   4.1311560211479745E+09,   6.5463818772579083E-17,   8.9928064994637680E-15
32,3,2,208,   4.7021440368754854E+09,   7.2531331636145945E-17,   8.9928064994637680E-15
32,3,2,209,   5.3192588097323875E+09,   7.3820128039597892E-17,   8.9928064994637680E-15
32,3,2,210,   5.9861775131337147E+09,   5.9611408192357050E-17,   8.9928064994637680E-15
32,3,2,211,   6.7119092639624605E+09,   6.5049287593691984E-17,   8.9928064994637680E-15
32,3,2,212,   7.4982219508355770E+09,   5.3877407058137620E-17,   8.9928064994637680E-15
32,3,2,213,   8.3346199256305895E+09,   5.2090058788189479E-17,   8.9928064994637680E-15
32,3,2,214,   9.2148257349810734E+09,   6.0740631450198636E-17,   8.9928064994637680E-15
32,3,2,215,   1.0159113242803888E+10,   4.7211768544945964E-17,   8.9928064994637680E-15
32,3,2,216,   1.1184581036831776E+10,   3.8392738766488604E-17,   8.9928064994637680E-15
32,3,2,217,   1.2264902299275074E+10,   4.1908043242116072E-17,   8.9928064994637680E-15
32,3,2,218,   1.3384300940046486E+10,   3.5461099980304066E-17,   8.9928064994637680E-15
32,3,2,219,   1.4596457685674255E+10,   3.2815546053132979E-17,   8.9928064994637680E-15
32,3,2,220,   1.5888759460803720E+10,   2.8954651795003497E-17,   8.9928064994637680E-15
32,3,2,221,   1.7192625337065090E+10,   2.6169705256303216E-17,   8.9928064994637680E-15
32,3,2,222,   1.8586304081460152E+10,   2.2347807886729601E-17,   8.9928064994637680E-15
32,3,2,223,   1.9967594327121925E+10,   1.6245067024976180E-17,   8.9928064994637680E-15
32,3,2,224,   2.1244754022940456E+10,   1.2988626012517429E-17,   8.9928064994637680E-15
32,3,2,225,   2.2532479239753147E+10,   1.1979081691125721E-17,   8.9928064994637680E-15
32,3,2,226,   2.4036789744534637E+10,   1.2840684795662775E-17,   8.9928064994637680E-15
32,3,2,227,   2.5757263421429241E+10,   1.1957112333000502E-17,   8.9928064994637680E-15
32,3,2,228,   2.7616775932401501E+10,   1.2830009458943292E-17,   8.9928064994637680E-15
32,3,2,229,   2.9629948797065868E+10,   1.1447032838668113E-17,   8.9928064994637680E-15
32,3,2,230,   3.1743753557388775E+10,   1.1874394991589074E-17,   8.9928064994637680E-15
32,3,2,231,   3.3976567910328247E+10,   1.0432651214967636E-17,   8.9928064994637680E-15
32,3,2,232,   3.6380315229132095E+10,   1.1217480623600070E-17,   8.9928064994637680E-15
32,3,2,233,   3.8734194249285011E+10,   9.1565642617939578E-18,   8.9928064994637680E-15
32,3,2,234,   4.1003973402237808E+10,   4.5630618989711009E-18,   8.9928064994637680E-15
32,3,2,235,   4.2533984702649643E+10,   3.8864820647215795E-18,   8.9928064994637680E-15
32,3,2,236,   4.4821929978721085E+10,   6.3359275351747377E-18,   8.9928064994637680E-15
32,3,2,237,   4.7647604065890678E+10,   7.1812443575217155E-18,   8.9928064994637680E-15
32,3,2,238,   5.0849579100221001E+10,   6.8762391545874663E-18,   8.9928064994637680E-15
32,3,2,239,   5.4289431698534065E+10,   6.5117254494707377E-18,   8.9928064994637680E-15
32,3,2,240,   5.7854353242743164E+10,   5.6596512664647438E-18,   8.9928064994637680E-15
32,3,2,241,   6.1126667830236641E+10,   2.4621829611164275E-18,   8.9928064994637680E-15
32,3,2,242,   6.2635458574268669E+10,   2.6916347895199403E-18,   8.9928064994637680E-15
32,3,2,243,   6.6094577274091888E+10,   5.0044330643777708E-18,   8.9928064994637680E-15
32,3,2,244,   7.0395404022175110E+10,   4.2237806366759559E-18,   8.9928064994637680E-15
32,3,2,245,   7.5052407230930801E+10,   4.1442542568730184E-18,   8.9928064994637680E-15
32,3,2,246,   7.9928523627035858E+10,   3.7909313323522276E-18,   8.9928064994637680E-15
32,3,2,247,   8.2166352565686417E+10,   1.4056889158314293E-18,   8.9928064994637680E-15
32,3,2,248,   8.5792377218835587E+10,   4.2614682707191856E-18,   8.9928064994637680E-15
32,3,2,249,   9.1603695026904251E+10,   3.8490269562585742E-18,   8.9928064994637680E-15
32,3,2,250,   9.7942713077945129E+10,   3.9291070780107213E-18,   8.9928064994637680E-15
32,3,2,251,   1.0210051623291768E+11,   1.0256774440586179E-18,   8.9928064994637680E-15
32,3,2,252,   1.0520890616069029E+11,   3.2102534903152126E-18,   8.9928064994637680E-15
32,3,2,253,   1.1279414425184268E+11,   3.5064128962545950E-18,   8.9928064994637680E-15
32,3,2,254,   1.2105044587534669E+11,   2.2993385596717248E-18,   8.9928064994637680E-15
32,3,2,255,   1.2260129802899777E+11,   1.2281189595676483E-18,   8.9928064994637680E-15
32,3,2,256,   1.3092542157390834E+11,   3.1314054257295806E-18,   8.9928064994637680E-15
32,3,2,257,   1.4143040428651776E+11,   2.2932631193059516E-18,   8.9928064994637680E-15
32,3,2,258,   1.4278643973612820E+11,   1.6731795560486313E-18,   8.9928064994637680E-15
32,3,2,259,   1.5416989751259964E+11,   2.5843555776288797E-18,   8.9928064994637680E-15
32,3,2,260,   1.6267351544194690E+11,   8.3067685300368771E-19,   8.9928064994637680E-15
32,3,2,261,   1.6889109163586499E+11,   1.7950285868863654E-18,   8.9928064994637680E-15
32,3,2,262,   1.8285270396281985E+11,   1.0673314658440680E-18,   8.9928064994637680E-15
32,3,2,263,   1.8690648518545154E+11,   2.0602016846546109E-18,   8.9928064994637680E-15
32,3,2,264,   2.0310376693930121E+11,   7.6742170502156200E-19,   8.9928064994637680E-15
32,3,2,265,   2.1059603101526270E+11,   1.5565069621796771E-18,   8.9928064994637680E-15
32,3,2,266,   2.2335836625738123E+11,   8.1322041985371376E-19,   8.9928064994637680E-15
32,3,2,267,   2.4356205039139771E+11,   7.2192311151849421E-19,   8.9928064994637680E-15
32,3,2,268,   2.5015759828279193E+11,   1.4972295001510155E-18,   8.9928064994637680E-15
32,3,2,269,   2.6384518606205438E+11,   7.3880506549150596E-19,   8.9928064994637680E-15
32,3,2,270,   2.8408720857870612E+11,   6.5794943340662688E-19,   8.9928064994637680E-15
32,3,2,271,   3.0435256978645435E+11,   6.4554629482561107E-19,   8.9928064994637680E-15
32,3,2,272,   3.2467458780453198E+11,   6.9269169715732177E-19,   8.9928064994637680E-15
32,3,2,273,   3.4518447891925366E+11,   6.3663309299301316E-19,   8.9928064994637680E-15
32,3,2,274,   3.6621094950575140E+11,   8.4597737948661783E-19,   8.9928064994637680E-15
32,3,2,275,   3.8829919694759747E+11,   7.5171645366615617E-19,   8.9928064994637680E-15
32,3,2,276,   4.1203854674609058E+11,   6.6193499336739981E-19,   8.9928064994637680E-15
32,3,2,277,   4.3789510369530353E+11,   7.3883823960706955E-19,   8.9928064994637680E-15
32,3,2,278,   4.6622729629469397E+11,   5.7063577122116343E-19,   8.9928064994637680E-15
32,3,2,279,   4.9738103798767865E+11,   6.4273059924507237E-19,   8.9928064994637680E-15
32,3,2,280,   5.3176318054967993E+11,   6.5129228387592942E-19,   8.9928064994637680E-15
32,3,2,281,   5.6989448128590125E+11,   4.3974161691785238E-19,   8.9928064994637680E-15
32,3,2,282,   6.1247062964043347E+11,   4.5381545745252129E-19,   8.9928064994637680E-15
32,3,2,283,   6.6046235556946411E+11,   5.4121989638496352E-19,   8.9928064994637680E-15
32,3,2,284,   7.1530851657960168E+11,   5.0530945790755846E-19,   8.9928064994637680E-15
32,3,2,285,   7.7934487591796899E+11,   4.9341649021481443E-19,   8.9928064994637680E-15
32,3,2,286,   8.5697408203904333E+11,   3.9599147488449038E-19,   8.9928064994637680E-15
32,3,2,287,   9.5935397612224548E+11,   4.2793558009674294E-19,   8.9928064994637680E-15
32,4,1,1,   9.2543117253992868E+00,   7.4913887584636461E-14,   8.6597395920762210E-15
32,4,1,2,   9.2548382290228552E+00,   4.8648377274750908E-14,   8.6597395920762210E-15
32,4,1,3,   9.2556347375590367E+00,   3.6042678372929665E-14,   8.6597395920762210E-15
32,4,1,4,   9.2558463940875821E+00,   2.7156259241614949E-14,   8.6597395920762210E-15
32,4,1,5,   9.2559253776025940E+00,   3.1107225924201644E-14,   8.6597395920762210E-15
32,4,1,6,   9.2559873545399807E+00,   2.4707276014503117E-14,   8.6597395920762210E-15
32,4,1,7,   9.2559965611964454E+00,   2.0216156965180518E-14,   8.6597395920762210E-15
32,4,1,8,   9.2561091983227435E+00,   2.2431236892789638E-14,   8.6597395920762210E-15
32,4,1,9,   9.2561119667190344E+00,   1.8326458803138224E-14,   8.6597395920762210E-15
32,4,1,10,   9.2561779700962994E+00,   2.2509790541740076E-14,   8.6597395920762210E-15
32,4,1,11,   9.2562377394892401E+00,   2.2718680997091556E-14,   8.6597395920762210E-15
32,4,1,12,   9.2562929275699943E+00,   2.0493821319277624E-14,   8.6597395920762210E-15
32,4,1,13,   9.2563117836271385E+00,   1.5661255874156678E-14,   8.6597395920762210E-15
32,4,1,14,   9.2563136230711756E+00,   1.6899821615029987E-14,   8.6597395920762210E-15
32,4,1,15,   9.2563209965393298E+00,   1.6357160039062056E-14,   8.6597395920762210E-15
32,4,1,16,   9.2563445672763098E+00,   1.4415979334111439E-14,   8.6597395920762210E-15
32,4,1,17,   9.2563754335166504E+00,   1.4355063986861645E-14,   8.6597395920762210E-15
32,4,1,18,   9.2564255918890890E+00,   1.6395563729824021E-14,   8.6597395920762210E-15
32,4,1,19,   9.2564303923065037E+00,   1.4101647541216169E-14,   8.6597395920762210E-15
32,4,1,20,   9.2565368038372018E+00,   1.2486527670502351E-14,   8.6597395920762210E-15
32,4,1,21,   9.2565524524088989E+00,   1.0874738430238824E-14,   8.6597395920762210E-15
32,4,1,22,   9.2565592418332940E+00,   1.4172251913219530E-14,   8.6597395920762210E-15
32,4,1,23,   9.2565728841920052E+00,   1.2091652919255051E-14,   8.6597395920762210E-15
32,4,1,24,   9.2565885134917014E+00,   1.3182982482326374E-14,   8.6597395920762210E-15
32,4,1,25,   9.2566035566945271E+00,   1.1674389007145380E-14,   8.6597395920762210E-15
32,4,1,26,   9.2566629397553175E+00,   1.2228355927945410E-14,   8.6597395920762210E-15
32,4,1,27,   9.2566648455817155E+00,   9.6716909341410242E-15,   8.6597395920762210E-15
32,4,1,28,   9.2566826949965808E+00,   1.3797413221117734E-14,   8.6597395920762210E-15
32,4,1,29,   9.2566935556027214E+00,   9.5642336528874934E-15,   8.6597395920762210E-15
32,4,1,30,   9.2567452710739495E+00,   1.3151313269398896E-14,   8.6597395920762210E-15
32,4,1,31,   9.2567509816919671E+00,   1.3395766303220935E-14,   8.6597395920762210E-15
32,4,1,32,   9.2567538234858233E+00,   1.1614386091022802E-14,   8.6597395920762210E-15
32,4,1,33,   9.2567631842365632E+00,   1.4074492571114669E-14,   8.6597395920762210E-15
32,4,1,34,   9.2567846658624884E+00,   9.3849323908372058E-15,   8.6597395920762210E-15
32,4,1,35,   9.2568190215289512E+00,   7.6247310357452331E-15,   8.6597395920762210E-15
32,4,1,36,   9.2568285288240677E+00,   9.6263852892694626E-15,   8.6597395920762210E-15
32,4,1,37,   9.2568425949846631E+00,   9.0611079292075204E-15,   8.6597395920762210E-15
32,4,1,38,   9.2568586546505784E+00,   7.8586341152409573E-15,   8.6597395920762210E-15
32,4,1,39,   9.2569365640947670E+00,   8.3751463567517211E-15,   8.6597395920762210E-15
32,4,1,40,   9.2569688563131649E+00,   6.7969335138211680E-15,   8.6597395920762210E-15
32,4,1,41,   9.2569932152113097E+00,   9.1733823837475645E-15,   8.6597395920762210E-15
32,4,1,42,   9.2570036227873320E+00,   1.4055068062470435E-14,   8.6597395920762210E-15
32,4,1,43,   9.2570245572102259E+00,   5.6873826042832205E-15,   8.6597395920762210E-15
32,4,1,44,   9.2570504068591717E+00,   5.0284864255122070E-15,   8.6597395920762210E-15
32,4,1,45,   9.2570516069234774E+00,   6.3687560645621290E-15,   8.6597395920762210E-15
32,4,1,46,   9.2570581544166242E+00,   5.0745803041249084E-15,   8.6597395920762210E-15
32,4,1,47,   9.2570632792952310E+00,   5.0906857080550089E-15,   8.6597395920762210E-15
32,4,1,48,   9.2570654395593284E+00,   4.1494773826321324E-15,   8.6597395920762210E-15
32,4,1,49,   9.2571011689721718E+00,   5.5466817031441244E-15,   8.6597395920762210E-15
32,4,1,50,   9.2571173338742625E+00,   4.6339664299281928E-15,   8.6597395920762210E-15
32,4,1,51,   9.2571453349856565E+00,   3.2374707605482469E-15,   8.6597395920762210E-15
32,4,1,52,   9.2571469064949365E+00,   2.6547607471568037E-15,   8.6597395920762210E-15
32,4,1,53,   9.2571864739541425E+00,   2.2389981941783203E-15,   8.6597395920762210E-15
32,4,1,54,   9.2571926017076969E+00,   2.2601740821865199E-15,   8.6597395920762210E-15
32,4,1,55,   9.2572033150570103E+00,   2.5921853991852535E-15,   8.6597395920762210E-15
32,4,1,56,   9.2572035716572838E+00,   2.9950018424214307E-15,   8.6597395920762210E-15
32,4,1,57,   9.2572644474725401E+00,   5.2521008038622111E-15,   8.6597395920762210E-15
32,4,1,58,   9.2572884708877705E+00,   9.3768439268712656E-16,   8.6597395920762210E-15
32,4,1,59,   9.2572974855734262E+00,   7.9792062265173971E-16,   8.6597395920762210E-15
32,4,1,60,   9.2573083908925557E+00,   2.5007456904166520E-16,   8.6597395920762210E-15
32,4,1,61,   9.2573204282271515E+00,   4.0774548955061453E-18,   8.6597395920762210E-15
32,4,1,62,   9.2573321538533584E+00,   3.8122900925313890E-16,   8.6597395920762210E-15
32,4,1,63,   9.2573383951026500E+00,   5.3147579808906086E-16,   8.6597395920762210E-15
32,4,1,64,   9.2573640351271891E+00,   8.2602806866120649E-16,   8.6597395920762210E-15
32,4,1,65,   9.2573705174893455E+00,   1.5487887719517051E-15,   8.6597395920762210E-15
32,4,1,66,   9.2573884937710798E+00,   1.4035328342921009E-15,   8.6597395920762210E-15
32,4,1,67,   9.2573930164914753E+00,   2.0933830769955964E-15,   8.6597395920762210E-15
32,4,1,68,   9.2574034754229828E+00,   1.5221152408205128E-15,   8.6597395920762210E-15
32,4,1,69,   9.2574143810689158E+00,   1.6787364165962987E-15,   8.6597395920762210E-15
32,4,1,70,   9.2574285114298611E+00,   2.0467481260923013E-15,   8.6597395920762210E-15
32,4,1,71,   9.2574351742310554E+00,   2.9821735671735601E-15,   8.6597395920762210E-15
32,4,1,72,   9.2574423314862369E+00,   1.7649141037931887E-15,   8.6597395920762210E-15
32,4,1,73,   9.2574489276113834E+00,   3.6912892597884451E-15,   8.6597395920762210E-15
32,4,1,74,   9.2574533673261410E+00,   2.8020924661876633E-15,   8.6597395920762210E-15
32,4,1,75,   9.2574753464676895E+00,   2.8827536676487274E-15,   8.6597395920762210E-15
32,4,1,76,   9.2574979289303023E+00,   3.3716378159640307E-15,   8.6597395920762210E-15
32,4,1,77,   9.2575076764437174E+00,   3.4681200630439535E-15,   8.6597395920762210E-15
32,4,1,78,   9.2575158982224082E+00,   4.4376000540839307E-15,   8.6597395920762210E-15
32,4,1,79,   9.2575290157165337E+00,   2.8222003906111411E-15,   8.6597395920762210E-15
32,4,1,80,   9.2575542430366387E+00,   3.8200844295864479E-15,   8.6597395920762210E-15
32,4,1,81,   9.2575813948693337E+00,   5.2073277991558736E-15,   8.6597395920762210E-15
32,4,1,82,   9.2575969126434554E+00,   5.6177550351686712E-15,   8.6597395920762210E-15
32,4,1,83,   9.2576000847535465E+00,   4.5794058843539371E-15,   8.6597395920762210E-15
32,4,1,84,   9.2576053961330178E+00,   4.9145354948950219E-15,   8.6597395920762210E-15
32,4,1,85,   9.2576354894606503E+00,   6.0053666267861032E-15,   8.6597395920762210E-15
32,4,1,86,   9.2576631014809418E+00,   5.9076151383080437E-15,   8.6597395920762210E-15
32,4,1,87,   9.2576682957605616E+00,   6.3888356548726959E-15,   8.6597395920762210E-15
32,4,1,88,   9.2576798771249873E+00,   5.9065028742676629E-15,   8.6597395920762210E-15
32,4,1,89,   9.2576884140485820E+00,   7.4440167359471470E-15,   8.6597395920762210E-15
32,4,1,90,   9.2576946445798836E+00,   6.4656361717760807E-15,   8.6597395920762210E-15
32,4,1,91,   9.2577187935297616E+00,   6.9904437885312808E-15,   8.6597395920762210E-15
32,4,1,92,   9.2577208940596520E+00,   7.0363884173748431E-15,   8.6597395920762210E-15
32,4,1,93,   9.2577452188724543E+00,   6.3899550952317495E-15,   8.6597395920762210E-15
32,4,1,94,   9.2577453804232785E+00,   1.0139775956582966E-14,   8.6597395920762210E-15
32,4,1,95,   9.2577571944334718E+00,   8.7732291084331780E-15,   8.6597395920762210E-15
32,4,1,96,   9.2577988284075161E+00,   8.0175411748008934E-15,   8.6597395920762210E-15
32,4,1,97,   9.2578370417901397E+00,   8.2590377888669660E-15,   8.6597395920762210E-15
32,4,1,98,   9.2578482486815812E+00,   8.2529529080742324E-15,   8.6597395920762210E-15
32,4,1,99,   9.2578859988269482E+00,   1.2632697760323036E-14,   8.6597395920762210E-15
32,4,1,100,   9.2578901794022812E+00,   9.6095734419999003E-15,   8.6597395920762210E-15
32,4,1,101,   9.2579072625351646E+00,   1.5815410771021657E-14,   8.6597395920762210E-15
32,4,1,102,   9.2579173580102108E+00,   1.0249742407548515E-14,   8.6597395920762210E-15
32,4,1,103,   9.2579280696827997E+00,   1.1390007913176641E-14,   8.6597395920762210E-15
32,4,1,104,   9.2580033329487179E+00,   1.2390093061167060E-14,   8.6597395920762210E-15
32,4,1,105,   9.2580171042592685E+00,   1.1604465990624434E-14,   8.6597395920762210E-15
32,4,1,106,   9.2580858881801422E+00,   1.4577093677835339E-14,   8.6597395920762210E-15
32,4,1,107,   9.2580994994665229E+00,   1.5031415181202831E-14,   8.6597395920762210E-15
32,4,1,108,   9.2581039380692101E+00,   1.4185749877366482E-14,   8.6597395920762210E-15
32,4,1,109,   9.2581058789545363E+00,   1.5258148352442727E-14,   8.6597395920762210E-15
32,4,1,110,   9.2582019555079142E+00,   1.6303215903900799E-14,   8.6597395920762210E-15
32,4,1,111,   9.2582039318630258E+00,   1.6935623179637781E-14,   8.6597395920762210E-15
32,4,1,112,   9.2582077026662386E+00,   1.6626652047146020E-14,   8.6597395920762210E-15
32,4,1,113,   9.2582218688742977E+00,   1.4309770281697460E-14,   8.6597395920762210E-15
32,4,1,114,   9.2582327828251767E+00,   1.3658737466723506E-14,   8.6597395920762210E-15
32,4,1,115,   9.2582559316794164E+00,   1.6741951705550541E-14,   8.6597395920762210E-15
32,4,1,116,   9.2583231880399328E+00,   1.7273015673763302E-14,   8.6597395920762210E-15
32,4,1,117,   9.2583347766314272E+00,   1.9954662726224185E-14,   8.6597395920762210E-15
32,4,1,118,   9.2583541870478108E+00,   1.8029302286212762E-14,   8.6597395920762210E-15
32,4,1,119,   9.2583951909801510E+00,   2.1105362753944902E-14,   8.6597395920762210E-15
32,4,1,120,   9.2583982734449819E+00,   1.6462377279386065E-14,   8.6597395920762210E-15
32,4,1,121,   9.2584600739470257E+00,   3.1323517125626576E-14,   8.6597395920762210E-15
32,4,1,122,   9.2586799412161405E+00,   2.5440780918347432E-14,   8.6597395920762210E-15
32,4,1,123,   9.2587388006774152E+00,   2.9194885045117913E-14,   8.6597395920762210E-15
32,4,1,124,   9.2587876987999245E+00,   2.1786004611249167E-14,   8.6597395920762210E-15
32,4,1,125,   9.2588170780033217E+00,   2.6932385746243078E-14,   8.6597395920762210E-15
32,4,1,126,   9.2588857867821961E+00,   1.5134294635799670E-14,   8.6597395920762210E-15
32,4,1,127,   9.2589437882765111E+00,   2.2712906693129055E-14,   8.6597395920762210E-15
32,4,1,128,   9.2594915004830867E+00,   4.3194761584816918E-14,   8.6597395920762210E-15
32,4,1,129,   4.4209704628667198E+04,   7.7434918195858823E-15,   8.6597395920762210E-15
32,4,1,130,   4.4209704866764863E+04,   3.2225177758238116E-14,   8.6597395920762210E-15
32,4,1,131,   4.4209704991876672E+04,   2.1559260555001685E-14,   8.6597395920762210E-15
32,4,1,132,   4.4209704993312815E+04,   6.7965222190699825E-15,   8.6597395920762210E-15
32,4,1,133,   4.4209705001184564E+04,   3.7770880343258812E-14,   8.6597395920762210E-15
32,4,1,134,   4.4209705126981229E+04,   3.3412426734067914E-15,   8.6597395920762210E-15
32,4,1,135,   4.4209705157781005E+04,   3.2982785169055207E-14,   8.6597395920762210E-15
32,4,1,136,   4.4209705158231365E+04,   1.9281007549755571E-14,   8.6597395920762210E-15
32,4,1,137,   4.4209705194912734E+04,   1.3461880237902857E-14,   8.6597395920762210E-15
32,4,1,138,   4.4209705253271168E+04,   2.8994239221611449E-14,   8.6597395920762210E-15
32,4,1,139,   4.4209705306046519E+04,   1.6773052101349565E-15,   8.6597395920762210E-15
32,4,1,140,   4.4209705315874475E+04,   1.0362024550366870E-14,   8.6597395920762210E-15
32,4,1,141,   4.4209705381214619E+04,   2.5601087779511953E-14,   8.6597395920762210E-15
32,4,1,142,   4.4209705452440976E+04,   4.5005558682506448E-15,   8.6597395920762210E-15
32,4,1,143,   4.4209705494401780E+04,   2.1864009023656117E-14,   8.6597395920762210E-15
32,4,1,144,   4.4209705531235122E+04,   1.9650828902004959E-14,   8.6597395920762210E-15
32,4,1,145,   4.4209705547577381E+04,   2.0138148944179392E-15,   8.6597395920762210E-15
32,4,1,146,   4.4209705575778738E+04,   9.9661664027242616E-15,   8.6597395920762210E-15
32,4,1,147,   4.4209705585090138E+04,   2.1051805119857944E-14,   8.6597395920762210E-15
32,4,1,148,   4.4209705591344275E+04,   8.2920786278132869E-15,   8.6597395920762210E-15
32,4,1,149,   4.4209705605460469E+04,   6.2953519540691438E-15,   8.6597395920762210E-15
32,4,1,150,   4.4209705623148024E+04,   3.8612190969830687E-15,   8.6597395920762210E-15
32,4,1,151,   4.4209705631203622E+04,   7.4646524338957303E-15,   8.6597395920762210E-15
32,4,1,152,   4.4209705632160178E+04,   4.5910410723707301E-15,   8.6597395920762210E-15
32,4,1,153,   4.4209705649114891E+04,   2.1889895079502543E-14,   8.6597395920762210E-15
32,4,1,154,   4.4209705655096499E+04,   4.7304212217161525E-15,   8.6597395920762210E-15
32,4,1,155,   4.4209705657442973E+04,   1.9118468941029359E-14,   8.6597395920762210E-15
32,4,1,156,   4.4209705691430077E+04,   3.4518695819760766E-14,   8.6597395920762210E-15
32,4,1,157,   4.4209705709273920E+04,   1.6698781512614942E-14,   8.6597395920762210E-15
32,4,1,158,   4.4209705744209030E+04,   1.1217875521273254E-14,   8.6597395920762210E-15
32,4,1,159,   4.4209705760932957E+04,   1.0075621471281324E-14,   8.6597395920762210E-15
32,4,1,160,   4.4209705790638887E+04,   7.5347523774276287E-15,   8.6597395920762210E-15
32,4,1,161,   4.4209705809052968E+04,   1.9039552666142063E-14,   8.6597395920762210E-15
32,4,1,162,   4.4209705815879352E+04,   9.0008481765752833E-15,   8.6597395920762210E-15
32,4,1,163,   4.4209705826878548E+04,   1.1885929316194686E-14,   8.6597395920762210E-15
32,4,1,164,   4.4209705859422662E+04,   7.6806615670670934E-15,   8.6597395920762210E-15
32,4,1,165,   4.4209705880220674E+04,   2.4319051848825917E-15,   8.6597395920762210E-15
32,4,1,166,   4.4209705893134538E+04,   1.9277749574356068E-14,   8.6597395920762210E-15
32,4,1,167,   4.4209705912792095E+04,   1.1995671249442563E-14,   8.6597395920762210E-15
32,4,1,168,   4.4209705929881136E+04,   8.8687203209045626E-15,   8.6597395920762210E-15
32,4,1,169,   4.4209705930253840E+04,   1.2429676943234447E-14,   8.6597395920762210E-15
32,4,1,170,   4.4209705963641951E+04,   1.3872554157222493E-14,   8.6597395920762210E-15
32,4,1,171,   4.4209706000251841E+04,   9.2758745056334598E-15,   8.6597395920762210E-15
32,4,1,172,   4.4209706002769490E+04,   9.9877845518072566E-15,   8.6597395920762210E-15
32,4,1,173,   4.4209706013917930E+04,   9.3497948478366136E-15,   8.6597395920762210E-15
32,4,1,174,   4.4209706065535953E+04,   4.8659423577069848E-15,   8.6597395920762210E-15
32,4,1,175,   4.4209706069395368E+04,   1.0352648766928547E-14,   8.6597395920762210E-15
32,4,1,176,   4.4209706071330525E+04,   4.2312692283462548E-15,   8.6597395920762210E-15
32,4,1,177,   4.4209706071956192E+04,   3.2942073540160869E-16,   8.6597395920762210E-15
32,4,1,178,   4.4209706081511635E+04,   8.4701320469393686E-15,   8.6597395920762210E-15
32,4,1,179,   4.4209706082719131E+04,   4.1198074054532651E-15,   8.6597395920762210E-15
32,4,1,180,   4.4209706084968391E+04,   6.7332712457229402E-15,   8.6597395920762210E-15
32,4,1,181,   4.4209706119182178E+04,   3.2000574395846796E-15,   8.6597395920762210E-15
32,4,1,182,   4.4209706124275770E+04,   6.1804495062426150E-15,   8.6597395920762210E-15
32,4,1,183,   4.4209706138013520E+04,   2.3256915173284916E-15,   8.6597395920762210E-15
32,4,1,184,   4.4209706173815888E+04,   3.2630318769016472E-15,   8.6597395920762210E-15
32,4,1,185,   4.4209706176201275E+04,   2.5856421286411220E-15,   8.6597395920762210E-15
32,4,1,186,   4.4209706177937769E+04,   5.3251421195185842E-15,   8.6597395920762210E-15
32,4,1,187,   4.4209706198153908E+04,   4.3383533933593962E-16,   8.6597395920762210E-15
32,4,1,188,   4.4209706207666393E+04,   8.6352028785503427E-16,   8.6597395920762210E-15
32,4,1,189,   4.4209706208381634E+04,   3.6977764238886494E-15,   8.6597395920762210E-15
32,4,1,190,   4.4209706209711614E+04,   8.7037848307287506E-16,   8.6597395920762210E-15
32,4,1,191,   4.4209706220319982E+04,   7.9661647751867673E-16,   8.6597395920762210E-15
32,4,1,192,   4.4209706245677575E+04,   1.6996734929264214E-15,   8.6597395920762210E-15
32,4,1,193,   4.4209706320787554E+04,   7.0647174161129159E-16,   8.6597395920762210E-15
32,4,1,194,   4.4209706324365463E+04,   6.6983946383981699E-16,   8.6597395920762210E-15
32,4,1,195,   4.4209706332400441E+04,   9.9966218732206982E-16,   8.6597395920762210E-15
32,4,1,196,   4.4209706343411708E+04,   4.6096892357685250E-16,   8.6597395920762210E-15
32,4,1,197,   4.4209706369691987E+04,   1.6557814227288671E-15,   8.6597395920762210E-15
32,4,1,198,   4.4209706371304579E+04,   8.6757625015490494E-16,   8.6597395920762210E-15
32,4,1,199,   4.4209706378519622E+04,   7.6760588875281013E-16,   8.6597395920762210E-15
32,4,1,200,   4.4209706413060601E+04,   6.4983864441826150E-16,   8.6597395920762210E-15
32,4,1,201,   4.4209706420005132E+04,   2.4463531658521332E-17,   8.6597395920762210E-15
32,4,1,202,   4.4209706430715698E+04,   2.7233291942172516E-17,   8.6597395920762210E-15
32,4,1,203,   4.4209706445806129E+04,   4.3086623976254791E-17,   8.6597395920762210E-15
32,4,1,204,   4.4209706449113990E+04,   3.0761844036044380E-16,   8.6597395920762210E-15
32,4,1,205,   4.4209706451654398E+04,   7.9068728515594344E-16,   8.6597395920762210E-15
32,4,1,206,   4.4209706459742549E+04,   8.4671570024567452E-16,   8.6597395920762210E-15
32,4,1,207,   4.4209706488370401E+04,   2.4059861027825749E-15,   8.6597395920762210E-15
32,4,1,208,   4.4209706504123365E+04,   2.7797807460165568E-15,   8.6597395920762210E-15
32,4,1,209,   4.4209706520796375E+04,   3.0886841765547166E-15,   8.6597395920762210E-15
32,4,1,210,   4.4209706522226123E+04,   3.1061472436281424E-15,   8.6597395920762210E-15
32,4,1,211,   4.4209706529220486E+04,   9.7537739981363098E-16,   8.6597395920762210E-15
32,4,1,212,   4.4209706539757040E+04,   3.5641210583735343E-15,   8.6597395920762210E-15
32,4,1,213,   4.4209706548017428E+04,   5.0803566173868544E-17,   8.6597395920762210E-15
32,4,1,214,   4.4209706586006127E+04,   3.3579665844666719E-15,   8.6597395920762210E-15
32,4,1,215,   4.4209706630110741E+04,   3.6241726002518480E-15,   8.6597395920762210E-15
32,4,1,216,   4.4209706633025504E+04,   3.7364012259604324E-16,   8.6597395920762210E-15
32,4,1,217,   4.4209706673994100E+04,   5.1750521288859848E-15,   8.6597395920762210E-15
32,4,1,218,   4.4209706677216520E+04,   4.4224513466179132E-15,   8.6597395920762210E-15
32,4,1,219,   4.4209706683620345E+04,   4.8540958325218255E-15,   8.6597395920762210E-15
32,4,1,220,   4.4209706690362851E+04,   5.5609387525958052E-16,   8.6597395920762210E-15
32,4,1,221,   4.4209706720172646E+04,   6.1503555555607500E-15,   8.6597395920762210E-15
32,4,1,222,   4.4209706724031232E+04,   7.3813616633184067E-15,   8.6597395920762210E-15
32,4,1,223,   4.4209706764901035E+04,   8.9132406101879054E-15,   8.6597395920762210E-15
32,4,1,224,   4.4209706800846681E+04,   5.6312821586522152E-15,   8.6597395920762210E-15
32,4,1,225,   4.4209706852521762E+04,   8.9878346086526239E-15,   8.6597395920762210E-15
32,4,1,226,   4.4209706877643977E+04,   9.6202274118001674E-15,   8.6597395920762210E-15
32,4,1,227,   4.4209706884743580E+04,   1.0586794773046469E-15,   8.6597395920762210E-15
32,4,1,228,   4.4209706894404175E+04,   1.1923608680393585E-14,   8.6597395920762210E-15
32,4,1,229,   4.4209706900820289E+04,   8.6108180597589353E-15,   8.6597395920762210E-15
32,4,1,230,   4.4209706971264670E+04,   1.3889386233713083E-14,   8.6597395920762210E-15
32,4,1,231,   4.4209706985765341E+04,   1.5778725632432368E-14,   8.6597395920762210E-15
32,4,1,232,   4.4209707019090536E+04,   9.7899218094158296E-15,   8.6597395920762210E-15
32,4,1,233,   4.4209707038106339E+04,   4.5769679690186950E-16,   8.6597395920762210E-15
32,4,1,234,   4.4209707041740818E+04,   1.8662711292614274E-15,   8.6597395920762210E-15
32,4,1,235,   4.4209707099305699E+04,   1.0923064536551112E-14,   8.6597395920762210E-15
32,4,1,236,   4.4209707125146575E+04,   1.8169914452408543E-15,   8.6597395920762210E-15
32,4,1,237,   4.4209707147063484E+04,   1.4073657412726103E-14,   8.6597395920762210E-15
32,4,1,238,   4.4209707163049010E+04,   2.0430982580324712E-14,   8.6597395920762210E-15
32,4,1,239,   4.4209707251096341E+04,   2.0767895358322992E-14,   8.6597395920762210E-15
32,4,1,240,   4.4209707276145491E+04,   7.4048510157450178E-15,   8.6597395920762210E-15
32,4,1,241,   4.4209707298683090E+04,   1.9675943868601915E-14,   8.6597395920762210E-15
32,4,1,242,   4.4209707392491517E+04,   2.5240569719488727E-14,   8.6597395920762210E-15
32,4,1,243,   4.4209707517255811E+04,   1.6793660837339110E-14,   8.6597395920762210E-15
32,4,1,244,   4.4209707522451885E+04,   2.1843644838555626E-14,   8.6597395920762210E-15
32,4,1,245,   4.4209707678615778E+04,   6.0850870884193951E-15,   8.6597395920762210E-15
32,4,1,246,   4.4209707698394370E+04,   1.0952715545676110E-14,   8.6597395920762210E-15
32,4,1,247,   4.4209707703839071E+04,   2.4151491130124947E-14,   8.6597395920762210E-15
32,4,1,248,   4.4209707740188896E+04,   3.4697701729389360E-14,   8.6597395920762210E-15
32,4,1,249,   4.4209707760790683E+04,   6.3782125221444437E-15,   8.6597395920762210E-15
32,4,1,250,   4.4209707801293036E+04,   6.5128209402900876E-15,   8.6597395920762210E-15
32,4,1,251,   4.4209707811144886E+04,   5.1657902085718918E-15,   8.6597395920762210E-15
32,4,1,252,   4.4209707886528900E+04,   1.3954531102297969E-14,   8.6597395920762210E-15
32,4,1,253,   4.4209707887703364E+04,   2.8480862555274772E-14,   8.6597395920762210E-15
32,4,1,254,   4.4209708081593744E+04,   2.7040521268904581E-14,   8.6597395920762210E-15
32,4,1,255,   4.4209708365483872E+04,   2.1103237684182065E-14,   8.6597395920762210E-15
32,4,1,256,   2.8140922222152412E+07,   1.1658616994642270E-14,   8.6597395920762210E-15
32,4,1,257,   1.0231315423551093E+08,   3.3869158339135600E-15,   8.6597395920762210E-15
32,4,1,258,   2.0496727550777942E+08,   6.2369377954157584E-15,   8.6597395920762210E-15
32,4,1,259,   3.3871244480284208E+08,   5.5326808931895694E-15,   8.6597395920762210E-15
32,4,1,260,   5.0377887749286246E+08,   2.6450945307413815E-15,   8.6597395920762210E-15
32,4,1,261,   7.0022556605306673E+08,   7.0448965863120672E-16,   8.6597395920762210E-15
32,4,1,262,   9.2807394975884199E+08,   6.8022434284703958E-16,   8.6597395920762210E-15
32,4,1,263,   1.1873341657304933E+09,   9.4539086368080172E-16,   8.6597395920762210E-15
32,4,1,264,   1.4780146050872908E+09,   5.5401114902464399E-16,   8.6597395920762210E-15
32,4,1,265,   1.8001308082695534E+09,   3.4254814296324097E-16,   8.6597395920762210E-15
32,4,1,266,   2.1537129235187345E+09,   2.6919069316335054E-16,   8.6597395920762210E-15
32,4,1,267,   2.5387551465672946E+09,   2.2386269519801997E-16,   8.6597395920762210E-15
32,4,1,268,   2.9548022178430667E+09,   1.3181001157867235E-16,   8.6597395920762210E-15
32,4,1,269,   3.3988481119128227E+09,   7.3449504878523192E-17,   8.6597395920762210E-15
32,4,1,270,   3.8550751528485675E+09,   3.6024718146837610E-17,   8.6597395920762210E-15
32,4,1,271,   4.2618729056924233E+09,   2.0272320285571298E-17,   8.6597395920762210E-15
32,4,1,272,   4.6376439193934402E+09,   2.2994576509212511E-17,   8.6597395920762210E-15
32,4,1,273,   5.1425538786487360E+09,   4.2840886603894555E-17,   8.6597395920762210E-15
32,4,1,274,   5.7418686392341976E+09,   6.6283918251977306E-17,   8.6597395920762210E-15
32,4,1,275,   6.4016053716202297E+09,   7.7573140045505501E-17,   8.6597395920762210E-15
32,4,1,276,   7.1143683826067390E+09,   8.8089069493295178E-17,   8.6597395920762210E-15
32,4,1,277,   7.8779822702096272E+09,   8.0122562368080988E-17,   8.6597395920762210E-15
32,4,1,278,   8.6912590939599590E+09,   7.7744673902889789E-17,   8.6597395920762210E-15
32,4,1,279,   9.5545847496481915E+09,   8.7324354474791767E-17,   8.6597395920762210E-15
32,4,1,280,   1.0468157257934586E+10,   8.4951758571176310E-17,   8.6597395920762210E-15
32,4,1,281,   1.1428704865710438E+10,   7.9486008750145978E-17,   8.6597395920762210E-15
32,4,1,282,   1.2432780942679634E+10,   6.9977867059404675E-17,   8.6597395920762210E-15
32,4,1,283,   1.3478883886529175E+10,   7.0721497079966889E-17,   8.6597395920762210E-15
32,4,1,284,   1.4562473305975760E+10,   5.2710289359155175E-17,   8.6597395920762210E-15
32,4,1,285,   1.5688778905926867E+10,   4.6378476864563603E-17,   8.6597395920762210E-15
32,4,1,286,   1.6873424495452230E+10,   5.3087670061921197E-17,   8.6597395920762210E-15
32,4,1,287,   1.8127466107167961E+10,   5.5429039578173784E-17,   8.6597395920762210E-15
32,4,1,288,   1.9464475364598759E+10,   6.1269432716817815E-17,   8.6597395920762210E-15
32,4,1,289,   2.0878677295508308E+10,   4.2674173670444979E-17,   8.6597395920762210E-15
32,4,1,290,   2.2366770306589664E+10,   4.6675102278012090E-17,   8.6597395920762210E-15
32,4,1,291,   2.3911366464617634E+10,   4.3282177291537090E-17,   8.6597395920762210E-15
32,4,1,292,   2.5492141363541889E+10,   3.1795582894040626E-17,   8.6597395920762210E-15
32,4,1,293,   2.7087258967749779E+10,   3.0112755111482644E-17,   8.6597395920762210E-15
32,4,1,294,   2.8721290107947479E+10,   2.4678658700036723E-17,   8.6597395920762210E-15
32,4,1,295,   3.0453050823483505E+10,   2.3982756712040393E-17,   8.6597395920762210E-15
32,4,1,296,   3.2330000087679523E+10,   2.3506441894035804E-17,   8.6597395920762210E-15
32,4,1,297,   3.4328770310630260E+10,   2.1966757456977894E-17,   8.6597395920762210E-15
32,4,1,298,   3.6409475243963821E+10,   2.1478123555552836E-17,   8.6597395920762210E-15
32,4,1,299,   3.8501304371711533E+10,   1.6447884528027981E-17,   8.6597395920762210E-15
32,4,1,300,   4.0537298901762810E+10,   1.3074066735901189E-17,   8.6597395920762210E-15
32,4,1,301,   4.2639116321106636E+10,   1.4475301629307609E-17,   8.6597395920762210E-15
32,4,1,302,   4.4974111870841690E+10,   1.5433777043941160E-17,   8.6597395920762210E-15
32,4,1,303,   4.7487664772277527E+10,   1.2348691483052126E-17,   8.6597395920762210E-15
32,4,1,304,   4.9911459071193161E+10,   8.1176495830346996E-18,   8.6597395920762210E-15
32,4,1,305,   5.1805418625195747E+10,   5.6601837108197663E-18,   8.6597395920762210E-15
32,4,1,306,   5.3834507184978317E+10,   6.2567270508433271E-18,   8.6597395920762210E-15
32,4,1,307,   5.6035244371959663E+10,   5.4529913893094072E-18,   8.6597395920762210E-15
32,4,1,308,   5.8437625518597847E+10,   6.4501937283096733E-18,   8.6597395920762210E-15
32,4,1,309,   6.1443941413897804E+10,   7.5505368327350832E-18,   8.6597395920762210E-15
32,4,1,310,   6.4689434672025215E+10,   8.0115974355333750E-18,   8.6597395920762210E-15
32,4,1,311,   6.7690762506126778E+10,   6.9461012636492968E-18,   8.6597395920762210E-15
32,4,1,312,   7.0627988872667618E+10,   6.2626573256895031E-18,   8.6597395920762210E-15
32,4,1,313,   7.4211909497526321E+10,   7.5115445525295492E-18,   8.6597395920762210E-15
32,4,1,314,   7.8071482893306305E+10,   6.8181839990055851E-18,   8.6597395920762210E-15
32,4,1,315,   8.1442298826964966E+10,   5.5607827554815611E-18,   8.6597395920762210E-15
32,4,1,316,   8.4962298209645401E+10,   6.2704528217964938E-18,   8.6597395920762210E-15
32,4,1,317,   8.9382996788022812E+10,   5.9111370135475094E-18,   8.6597395920762210E-15
32,4,1,318,   9.3531259200952194E+10,   4.7885501051089254E-18,   8.6597395920762210E-15
32,4,1,319,   9.7162783362753983E+10,   4.6664568012209879E-18,   8.6597395920762210E-15
32,4,1,320,   1.0194769694762248E+11,   3.5855329313752057E-18,   8.6597395920762210E-15
32,4,1,321,   1.0394723881798312E+11,   1.1240801916469842E-18,   8.6597395920762210E-15
32,4,1,322,   1.0737912460207852E+11,   2.8174187072613013E-18,   8.6597395920762210E-15
32,4,1,323,   1.1125566283833051E+11,   3.7826860531363022E-18,   8.6597395920762210E-15
32,4,1,324,   1.1702487328354633E+11,   4.0944416729023677E-18,   8.6597395920762210E-15
32,4,1,325,   1.2188451209856982E+11,   2.6359985465881260E-18,   8.6597395920762210E-15
32,4,1,326,   1.2714795907101242E+11,   3.5744840199006332E-18,   8.6597395920762210E-15
32,4,1,327,   1.3359148219715234E+11,   2.4236097441339099E-18,   8.6597395920762210E-15
32,4,1,328,   1.3844802177764368E+11,   2.6391918712616873E-18,   8.6597395920762210E-15
32,4,1,329,   1.4595734729848679E+11,   2.6740015417383345E-18,   8.6597395920762210E-15
32,4,1,330,   1.5099335625031000E+11,   2.3108637196378012E-18,   8.6597395920762210E-15
32,4,1,331,   1.5468172894908810E+11,   4.2731176668572719E-19,   8.6597395920762210E-15
32,4,1,332,   1.5958045632397888E+11,   2.0565604363691789E-18,   8.6597395920762210E-15
32,4,1,333,   1.6509709312329047E+11,   2.2400478131367609E-18,   8.6597395920762210E-15
32,4,1,334,   1.7412038246771347E+11,   1.7604418221427356E-18,   8.6597395920762210E-15
32,4,1,335,   1.8102349297476678E+11,   2.3636902849081024E-18,   8.6597395920762210E-15
32,4,1,336,   1.8929243930934000E+11,   1.6737045968478000E-18,   8.6597395920762210E-15
32,4,1,337,   1.9963011816014969E+11,   2.7212733893389117E-18,   8.6597395920762210E-15
32,4,1,338,   2.0538313759671359E+11,   5.8976412570203028E-19,   8.6597395920762210E-15
32,4,1,339,   2.0729773350136340E+11,   2.0151759052077308E-18,   8.6597395920762210E-15
32,4,1,340,   2.1675002430089795E+11,   1.4449985784069954E-18,   8.6597395920762210E-15
32,4,1,341,   2.2860316657059109E+11,   1.4949719437679988E-18,   8.6597395920762210E-15
32,4,1,342,   2.4076172730437219E+11,   1.3627531042593023E-18,   8.6597395920762210E-15
32,4,1,343,   2.5281316119447903E+11,   1.3231009743143844E-18,   8.6597395920762210E-15
32,4,1,344,   2.5640468209393823E+11,   4.8219107498107524E-19,   8.6597395920762210E-15
32,4,1,345,   2.6518154583621320E+11,   1.2807718370857531E-18,   8.6597395920762210E-15
32,4,1,346,   2.7839775111374481E+11,   1.1398033211008812E-18,   8.6597395920762210E-15
32,4,1,347,   2.9289263700945111E+11,   1.2098198402973783E-18,   8.6597395920762210E-15
32,4,1,348,   3.0733099879520862E+11,   7.1493359665232747E-19,   8.6597395920762210E-15
32,4,1,349,   3.0883944949656757E+11,   1.3904077059282637E-18,   8.6597395920762210E-15
32,4,1,350,   3.2625240876956549E+11,   1.1215688770502035E-18,   8.6597395920762210E-15
32,4,1,351,   3.4549029811349286E+11,   1.1509505830407678E-18,   8.6597395920762210E-15
32,4,1,352,   3.5840028604647394E+11,   3.4723641697249730E-19,   8.6597395920762210E-15
32,4,1,353,   3.6688250349164325E+11,   1.1950242622053614E-18,   8.6597395920762210E-15
32,4,1,354,   3.9092435888098608E+11,   8.5747424571555748E-19,   8.6597395920762210E-15
32,4,1,355,   4.0945765211738568E+11,   4.5468097398932541E-19,   8.6597395920762210E-15
32,4,1,356,   4.1838807820983051E+11,   9.4324589415813926E-19,   8.6597395920762210E-15
32,4,1,357,   4.5046859701573102E+11,   8.3257508273756077E-19,   8.6597395920762210E-15
32,4,1,358,   4.6053294124291687E+11,   4.4563038111398774E-19,   8.6597395920762210E-15
32,4,1,359,   4.8931758251045575E+11,   7.2821139911007221E-19,   8.6597395920762210E-15
32,4,1,360,   5.1161750273353925E+11,   3.6056128420652088E-19,   8.6597395920762210E-15
32,4,1,361,   5.3966832074856812E+11,   6.0500461753502265E-19,   8.6597395920762210E-15
32,4,1,362,   5.6271061588313025E+11,   3.5551881914885595E-19,   8.6597395920762210E-15
32,4,1,363,   6.1380934774660205E+11,   3.4831515236594350E-19,   8.6597395920762210E-15
32,4,1,364,   6.2151244593426965E+11,   6.0585356832233123E-19,   8.6597395920762210E-15
32,4,1,365,   6.6491289838710730E+11,   3.8326810004619248E-19,   8.6597395920762210E-15
32,4,1,366,   7.1601968226295142E+11,   3.2621833117659582E-19,   8.6597395920762210E-15
32,4,1,367,   7.6712928393880164E+11,   3.0903952686143005E-19,   8.6597395920762210E-15
32,4,1,368,   8.1824186176343726E+11,   3.2365978408989521E-19,   8.6597395920762210E-15
32,4,1,369,   8.6936217961905481E+11,   3.1098304452733390E-19,   8.6597395920762210E-15
32,4,1,370,   9.2052417565996240E+11,   3.7250715865698667E-19,   8.6597395920762210E-15
32,4,1,371,   9.7190760587266138E+11,   3.8105742673549304E-19,   8.6597395920762210E-15
32,4,1,372,   1.0241708376061268E+12,   2.9416030692295939E-19,   8.6597395920762210E-15
32,4,1,373,   1.0787999199196882E+12,   2.9277130701218765E-19,   8.6597395920762210E-15
32,4,1,374,   1.1377443457718662E+12,   3.2931430590465266E-19,   8.6597395920762210E-15
32,4,1,375,   1.2026069668703569E+12,   2.9946901679461461E-19,   8.6597395920762210E-15
32,4,1,376,   1.2745204924168296E+12,   2.7776061888412784E-19,   8.6597395920762210E-15
32,4,1,377,   1.3545467634040630E+12,   2.4313597739309278E-19,   8.6597395920762210E-15
32,4,1,378,   1.4440286448442048E+12,   2.6184014160306710E-19,   8.6597395920762210E-15
32,4,1,379,   1.5448724392820667E+12,   2.4074905875288578E-19,   8.6597395920762210E-15
32,4,1,380,   1.6599590585595217E+12,   2.0503322609459567E-19,   8.6597395920762210E-15
32,4,1,381,   1.7940238386931614E+12,   2.2207059425058498E-19,   8.6597395920762210E-15
32,4,1,382,   1.9560583937253164E+12,   2.0760047531411108E-19,   8.6597395920762210E-15
32,4,1,383,   2.1689530958935000E+12,   1.7177155930721921E-19,   8.6597395920762210E-15
32,4,2,1,   9.2553477842239360E+00,   1.1579388730293462E-13,   1.1435297153639112E-14
32,4,2,2,   9.2553842406501516E+00,   3.6434060853311861E-14,   1.1435297153639112E-14
32,4,2,3,   9.2554083407103676E+00,   2.9560969486293530E-14,   1.1435297153639112E-14
32,4,2,4,   9.2554185250649290E+00,   3.1242992177352667E-14,   1.1435297153639112E-14
32,4,2,5,   9.2556630760558178E+00,   3.3362560377650178E-14,   1.1435297153639112E-14
32,4,2,6,   9.2556708211272696E+00,   3.7834393965148951E-14,   1.1435297153639112E-14
32,4,2,7,   9.2557750239881464E+00,   2.5994810121488735E-14,   1.1435297153639112E-14
32,4,2,8,   9.2558246525141854E+00,   2.4939313474930476E-14,   1.1435297153639112E-14
32,4,2,9,   9.2558623042562171E+00,   3.2390948278811345E-14,   1.1435297153639112E-14
32,4,2,10,   9.2559539880245474E+00,   2.2409840454637771E-14,   1.1435297153639112E-14
32,4,2,11,   9.2559624425221685E+00,   2.5559648890356510E-14,   1.1435297153639112E-14
32,4,2,12,   9.2559958587434998E+00,   1.9066708619380732E-14,   1.1435297153639112E-14
32,4,2,13,   9.2560025471339458E+00,   2.0477867067509890E-14,   1.1435297153639112E-14
32,4,2,14,   9.2560622870407343E+00,   1.9125818187440869E-14,   1.1435297153639112E-14
32,4,2,15,   9.2560843925835439E+00,   2.1095684935450261E-14,   1.1435297153639112E-14
32,4,2,16,   9.2561532195472349E+00,   2.6333518177505626E-14,   1.1435297153639112E-14
32,4,2,17,   9.2561624662105313E+00,   2.1398858032397239E-14,   1.1435297153639112E-14
32,4,2,18,   9.2561767950005791E+00,   2.1448963366234797E-14,   1.1435297153639112E-14
32,4,2,19,   9.2562184352949100E+00,   2.5571574883899430E-14,   1.1435297153639112E-14
32,4,2,20,   9.2562902645363039E+00,   1.5789434271696206E-14,   1.1435297153639112E-14
32,4,2,21,   9.2563210906412934E+00,   2.2035994828662193E-14,   1.1435297153639112E-14
32,4,2,22,   9.2563734167105398E+00,   1.5097407970686563E-14,   1.1435297153639112E-14
32,4,2,23,   9.2563895570622545E+00,   1.6528757436949841E-14,   1.1435297153639112E-14
32,4,2,24,   9.2564354630312966E+00,   1.4794009536405129E-14,   1.1435297153639112E-14
32,4,2,25,   9.2564472330290020E+00,   1.7186234156245795E-14,   1.1435297153639112E-14
32,4,2,26,   9.2564688463073885E+00,   1.1087120861809637E-14,   1.1435297153639112E-14
32,4,2,27,   9.2564947676406071E+00,   1.2346499550700565E-14,   1.1435297153639112E-14
32,4,2,28,   9.2565415784527350E+00,   2.2335785000792153E-14,   1.1435297153639112E-14
32,4,2,29,   9.2566220889600306E+00,   1.2750739407874101E-14,   1.1435297153639112E-14
32,4,2,30,   9.2566295448141691E+00,   1.6508202988167694E-14,   1.1435297153639112E-14
32,4,2,31,   9.2566837996202000E+00,   9.9941800140641296E-15,   1.1435297153639112E-14
32,4,2,32,   9.2566856704526721E+00,   1.4467919845043175E-14,   1.1435297153639112E-14
32,4,2,33,   9.2567381383098777E+00,   1.2568113388474760E-14,   1.1435297153639112E-14
32,4,2,34,   9.2567869941879568E+00,   1.1615551963544699E-14,   1.1435297153639112E-14
32,4,2,35,   9.2567966041024565E+00,   9.9174896030977647E-15,   1.1435297153639112E-14
32,4,2,36,   9.2568296996403294E+00,   1.0911016445350299E-14,   1.1435297153639112E-14
32,4,2,37,   9.2568494678063011E+00,   6.2588305814066580E-15,   1.1435297153639112E-14
32,4,2,38,   9.2568610321040730E+00,   7.3514148282798280E-15,   1.1435297153639112E-14
32,4,2,39,   9.2568716631738202E+00,   1.4444411887209356E-14,   1.1435297153639112E-14
32,4,2,40,   9.2568783224409898E+00,   8.6625291026742812E-15,   1.1435297153639112E-14
32,4,2,41,   9.2568920665041219E+00,   9.7504702608522396E-15,   1.1435297153639112E-14
32,4,2,42,   9.2568988955252500E+00,   7.4122969435504404E-15,   1.1435297153639112E-14
32,4,2,43,   9.2569186447297707E+00,   1.0147687206252606E-14,   1.1435297153639112E-14
32,4,2,44,   9.2569372068164686E+00,   1.0639544398332185E-14,   1.1435297153639112E-14
32,4,2,45,   9.2570089522558288E+00,   9.2574945230466941E-15,   1.1435297153639112E-14
32,4,2,46,   9.2570252517336549E+00,   4.9677331617864846E-15,   1.1435297153639112E-14
32,4,2,47,   9.2570669954452782E+00,   4.2682184308653805E-15,   1.1435297153639112E-14
32,4,2,48,   9.2570888329177752E+00,   6.4234013997169275E-15,   1.1435297153639112E-14
32,4,2,49,   9.2571108650151128E+00,   2.7452367335290917E-15,   1.1435297153639112E-14
32,4,2,50,   9.2571124628035513E+00,   4.8621080273706911E-15,   1.1435297153639112E-14
32,4,2,51,   9.2571396202062211E+00,   4.3880954271883101E-15,   1.1435297153639112E-14
32,4,2,52,   9.2571415919437321E+00,   2.7643932101174327E-15,   1.1435297153639112E-14
32,4,2,53,   9.2571553883321087E+00,   2.4886202994376184E-15,   1.1435297153639112E-14
32,4,2,54,   9.2571939007786099E+00,   1.6834858215160418E-15,   1.1435297153639112E-14
32,4,2,55,   9.2572248699638315E+00,   1.8836594740491453E-15,   1.1435297153639112E-14
32,4,2,56,   9.2572344847346688E+00,   1.7260810301017799E-15,   1.1435297153639112E-14
32,4,2,57,   9.2572386281969425E+00,   1.0926908441587290E-15,   1.1435297153639112E-14
32,4,2,58,   9.2572502574315916E+00,   1.8266287007137102E-15,   1.1435297153639112E-14
32,4,2,59,   9.2572506485059982E+00,   2.6353198775069834E-15,   1.1435297153639112E-14
32,4,2,60,   9.2572539361838633E+00,   1.2637940465781232E-15,   1.1435297153639112E-14
32,4,2,61,   9.2572576708824172E+00,   1.1575969776633304E-15,   1.1435297153639112E-14
32,4,2,62,   9.2572623507088476E+00,   1.1912968032103943E-15,   1.1435297153639112E-14
32,4,2,63,   9.2572865384234753E+00,   8.6846454830133377E-16,   1.1435297153639112E-14
32,4,2,64,   9.2573204281832400E+00,   4.0597745022909868E-18,   1.1435297153639112E-14
32,4,2,65,   9.2573454843220766E+00,   6.6343295644638295E-16,   1.1435297153639112E-14
32,4,2,66,   9.2573509580246913E+00,   4.8946674756733799E-16,   1.1435297153639112E-14
32,4,2,67,   9.2573603197450360E+00,   4.9631623441867936E-15,   1.1435297153639112E-14
32,4,2,68,   9.2573982112735340E+00,   3.1452247774162831E-15,   1.1435297153639112E-14
32,4,2,69,   9.2574065461304169E+00,   1.4542226098795614E-15,   1.1435297153639112E-14
32,4,2,70,   9.2574081243964219E+00,   1.4134460782342582E-15,   1.1435297153639112E-14
32,4,2,71,   9.2574478946118237E+00,   1.1868634578266956E-15,   1.1435297153639112E-14
32,4,2,72,   9.2574533134875381E+00,   2.3875094781115472E-15,   1.1435297153639112E-14
32,4,2,73,   9.2574656241971898E+00,   5.7290830368115684E-15,   1.1435297153639112E-14
32,4,2,74,   9.2575026601026913E+00,   3.9042411211928929E-15,   1.1435297153639112E-14
32,4,2,75,   9.2575364737539036E+00,   3.4629260153372530E-15,   1.1435297153639112E-14
32,4,2,76,   9.2575554849437953E+00,   1.2533721668900402E-14,   1.1435297153639112E-14
32,4,2,77,   9.2575711130698348E+00,   5.7777403624078526E-15,   1.1435297153639112E-14
32,4,2,78,   9.2575837970267525E+00,   3.7761672284278749E-15,   1.1435297153639112E-14
32,4,2,79,   9.2575890704753903E+00,   4.3316940766310954E-15,   1.1435297153639112E-14
32,4,2,80,   9.2575929585931291E+00,   4.6904511582679621E-15,   1.1435297153639112E-14
32,4,2,81,   9.2576027420994009E+00,   4.3054408314593302E-15,   1.1435297153639112E-14
32,4,2,82,   9.2576037638306410E+00,   9.1414298461476253E-15,   1.1435297153639112E-14
32,4,2,83,   9.2576285855822817E+00,   3.9774381453861085E-15,   1.1435297153639112E-14
32,4,2,84,   9.2576487021064473E+00,   4.3108466478219180E-15,   1.1435297153639112E-14
32,4,2,85,   9.2576746020349461E+00,   6.6864611208549943E-15,   1.1435297153639112E-14
32,4,2,86,   9.2577134511948582E+00,   7.5513070671779414E-15,   1.1435297153639112E-14
32,4,2,87,   9.2577177901306111E+00,   6.0009508764011854E-15,   1.1435297153639112E-14
32,4,2,88,   9.2577485729749114E+00,   9.3440624359463674E-15,   1.1435297153639112E-14
32,4,2,89,   9.2577513712756208E+00,   7.0011447530169543E-15,   1.1435297153639112E-14
32,4,2,90,   9.2577666002773498E+00,   1.5847570703575022E-14,   1.1435297153639112E-14
32,4,2,91,   9.2577850637790018E+00,   1.0299841535560263E-14,   1.1435297153639112E-14
32,4,2,92,   9.2577898170729469E+00,   7.4885739593495694E-15,   1.1435297153639112E-14
32,4,2,93,   9.2577915336186738E+00,   7.9451894801460356E-15,   1.1435297153639112E-14
32,4,2,94,   9.2578154665183447E+00,   9.6821691563234446E-15,   1.1435297153639112E-14
32,4,2,95,   9.2578560779809216E+00,   8.9343689383624370E-15,   1.1435297153639112E-14
32,4,2,96,   9.2578729605738239E+00,   9.7563431232217487E-15,   1.1435297153639112E-14
32,4,2,97,   9.2578744075034862E+00,   1.4535681344299212E-14,   1.1435297153639112E-14
32,4,2,98,   9.2579269183095132E+00,   1.0683118222132518E-14,   1.1435297153639112E-14
32,4,2,99,   9.2579315054417322E+00,   1.1278487017088467E-14,   1.1435297153639112E-14
32,4,2,100,   9.2579474564907098E+00,   1.0051747536651784E-14,   1.1435297153639112E-14
32,4,2,101,   9.2579614658895846E+00,   1.2490921356867339E-14,   1.1435297153639112E-14
32,4,2,102,   9.2579635184307829E+00,   1.2206600623447255E-14,   1.1435297153639112E-14
32,4,2,103,   9.2579852566467924E+00,   1.0023428575844048E-14,   1.1435297153639112E-14
32,4,2,104,   9.2579996600833834E+00,   1.0762768878009704E-14,   1.1435297153639112E-14
32,4,2,105,   9.2580094508425432E+00,   1.3306308323538471E-14,   1.1435297153639112E-14
32,4,2,106,   9.2580114427531957E+00,   1.3590291012277500E-14,   1.1435297153639112E-14
32,4,2,107,   9.2580241058120798E+00,   9.0415717992734713E-15,   1.1435297153639112E-14
32,4,2,108,   9.2580746323337628E+00,   1.4686270298432418E-14,   1.1435297153639112E-14
32,4,2,109,   9.2581144052693123E+00,   1.4365481278819317E-14,   1.1435297153639112E-14
32,4,2,110,   9.2581683942613857E+00,   1.4463352972462397E-14,   1.1435297153639112E-14
32,4,2,111,   9.2581940752555525E+00,   1.6479818433036700E-14,   1.1435297153639112E-14
32,4,2,112,   9.2582196427711363E+00,   1.5370197838507498E-14,   1.1435297153639112E-14
32,4,2,113,   9.2582342084161873E+00,   1.7486896212685164E-14,   1.1435297153639112E-14
32,4,2,114,   9.2582410077780075E+00,   1.8697481173970743E-14,   1.1435297153639112E-14
32,4,2,115,   9.2582908013235468E+00,   1.3663440081503679E-14,   1.1435297153639112E-14
32,4,2,116,   9.2582936493779506E+00,   1.7973337212475554E-14,   1.1435297153639112E-14
32,4,2,117,   9.2583540910876589E+00,   1.6163901963539447E-14,   1.1435297153639112E-14
32,4,2,118,   9.2583716525158266E+00,   2.4852785127073078E-14,   1.1435297153639112E-14
32,4,2,119,   9.2583761124412209E+00,   3.3213335122088989E-14,   1.1435297153639112E-14
32,4,2,120,   9.2583950338400811E+00,   1.9019362587753441E-14,   1.1435297153639112E-14
32,4,2,121,   9.2584728556133857E+00,   1.4707153435000858E-14,   1.1435297153639112E-14
32,4,2,122,   9.2585425825470686E+00,   2.5727533436034624E-14,   1.1435297153639112E-14
32,4,2,123,   9.2586605178696324E+00,   2.2201741175457428E-14,   1.1435297153639112E-14
32,4,2,124,   9.2587788151716488E+00,   3.5522858290790487E-14,   1.1435297153639112E-14
32,4,2,125,   9.2587934514021395E+00,   2.1253577061158512E-14,   1.1435297153639112E-14
32,4,2,126,   9.2589689007204594E+00,   3.2452150534100183E-14,   1.1435297153639112E-14
32,4,2,127,   9.2592719048400696E+00,   3.6126322447446083E-14,   1.1435297153639112E-14
32,4,2,128,   9.2593464286156681E+00,   4.2938854383510790E-14,   1.1435297153639112E-14
32,4,2,129,   4.4209704742210197E+04,   2.4491890463124800E-14,   1.1435297153639112E-14
32,4,2,130,   4.4209704818362756E+04,   2.8688675085963669E-14,   1.1435297153639112E-14
32,4,2,131,   4.4209704889360444E+04,   2.5811160509934869E-14,   1.1435297153639112E-14
32,4,2,132,   4.4209704982642834E+04,   5.0008341585158699E-15,   1.1435297153639112E-14
32,4,2,133,   4.4209705162255421E+04,   6.6339099364072337E-16,   1.1435297153639112E-14
32,4,2,134,   4.4209705182686928E+04,   2.0071182862543037E-14,   1.1435297153639112E-14
32,4,2,135,   4.4209705189035361E+04,   8.7570889804141195E-15,   1.1435297153639112E-14
32,4,2,136,   4.4209705301492839E+04,   1.5600798137582623E-14,   1.1435297153639112E-14
32,4,2,137,   4.4209705316466963E+04,   3.9132453935255774E-15,   1.1435297153639112E-14
32,4,2,138,   4.4209705355310049E+04,   5.0225500295556799E-15,   1.1435297153639112E-14
32,4,2,139,   4.4209705397072183E+04,   4.8918895050760651E-15,   1.1435297153639112E-14
32,4,2,140,   4.4209705400070299E+04,   1.8463579113212875E-14,   1.1435297153639112E-14
32,4,2,141,   4.4209705418174366E+04,   5.1312204506320714E-15,   1.1435297153639112E-14
32,4,2,142,   4.4209705448723340E+04,   2.2799093981522997E-14,   1.1435297153639112E-14
32,4,2,143,   4.4209705454784620E+04,   1.4995147213672795E-14,   1.1435297153639112E-14
32,4,2,144,   4.4209705475899937E+04,   2.3281152645459072E-14,   1.1435297153639112E-14
32,4,2,145,   4.4209705483874510E+04,   1.7170458585198572E-14,   1.1435297153639112E-14
32,4,2,146,   4.4209705515736547E+04,   5.6640669839104106E-15,   1.1435297153639112E-14
32,4,2,147,   4.4209705549908642E+04,   9.3776870828445221E-15,   1.1435297153639112E-14
32,4,2,148,   4.4209705572646817E+04,   9.5090116054024886E-15,   1.1435297153639112E-14
32,4,2,149,   4.4209705575433320E+04,   1.8350345466741485E-14,   1.1435297153639112E-14
32,4,2,150,   4.4209705577504443E+04,   2.9003010065312295E-15,   1.1435297153639112E-14
32,4,2,151,   4.4209705607125463E+04,   1.3625067083197486E-14,   1.1435297153639112E-14
32,4,2,152,   4.4209705619515451E+04,   2.5239805882989548E-14,   1.1435297153639112E-14
32,4,2,153,   4.4209705648882344E+04,   6.5004347382106676E-15,   1.1435297153639112E-14
32,4,2,154,   4.4209705657113220E+04,   7.2405066094029063E-16,   1.1435297153639112E-14
32,4,2,155,   4.4209705665334397E+04,   9.3708386835091650E-15,   1.1435297153639112E-14
32,4,2,156,   4.4209705724123603E+04,   9.8919684401654557E-15,   1.1435297153639112E-14
32,4,2,157,   4.4209705776875962E+04,   7.3205953429575917E-15,   1.1435297153639112E-14
32,4,2,158,   4.4209705778697433E+04,   8.1734964816508585E-15,   1.1435297153639112E-14
32,4,2,159,   4.4209705806763610E+04,   1.1714675347835810E-14,   1.1435297153639112E-14
32,4,2,160,   4.4209705809334002E+04,   2.3779821794694934E-15,   1.1435297153639112E-14
32,4,2,161,   4.4209705847753889E+04,   8.9986226358778087E-15,   1.1435297153639112E-14
32,4,2,162,   4.4209705889467070E+04,   6.6213300015982802E-15,   1.1435297153639112E-14
32,4,2,163,   4.4209705913045713E+04,   8.0488472010344115E-15,   1.1435297153639112E-14
32,4,2,164,   4.4209705915018101E+04,   7.7720670683133111E-15,   1.1435297153639112E-14
32,4,2,165,   4.4209705958174462E+04,   1.2738758853118704E-14,   1.1435297153639112E-14
32,4,2,166,   4.4209705961365071E+04,   1.3228826964968293E-15,   1.1435297153639112E-14
32,4,2,167,   4.4209705987905560E+04,   8.1299373554862399E-15,   1.1435297153639112E-14
32,4,2,168,   4.4209706011019283E+04,   3.1073442115034117E-15,   1.1435297153639112E-14
32,4,2,169,   4.4209706034873161E+04,   4.7380365594110307E-15,   1.1435297153639112E-14
32,4,2,170,   4.4209706050657674E+04,   2.5809769430803971E-15,   1.1435297153639112E-14
32,4,2,171,   4.4209706078092655E+04,   5.7165571918670417E-15,   1.1435297153639112E-14
32,4,2,172,   4.4209706091682543E+04,   1.9206018453189508E-15,   1.1435297153639112E-14
32,4,2,173,   4.4209706152834216E+04,   1.2944504758141564E-15,   1.1435297153639112E-14
32,4,2,174,   4.4209706160537920E+04,   1.9604480332010040E-15,   1.1435297153639112E-14
32,4,2,175,   4.4209706172793929E+04,   2.1015980350135842E-15,   1.1435297153639112E-14
32,4,2,176,   4.4209706230991484E+04,   4.5077895538564825E-16,   1.1435297153639112E-14
32,4,2,177,   4.4209706241790511E+04,   4.2179071180094236E-15,   1.1435297153639112E-14
32,4,2,178,   4.4209706252528398E+04,   1.2019949799201708E-15,   1.1435297153639112E-14
32,4,2,179,   4.4209706299689315E+04,   1.5628129911119437E-15,   1.1435297153639112E-14
32,4,2,180,   4.4209706303457271E+04,   1.2242570531749626E-15,   1.1435297153639112E-14
32,4,2,181,   4.4209706322071019E+04,   1.6593750416287710E-15,   1.1435297153639112E-14
32,4,2,182,   4.4209706361316727E+04,   1.2994335870105420E-15,   1.1435297153639112E-14
32,4,2,183,   4.4209706369085310E+04,   3.4028052049461305E-15,   1.1435297153639112E-14
32,4,2,184,   4.4209706382637494E+04,   4.4528507168385396E-16,   1.1435297153639112E-14
32,4,2,185,   4.4209706408236234E+04,   5.5152851082734192E-16,   1.1435297153639112E-14
32,4,2,186,   4.4209706418082336E+04,   7.8786557820072779E-17,   1.1435297153639112E-14
32,4,2,187,   4.4209706427268691E+04,   5.6393897513076724E-16,   1.1435297153639112E-14
32,4,2,188,   4.4209706459552035E+04,   6.8142605044116675E-16,   1.1435297153639112E-14
32,4,2,189,   4.4209706501621760E+04,   1.1463023159543415E-15,   1.1435297153639112E-14
32,4,2,190,   4.4209706580391095E+04,   1.4763802422401132E-15,   1.1435297153639112E-14
32,4,2,191,   4.4209706589858884E+04,   2.3842057388883965E-15,   1.1435297153639112E-14
32,4,2,192,   4.4209706595671880E+04,   3.6716717728394232E-15,   1.1435297153639112E-14
32,4,2,193,   4.4209706597642034E+04,   4.7899559269080376E-16,   1.1435297153639112E-14
32,4,2,194,   4.4209706621125923E+04,   5.3717148498206824E-16,   1.1435297153639112E-14
32,4,2,195,   4.4209706639552016E+04,   5.4924562555038737E-16,   1.1435297153639112E-14
32,4,2,196,   4.4209706651806955E+04,   4.1055750207241172E-16,   1.1435297153639112E-14
32,4,2,197,   4.4209706662769429E+04,   2.5541401972604723E-15,   1.1435297153639112E-14
32,4,2,198,   4.4209706672429194E+04,   9.7669187285210664E-16,   1.1435297153639112E-14
32,4,2,199,   4.4209706690602310E+04,   1.1432212202685281E-15,   1.1435297153639112E-14
32,4,2,200,   4.4209706702785232E+04,   2.8995370133375635E-15,   1.1435297153639112E-14
32,4,2,201,   4.4209706722308380E+04,   1.3767518096132034E-15,   1.1435297153639112E-14
32,4,2,202,   4.4209706739425579E+04,   4.5178657499334479E-15,   1.1435297153639112E-14
32,4,2,203,   4.4209706770165823E+04,   9.1210310284916996E-16,   1.1435297153639112E-14
32,4,2,204,   4.4209706773405429E+04,   7.9090856635637818E-15,   1.1435297153639112E-14
32,4,2,205,   4.4209706777090745E+04,   1.0106900991447472E-15,   1.1435297153639112E-14
32,4,2,206,   4.4209706785722257E+04,   6.6188092119154246E-15,   1.1435297153639112E-14
32,4,2,207,   4.4209706802189859E+04,   1.6880471416346687E-15,   1.1435297153639112E-14
32,4,2,208,   4.4209706810973643E+04,   2.4598633304325548E-15,   1.1435297153639112E-14
32,4,2,209,   4.4209706832074808E+04,   4.5246364460806660E-15,   1.1435297153639112E-14
32,4,2,210,   4.4209706839237027E+04,   1.3031752345593637E-15,   1.1435297153639112E-14
32,4,2,211,   4.4209706898465833E+04,   2.1301414495846167E-15,   1.1435297153639112E-14
32,4,2,212,   4.4209706927285668E+04,   2.4537163180897957E-16,   1.1435297153639112E-14
32,4,2,213,   4.4209706935951101E+04,   1.1855588531073881E-14,   1.1435297153639112E-14
32,4,2,214,   4.4209706939756485E+04,   1.0155816334163936E-14,   1.1435297153639112E-14
32,4,2,215,   4.4209706969086488E+04,   3.3287891845060444E-15,   1.1435297153639112E-14
32,4,2,216,   4.4209706972846674E+04,   1.6570391994386356E-14,   1.1435297153639112E-14
32,4,2,217,   4.4209706989180027E+04,   4.6555876749763642E-15,   1.1435297153639112E-14
32,4,2,218,   4.4209707059033084E+04,   6.1935002438495830E-15,   1.1435297153639112E-14
32,4,2,219,   4.4209707060029934E+04,   5.9906295091099686E-15,   1.1435297153639112E-14
32,4,2,220,   4.4209707061808738E+04,   1.0336556573919416E-14,   1.1435297153639112E-14
32,4,2,221,   4.4209707079872496E+04,   1.7115594709283181E-14,   1.1435297153639112E-14
32,4,2,222,   4.4209707084784008E+04,   1.1971082277469282E-15,   1.1435297153639112E-14
32,4,2,223,   4.4209707084842703E+04,   4.5929107667718342E-15,   1.1435297153639112E-14
32,4,2,224,   4.4209707084900154E+04,   1.3345514887723903E-15,   1.1435297153639112E-14
32,4,2,225,   4.4209707095384452E+04,   6.8420238315385762E-15,   1.1435297153639112E-14
32,4,2,226,   4.4209707115264602E+04,   1.0672769332608891E-14,   1.1435297153639112E-14
32,4,2,227,   4.4209707139786224E+04,   2.9235709055641982E-15,   1.1435297153639112E-14
32,4,2,228,   4.4209707171267277E+04,   1.1157408826719521E-14,   1.1435297153639112E-14
32,4,2,229,   4.4209707179829325E+04,   4.0973149319033092E-14,   1.1435297153639112E-14
32,4,2,230,   4.4209707183432372E+04,   1.3988064730943146E-15,   1.1435297153639112E-14
32,4,2,231,   4.4209707203550104E+04,   1.7479383871171519E-14,   1.1435297153639112E-14
32,4,2,232,   4.4209707208426531E+04,   3.3428425090562179E-15,   1.1435297153639112E-14
32,4,2,233,   4.4209707211818670E+04,   3.9155384067765163E-15,   1.1435297153639112E-14
32,4,2,234,   4.4209707242064134E+04,   1.8882804034301494E-14,   1.1435297153639112E-14
32,4,2,235,   4.4209707250559550E+04,   2.0353249393685416E-14,   1.1435297153639112E-14
32,4,2,236,   4.4209707256927883E+04,   2.0248756796996004E-14,   1.1435297153639112E-14
32,4,2,237,   4.4209707264567020E+04,   1.6188084433493962E-15,   1.1435297153639112E-14
32,4,2,238,   4.4209707269136845E+04,   1.0821796884077194E-14,   1.1435297153639112E-14
32,4,2,239,   4.4209707269571714E+04,   1.4980583038789246E-14,   1.1435297153639112E-14
32,4,2,240,   4.4209707305938427E+04,   2.2122561079244133E-14,   1.1435297153639112E-14
32,4,2,241,   4.4209707326479547E+04,   1.4616285509556477E-14,   1.1435297153639112E-14
32,4,2,242,   4.4209707330512028E+04,   2.9379266363385276E-14,   1.1435297153639112E-14
32,4,2,243,   4.4209707337294087E+04,   2.9589712161998315E-14,   1.1435297153639112E-14
32,4,2,244,   4.4209707359364926E+04,   1.5743117703489502E-14,   1.1435297153639112E-14
32,4,2,245,   4.4209707359777844E+04,   1.1953064642411197E-14,   1.1435297153639112E-14
32,4,2,246,   4.4209707403749984E+04,   1.2908397506103766E-14,   1.1435297153639112E-14
32,4,2,247,   4.4209707463235383E+04,   1.5050556662887815E-14,   1.1435297153639112E-14
32,4,2,248,   4.4209707514433052E+04,   1.9985840811405382E-14,   1.1435297153639112E-14
32,4,2,249,   4.4209707716688354E+04,   7.0030208226308075E-15,   1.1435297153639112E-14
32,4,2,250,   4.4209707762894512E+04,   1.7062457912341298E-14,   1.1435297153639112E-14
32,4,2,251,   4.4209707793451475E+04,   4.6987873296367054E-14,   1.1435297153639112E-14
32,4,2,252,   4.4209707829799103E+04,   2.7699983456096474E-15,   1.1435297153639112E-14
32,4,2,253,   4.4209707848313490E+04,   6.8893883693191105E-15,   1.1435297153639112E-14
32,4,2,254,   4.4209708071469227E+04,   7.1295455027836662E-15,   1.1435297153639112E-14
32,4,2,255,   4.4209709079982145E+04,   2.4771850074341753E-14,   1.1435297153639112E-14
32,4,2,256,   2.8140922222152203E+07,   1.2364176886304494E-14,   1.1435297153639112E-14
32,4,2,257,   1.0231315423628120E+08,   9.2192700140506142E-15,   1.1435297153639112E-14
32,4,2,258,   2.0496727550793722E+08,   5.6624852522160873E-15,   1.1435297153639112E-14
32,4,2,259,   3.3871244480296814E+08,   3.0279288097130370E-15,   1.1435297153639112E-14
32,4,2,260,   5.0377887749288124E+08,   1.8510155047173644E-15,   1.1435297153639112E-14
32,4,2,261,   7.0022556605389726E+08,   1.1344127000543696E-15,   1.1435297153639112E-14
32,4,2,262,   9.2807394975847971E+08,   6.4457615016670062E-16,   1.1435297153639112E-14
32,4,2,263,   1.1873341657294464E+09,   5.2590282601832911E-16,   1.1435297153639112E-14
32,4,2,264,   1.4780146050870800E+09,   3.4798063688859347E-16,   1.1435297153639112E-14
32,4,2,265,   1.8001308082691207E+09,   2.9714091564461726E-16,   1.1435297153639112E-14
32,4,2,266,   2.1537129235185690E+09,   1.9826114818783433E-16,   1.1435297153639112E-14
32,4,2,267,   2.5387551465676603E+09,   1.6520469424045856E-16,   1.1435297153639112E-14
32,4,2,268,   2.9548022178431044E+09,   7.5078557231632335E-17,   1.1435297153639112E-14
32,4,2,269,   3.3988481119133253E+09,   6.3124325041070676E-17,   1.1435297153639112E-14
32,4,2,270,   3.8550751528490219E+09,   3.7035038988661251E-17,   1.1435297153639112E-14
32,4,2,271,   4.2618729056921077E+09,   1.5798429024325170E-17,   1.1435297153639112E-14
32,4,2,272,   4.6376439193930511E+09,   2.0341038317229914E-17,   1.1435297153639112E-14
32,4,2,273,   5.1425538786485033E+09,   3.0546231660670146E-17,   1.1435297153639112E-14
32,4,2,274,   5.7418686392341156E+09,   4.7224896379909194E-17,   1.1435297153639112E-14
32,4,2,275,   6.4016053716201668E+09,   6.5549237119164655E-17,   1.1435297153639112E-14
32,4,2,276,   7.1143683826072388E+09,   7.3755256989130713E-17,   1.1435297153639112E-14
32,4,2,277,   7.8779822702094088E+09,   8.7349736623701175E-17,   1.1435297153639112E-14
32,4,2,278,   8.6912590939598141E+09,   8.8589005919920686E-17,   1.1435297153639112E-14
32,4,2,279,   9.5545847496481915E+09,   8.0857724477559042E-17,   1.1435297153639112E-14
32,4,2,280,   1.0468157257934639E+10,   8.9098328061756221E-17,   1.1435297153639112E-14
32,4,2,281,   1.1428704865710674E+10,   7.4686777563429310E-17,   1.1435297153639112E-14
32,4,2,282,   1.2432780942679834E+10,   7.1270770600166370E-17,   1.1435297153639112E-14
32,4,2,283,   1.3478883886529402E+10,   6.2843513299326252E-17,   1.1435297153639112E-14
32,4,2,284,   1.4562473305975500E+10,   5.7691264685706279E-17,   1.1435297153639112E-14
32,4,2,285,   1.5688778905926922E+10,   5.2203699651289395E-17,   1.1435297153639112E-14
32,4,2,286,   1.6873424495452236E+10,   4.7841854491498951E-17,   1.1435297153639112E-14
32,4,2,287,   1.8127466107167603E+10,   4.8862926951940874E-17,   1.1435297153639112E-14
32,4,2,288,   1.9464475364598400E+10,   4.4981574811780099E-17,   1.1435297153639112E-14
32,4,2,289,   2.0878677295507843E+10,   3.7015462138624236E-17,   1.1435297153639112E-14
32,4,2,290,   2.2366770306589569E+10,   3.5600886413941618E-17,   1.1435297153639112E-14
32,4,2,291,   2.3911366464617573E+10,   3.9461950072308567E-17,   1.1435297153639112E-14
32,4,2,292,   2.5492141363541553E+10,   2.8911561233280081E-17,   1.1435297153639112E-14
32,4,2,293,   2.7087258967749683E+10,   2.4372722466572643E-17,   1.1435297153639112E-14
32,4,2,294,   2.8721290107947300E+10,   2.1257247218435506E-17,   1.1435297153639112E-14
32,4,2,295,   3.0453050823483177E+10,   1.9959241539167032E-17,   1.1435297153639112E-14
32,4,2,296,   3.2330000087679222E+10,   2.1993315598944647E-17,   1.1435297153639112E-14
32,4,2,297,   3.4328770310630077E+10,   1.9448194415054294E-17,   1.1435297153639112E-14
32,4,2,298,   3.6409475243963509E+10,   1.8593536155088384E-17,   1.1435297153639112E-14
32,4,2,299,   3.8501304371711327E+10,   1.6836297648916386E-17,   1.1435297153639112E-14
32,4,2,300,   4.0537298901762680E+10,   1.2750924887179898E-17,   1.1435297153639112E-14
32,4,2,301,   4.2639116321106392E+10,   1.3714183261136756E-17,   1.1435297153639112E-14
32,4,2,302,   4.4974111870841667E+10,   1.4405298661763398E-17,   1.1435297153639112E-14
32,4,2,303,   4.7487664772277679E+10,   1.3179960274455913E-17,   1.1435297153639112E-14
32,4,2,304,   4.9911459071193062E+10,   8.1562829858532720E-18,   1.1435297153639112E-14
32,4,2,305,   5.1805418625195564E+10,   5.0463903682949414E-18,   1.1435297153639112E-14
32,4,2,306,   5.3834507184978180E+10,   5.1843304267417972E-18,   1.1435297153639112E-14
32,4,2,307,   5.6035244371959518E+10,   5.2789262047218527E-18,   1.1435297153639112E-14
32,4,2,308,   5.8437625518597656E+10,   7.0430995067820916E-18,   1.1435297153639112E-14
32,4,2,309,   6.1443941413897324E+10,   7.5733619513188960E-18,   1.1435297153639112E-14
32,4,2,310,   6.4689434672024971E+10,   6.9964509183313033E-18,   1.1435297153639112E-14
32,4,2,311,   6.7690762506126289E+10,   5.6058852730994915E-18,   1.1435297153639112E-14
32,4,2,312,   7.0627988872666901E+10,   5.8758074369726446E-18,   1.1435297153639112E-14
32,4,2,313,   7.4211909497526138E+10,   6.7066931450322256E-18,   1.1435297153639112E-14
32,4,2,314,   7.8071482893306198E+10,   6.1090264938007225E-18,   1.1435297153639112E-14
32,4,2,315,   8.1442298826964645E+10,   4.7630497313367373E-18,   1.1435297153639112E-14
32,4,2,316,   8.4962298209645111E+10,   5.9683237788752986E-18,   1.1435297153639112E-14
32,4,2,317,   8.9382996788022614E+10,   5.8465813021658029E-18,   1.1435297153639112E-14
32,4,2,318,   9.3531259200951859E+10,   3.9550940350887446E-18,   1.1435297153639112E-14
32,4,2,319,   9.7162783362753662E+10,   3.6467954782047966E-18,   1.1435297153639112E-14
32,4,2,320,   1.0194769694762221E+11,   2.9802837561252315E-18,   1.1435297153639112E-14
32,4,2,321,   1.0394723881798328E+11,   9.9438961051724924E-19,   1.1435297153639112E-14
32,4,2,322,   1.0737912460207829E+11,   2.6856280392718247E-18,   1.1435297153639112E-14
32,4,2,323,   1.1125566283833020E+11,   3.2395766238334204E-18,   1.1435297153639112E-14
32,4,2,324,   1.1702487328354588E+11,   3.7358806640981250E-18,   1.1435297153639112E-14
32,4,2,325,   1.2188451209856978E+11,   2.4421552720586285E-18,   1.1435297153639112E-14
32,4,2,326,   1.2714795907101205E+11,   3.4936806291178067E-18,   1.1435297153639112E-14
32,4,2,327,   1.3359148219715215E+11,   2.3909191634312975E-18,   1.1435297153639112E-14
32,4,2,328,   1.3844802177764328E+11,   2.9348187509675098E-18,   1.1435297153639112E-14
32,4,2,329,   1.4595734729848651E+11,   2.7927337373370902E-18,   1.1435297153639112E-14
32,4,2,330,   1.5099335625031009E+11,   2.4017941773308891E-18,   1.1435297153639112E-14
32,4,2,331,   1.5468172894908774E+11,   4.7897761950311211E-19,   1.1435297153639112E-14
32,4,2,332,   1.5958045632397839E+11,   2.2119848739982612E-18,   1.1435297153639112E-14
32,4,2,333,   1.6509709312328979E+11,   2.2288182230439041E-18,   1.1435297153639112E-14
32,4,2,334,   1.7412038246771295E+11,   1.9897816566734705E-18,   1.1435297153639112E-14
32,4,2,335,   1.8102349297476657E+11,   2.4614197669657525E-18,   1.1435297153639112E-14
32,4,2,336,   1.8929243930933984E+11,   1.6006051406088467E-18,   1.1435297153639112E-14
32,4,2,337,   1.9963011816014932E+11,   1.7925866606733815E-18,   1.1435297153639112E-14
32,4,2,338,   2.0538313759671341E+11,   4.9705398188246237E-19,   1.1435297153639112E-14
32,4,2,339,   2.0729773350136288E+11,   1.8862852342279549E-18,   1.1435297153639112E-14
32,4,2,340,   2.1675002430089761E+11,   1.4234825880432502E-18,   1.1435297153639112E-14
32,4,2,341,   2.2860316657059073E+11,   1.3506594553337983E-18,   1.1435297153639112E-14
32,4,2,342,   2.4076172730437219E+11,   1.4600830023736825E-18,   1.1435297153639112E-14
32,4,2,343,   2.5281316119447919E+11,   1.4970572611665528E-18,   1.1435297153639112E-14
32,4,2,344,   2.5640468209393619E+11,   3.5245920179703395E-19,   1.1435297153639112E-14
32,4,2,345,   2.6518154583621274E+11,   1.4022385754226460E-18,   1.1435297153639112E-14
32,4,2,346,   2.7839775111374457E+11,   1.3161499209309894E-18,   1.1435297153639112E-14
32,4,2,347,   2.9289263700945038E+11,   1.2904618379849462E-18,   1.1435297153639112E-14
32,4,2,348,   3.0733099879520630E+11,   3.0155085982998466E-19,   1.1435297153639112E-14
32,4,2,349,   3.0883944949656689E+11,   1.1504089675269196E-18,   1.1435297153639112E-14
32,4,2,350,   3.2625240876956488E+11,   1.1092295125236348E-18,   1.1435297153639112E-14
32,4,2,351,   3.4549029811349237E+11,   1.0207646235352120E-18,   1.1435297153639112E-14
32,4,2,352,   3.5840028604647321E+11,   3.7884756527528772E-19,   1.1435297153639112E-14
32,4,2,353,   3.6688250349164301E+11,   1.0324501006609654E-18,   1.1435297153639112E-14
32,4,2,354,   3.9092435888098560E+11,   1.0037474381409575E-18,   1.1435297153639112E-14
32,4,2,355,   4.0945765211738428E+11,   3.4535583902152242E-19,   1.1435297153639112E-14
32,4,2,356,   4.1838807820982916E+11,   8.1474610534996597E-19,   1.1435297153639112E-14
32,4,2,357,   4.5046859701573065E+11,   8.2143529068582739E-19,   1.1435297153639112E-14
32,4,2,358,   4.6053294124291504E+11,   3.2651663023806480E-19,   1.1435297153639112E-14
32,4,2,359,   4.8931758251045404E+11,   8.2268373454033905E-19,   1.1435297153639112E-14
32,4,2,360,   5.1161750273353693E+11,   3.1415027045720129E-19,   1.1435297153639112E-14
32,4,2,361,   5.3966832074856671E+11,   6.9202951198384255E-19,   1.1435297153639112E-14
32,4,2,362,   5.6271061588312769E+11,   3.9006226394416983E-19,   1.1435297153639112E-14
32,4,2,363,   6.1380934774660229E+11,   3.9347569491019220E-19,   1.1435297153639112E-14
32,4,2,364,   6.2151244593426831E+11,   5.4237832359868196E-19,   1.1435297153639112E-14
32,4,2,365,   6.6491289838710620E+11,   3.7637255591880419E-19,   1.1435297153639112E-14
32,4,2,366,   7.1601968226295142E+11,   3.3813444229059141E-19,   1.1435297153639112E-14
32,4,2,367,   7.6712928393879993E+11,   3.6322673068456212E-19,   1.1435297153639112E-14
32,4,2,368,   8.1824186176343457E+11,   3.2225124224496423E-19,   1.1435297153639112E-14
32,4,2,369,   8.6936217961905383E+11,   3.6751885598864901E-19,   1.1435297153639112E-14
32,4,2,370,   9.2052417565996045E+11,   3.1897365310926870E-19,   1.1435297153639112E-14
32,4,2,371,   9.7190760587265967E+11,   3.1255909155042778E-19,   1.1435297153639112E-14
32,4,2,372,   1.0241708376061238E+12,   3.1526435970756969E-19,   1.1435297153639112E-14
32,4,2,373,   1.0787999199196846E+12,   3.2582178108120162E-19,   1.1435297153639112E-14
32,4,2,374,   1.1377443457718606E+12,   2.8095186976973586E-19,   1.1435297153639112E-14
32,4,2,375,   1.2026069668703513E+12,   2.8724286014320925E-19,   1.1435297153639112E-14
32,4,2,376,   1.2745204924168245E+12,   2.8595367714228341E-19,   1.1435297153639112E-14
32,4,2,377,   1.3545467634040576E+12,   2.6704720464343085E-19,   1.1435297153639112E-14
32,4,2,378,   1.4440286448441978E+12,   2.5433582763763806E-19,   1.1435297153639112E-14
32,4,2,379,   1.5448724392820554E+12,   2.3632937565619140E-19,   1.1435297153639112E-14
32,4,2,380,   1.6599590585595083E+12,   2.3919332323908262E-19,   1.1435297153639112E-14
32,4,2,381,   1.7940238386931528E+12,   2.0082238958975757E-19,   1.1435297153639112E-14
32,4,2,382,   1.9560583937253013E+12,   2.5909340503608710E-19,   1.1435297153639112E-14
32,4,2,383,   2.1689530958934880E+12,   2.4067039642357306E-19,   1.1435297153639112E-14
